[0.084s] DEBUG:colcon:Command line arguments: ['/usr/bin/colcon', 'build']
[0.084s] DEBUG:colcon:Parsed command line arguments: Namespace(log_base=None, log_level=None, verb_name='build', build_base='build', install_base='install', merge_install=False, symlink_install=False, test_result_base=None, continue_on_error=False, executor='parallel', parallel_workers=8, event_handlers=None, ignore_user_meta=False, metas=['./colcon.meta'], base_paths=['.'], packages_ignore=None, packages_ignore_regex=None, paths=None, packages_up_to=None, packages_up_to_regex=None, packages_above=None, packages_above_and_dependencies=None, packages_above_depth=None, packages_select_by_dep=None, packages_skip_by_dep=None, packages_skip_up_to=None, packages_select_build_failed=False, packages_skip_build_finished=False, packages_select_test_failures=False, packages_skip_test_passed=False, packages_select=None, packages_skip=None, packages_select_regex=None, packages_skip_regex=None, packages_start=None, packages_end=None, allow_overriding=[], cmake_args=None, cmake_target=None, cmake_target_skip_unavailable=False, cmake_clean_cache=False, cmake_clean_first=False, cmake_force_configure=False, ament_cmake_args=None, catkin_cmake_args=None, catkin_skip_building_tests=False, mixin_files=None, mixin=None, verb_parser=<colcon_mixin.mixin.mixin_argument.MixinArgumentDecorator object at 0x7ea588648880>, verb_extension=<colcon_core.verb.build.BuildVerb object at 0x7ea588648310>, main=<bound method BuildVerb.main of <colcon_core.verb.build.BuildVerb object at 0x7ea588648310>>, mixin_verb=('build',))
[0.205s] Level 1:colcon.colcon_core.package_discovery:discover_packages(colcon_meta) check parameters
[0.205s] Level 1:colcon.colcon_core.package_discovery:discover_packages(recursive) check parameters
[0.205s] Level 1:colcon.colcon_core.package_discovery:discover_packages(ignore) check parameters
[0.206s] Level 1:colcon.colcon_core.package_discovery:discover_packages(path) check parameters
[0.206s] Level 1:colcon.colcon_core.package_discovery:discover_packages(colcon_meta) discover
[0.206s] Level 1:colcon.colcon_core.package_discovery:discover_packages(recursive) discover
[0.206s] INFO:colcon.colcon_core.package_discovery:Crawling recursively for packages in '/home/rss/robot_harry/robotik'
[0.206s] Level 1:colcon.colcon_core.package_identification:_identify(.) by extensions ['ignore', 'ignore_ament_install']
[0.206s] Level 1:colcon.colcon_core.package_identification:_identify(.) by extension 'ignore'
[0.206s] Level 1:colcon.colcon_core.package_identification:_identify(.) by extension 'ignore_ament_install'
[0.206s] Level 1:colcon.colcon_core.package_identification:_identify(.) by extensions ['colcon_pkg']
[0.206s] Level 1:colcon.colcon_core.package_identification:_identify(.) by extension 'colcon_pkg'
[0.206s] Level 1:colcon.colcon_core.package_identification:_identify(.) by extensions ['colcon_meta']
[0.206s] Level 1:colcon.colcon_core.package_identification:_identify(.) by extension 'colcon_meta'
[0.206s] Level 1:colcon.colcon_core.package_identification:_identify(.) by extensions ['ros']
[0.206s] Level 1:colcon.colcon_core.package_identification:_identify(.) by extension 'ros'
[0.213s] Level 1:colcon.colcon_core.package_identification:_identify(.) by extensions ['cmake', 'python']
[0.213s] Level 1:colcon.colcon_core.package_identification:_identify(.) by extension 'cmake'
[0.213s] Level 1:colcon.colcon_core.package_identification:_identify(.) by extension 'python'
[0.213s] Level 1:colcon.colcon_core.package_identification:_identify(.) by extensions ['python_setup_py']
[0.213s] Level 1:colcon.colcon_core.package_identification:_identify(.) by extension 'python_setup_py'
[0.213s] Level 1:colcon.colcon_core.package_identification:_identify(build) by extensions ['ignore', 'ignore_ament_install']
[0.214s] Level 1:colcon.colcon_core.package_identification:_identify(build) by extension 'ignore'
[0.214s] Level 1:colcon.colcon_core.package_identification:_identify(build) ignored
[0.214s] Level 1:colcon.colcon_core.package_identification:_identify(install) by extensions ['ignore', 'ignore_ament_install']
[0.214s] Level 1:colcon.colcon_core.package_identification:_identify(install) by extension 'ignore'
[0.214s] Level 1:colcon.colcon_core.package_identification:_identify(install) ignored
[0.214s] Level 1:colcon.colcon_core.package_identification:_identify(log) by extensions ['ignore', 'ignore_ament_install']
[0.214s] Level 1:colcon.colcon_core.package_identification:_identify(log) by extension 'ignore'
[0.214s] Level 1:colcon.colcon_core.package_identification:_identify(log) ignored
[0.214s] Level 1:colcon.colcon_core.package_identification:_identify(note) by extensions ['ignore', 'ignore_ament_install']
[0.214s] Level 1:colcon.colcon_core.package_identification:_identify(note) by extension 'ignore'
[0.214s] Level 1:colcon.colcon_core.package_identification:_identify(note) by extension 'ignore_ament_install'
[0.214s] Level 1:colcon.colcon_core.package_identification:_identify(note) by extensions ['colcon_pkg']
[0.215s] Level 1:colcon.colcon_core.package_identification:_identify(note) by extension 'colcon_pkg'
[0.215s] Level 1:colcon.colcon_core.package_identification:_identify(note) by extensions ['colcon_meta']
[0.215s] Level 1:colcon.colcon_core.package_identification:_identify(note) by extension 'colcon_meta'
[0.215s] Level 1:colcon.colcon_core.package_identification:_identify(note) by extensions ['ros']
[0.215s] Level 1:colcon.colcon_core.package_identification:_identify(note) by extension 'ros'
[0.215s] Level 1:colcon.colcon_core.package_identification:_identify(note) by extensions ['cmake', 'python']
[0.215s] Level 1:colcon.colcon_core.package_identification:_identify(note) by extension 'cmake'
[0.215s] Level 1:colcon.colcon_core.package_identification:_identify(note) by extension 'python'
[0.215s] Level 1:colcon.colcon_core.package_identification:_identify(note) by extensions ['python_setup_py']
[0.215s] Level 1:colcon.colcon_core.package_identification:_identify(note) by extension 'python_setup_py'
[0.215s] Level 1:colcon.colcon_core.package_identification:_identify(src) by extensions ['ignore', 'ignore_ament_install']
[0.215s] Level 1:colcon.colcon_core.package_identification:_identify(src) by extension 'ignore'
[0.215s] Level 1:colcon.colcon_core.package_identification:_identify(src) by extension 'ignore_ament_install'
[0.215s] Level 1:colcon.colcon_core.package_identification:_identify(src) by extensions ['colcon_pkg']
[0.215s] Level 1:colcon.colcon_core.package_identification:_identify(src) by extension 'colcon_pkg'
[0.215s] Level 1:colcon.colcon_core.package_identification:_identify(src) by extensions ['colcon_meta']
[0.215s] Level 1:colcon.colcon_core.package_identification:_identify(src) by extension 'colcon_meta'
[0.215s] Level 1:colcon.colcon_core.package_identification:_identify(src) by extensions ['ros']
[0.215s] Level 1:colcon.colcon_core.package_identification:_identify(src) by extension 'ros'
[0.215s] Level 1:colcon.colcon_core.package_identification:_identify(src) by extensions ['cmake', 'python']
[0.215s] Level 1:colcon.colcon_core.package_identification:_identify(src) by extension 'cmake'
[0.215s] Level 1:colcon.colcon_core.package_identification:_identify(src) by extension 'python'
[0.215s] Level 1:colcon.colcon_core.package_identification:_identify(src) by extensions ['python_setup_py']
[0.215s] Level 1:colcon.colcon_core.package_identification:_identify(src) by extension 'python_setup_py'
[0.215s] Level 1:colcon.colcon_core.package_identification:_identify(src/apriltag_msgs) by extensions ['ignore', 'ignore_ament_install']
[0.216s] Level 1:colcon.colcon_core.package_identification:_identify(src/apriltag_msgs) by extension 'ignore'
[0.216s] Level 1:colcon.colcon_core.package_identification:_identify(src/apriltag_msgs) by extension 'ignore_ament_install'
[0.216s] Level 1:colcon.colcon_core.package_identification:_identify(src/apriltag_msgs) by extensions ['colcon_pkg']
[0.216s] Level 1:colcon.colcon_core.package_identification:_identify(src/apriltag_msgs) by extension 'colcon_pkg'
[0.216s] Level 1:colcon.colcon_core.package_identification:_identify(src/apriltag_msgs) by extensions ['colcon_meta']
[0.216s] Level 1:colcon.colcon_core.package_identification:_identify(src/apriltag_msgs) by extension 'colcon_meta'
[0.216s] Level 1:colcon.colcon_core.package_identification:_identify(src/apriltag_msgs) by extensions ['ros']
[0.216s] Level 1:colcon.colcon_core.package_identification:_identify(src/apriltag_msgs) by extension 'ros'
[0.218s] DEBUG:colcon.colcon_core.package_identification:Package 'src/apriltag_msgs' with type 'ros.ament_cmake' and name 'apriltag_msgs'
[0.218s] Level 1:colcon.colcon_core.package_identification:_identify(src/apriltag_ros) by extensions ['ignore', 'ignore_ament_install']
[0.218s] Level 1:colcon.colcon_core.package_identification:_identify(src/apriltag_ros) by extension 'ignore'
[0.218s] Level 1:colcon.colcon_core.package_identification:_identify(src/apriltag_ros) by extension 'ignore_ament_install'
[0.218s] Level 1:colcon.colcon_core.package_identification:_identify(src/apriltag_ros) by extensions ['colcon_pkg']
[0.218s] Level 1:colcon.colcon_core.package_identification:_identify(src/apriltag_ros) by extension 'colcon_pkg'
[0.218s] Level 1:colcon.colcon_core.package_identification:_identify(src/apriltag_ros) by extensions ['colcon_meta']
[0.218s] Level 1:colcon.colcon_core.package_identification:_identify(src/apriltag_ros) by extension 'colcon_meta'
[0.218s] Level 1:colcon.colcon_core.package_identification:_identify(src/apriltag_ros) by extensions ['ros']
[0.218s] Level 1:colcon.colcon_core.package_identification:_identify(src/apriltag_ros) by extension 'ros'
[0.220s] DEBUG:colcon.colcon_core.package_identification:Package 'src/apriltag_ros' with type 'ros.ament_cmake' and name 'apriltag_ros'
[0.220s] Level 1:colcon.colcon_core.package_identification:_identify(src/create3_examples) by extensions ['ignore', 'ignore_ament_install']
[0.220s] Level 1:colcon.colcon_core.package_identification:_identify(src/create3_examples) by extension 'ignore'
[0.220s] Level 1:colcon.colcon_core.package_identification:_identify(src/create3_examples) by extension 'ignore_ament_install'
[0.220s] Level 1:colcon.colcon_core.package_identification:_identify(src/create3_examples) by extensions ['colcon_pkg']
[0.220s] Level 1:colcon.colcon_core.package_identification:_identify(src/create3_examples) by extension 'colcon_pkg'
[0.220s] Level 1:colcon.colcon_core.package_identification:_identify(src/create3_examples) by extensions ['colcon_meta']
[0.220s] Level 1:colcon.colcon_core.package_identification:_identify(src/create3_examples) by extension 'colcon_meta'
[0.220s] Level 1:colcon.colcon_core.package_identification:_identify(src/create3_examples) by extensions ['ros']
[0.220s] Level 1:colcon.colcon_core.package_identification:_identify(src/create3_examples) by extension 'ros'
[0.220s] Level 1:colcon.colcon_core.package_identification:_identify(src/create3_examples) by extensions ['cmake', 'python']
[0.220s] Level 1:colcon.colcon_core.package_identification:_identify(src/create3_examples) by extension 'cmake'
[0.220s] Level 1:colcon.colcon_core.package_identification:_identify(src/create3_examples) by extension 'python'
[0.220s] Level 1:colcon.colcon_core.package_identification:_identify(src/create3_examples) by extensions ['python_setup_py']
[0.220s] Level 1:colcon.colcon_core.package_identification:_identify(src/create3_examples) by extension 'python_setup_py'
[0.221s] Level 1:colcon.colcon_core.package_identification:_identify(src/create3_examples/create3_coverage) by extensions ['ignore', 'ignore_ament_install']
[0.221s] Level 1:colcon.colcon_core.package_identification:_identify(src/create3_examples/create3_coverage) by extension 'ignore'
[0.221s] Level 1:colcon.colcon_core.package_identification:_identify(src/create3_examples/create3_coverage) by extension 'ignore_ament_install'
[0.221s] Level 1:colcon.colcon_core.package_identification:_identify(src/create3_examples/create3_coverage) by extensions ['colcon_pkg']
[0.221s] Level 1:colcon.colcon_core.package_identification:_identify(src/create3_examples/create3_coverage) by extension 'colcon_pkg'
[0.221s] Level 1:colcon.colcon_core.package_identification:_identify(src/create3_examples/create3_coverage) by extensions ['colcon_meta']
[0.221s] Level 1:colcon.colcon_core.package_identification:_identify(src/create3_examples/create3_coverage) by extension 'colcon_meta'
[0.221s] Level 1:colcon.colcon_core.package_identification:_identify(src/create3_examples/create3_coverage) by extensions ['ros']
[0.221s] Level 1:colcon.colcon_core.package_identification:_identify(src/create3_examples/create3_coverage) by extension 'ros'
[0.222s] DEBUG:colcon.colcon_core.package_identification:Package 'src/create3_examples/create3_coverage' with type 'ros.ament_cmake' and name 'create3_coverage'
[0.222s] Level 1:colcon.colcon_core.package_identification:_identify(src/create3_examples/create3_examples_msgs) by extensions ['ignore', 'ignore_ament_install']
[0.222s] Level 1:colcon.colcon_core.package_identification:_identify(src/create3_examples/create3_examples_msgs) by extension 'ignore'
[0.222s] Level 1:colcon.colcon_core.package_identification:_identify(src/create3_examples/create3_examples_msgs) by extension 'ignore_ament_install'
[0.222s] Level 1:colcon.colcon_core.package_identification:_identify(src/create3_examples/create3_examples_msgs) by extensions ['colcon_pkg']
[0.222s] Level 1:colcon.colcon_core.package_identification:_identify(src/create3_examples/create3_examples_msgs) by extension 'colcon_pkg'
[0.222s] Level 1:colcon.colcon_core.package_identification:_identify(src/create3_examples/create3_examples_msgs) by extensions ['colcon_meta']
[0.222s] Level 1:colcon.colcon_core.package_identification:_identify(src/create3_examples/create3_examples_msgs) by extension 'colcon_meta'
[0.222s] Level 1:colcon.colcon_core.package_identification:_identify(src/create3_examples/create3_examples_msgs) by extensions ['ros']
[0.222s] Level 1:colcon.colcon_core.package_identification:_identify(src/create3_examples/create3_examples_msgs) by extension 'ros'
[0.223s] DEBUG:colcon.colcon_core.package_identification:Package 'src/create3_examples/create3_examples_msgs' with type 'ros.ament_cmake' and name 'create3_examples_msgs'
[0.223s] Level 1:colcon.colcon_core.package_identification:_identify(src/create3_examples/create3_examples_py) by extensions ['ignore', 'ignore_ament_install']
[0.223s] Level 1:colcon.colcon_core.package_identification:_identify(src/create3_examples/create3_examples_py) by extension 'ignore'
[0.223s] Level 1:colcon.colcon_core.package_identification:_identify(src/create3_examples/create3_examples_py) by extension 'ignore_ament_install'
[0.223s] Level 1:colcon.colcon_core.package_identification:_identify(src/create3_examples/create3_examples_py) by extensions ['colcon_pkg']
[0.223s] Level 1:colcon.colcon_core.package_identification:_identify(src/create3_examples/create3_examples_py) by extension 'colcon_pkg'
[0.223s] Level 1:colcon.colcon_core.package_identification:_identify(src/create3_examples/create3_examples_py) by extensions ['colcon_meta']
[0.223s] Level 1:colcon.colcon_core.package_identification:_identify(src/create3_examples/create3_examples_py) by extension 'colcon_meta'
[0.223s] Level 1:colcon.colcon_core.package_identification:_identify(src/create3_examples/create3_examples_py) by extensions ['ros']
[0.223s] Level 1:colcon.colcon_core.package_identification:_identify(src/create3_examples/create3_examples_py) by extension 'ros'
[0.224s] DEBUG:colcon.colcon_core.package_identification:Package 'src/create3_examples/create3_examples_py' with type 'ros.ament_python' and name 'create3_examples_py'
[0.224s] Level 1:colcon.colcon_core.package_identification:_identify(src/create3_examples/create3_lidar_slam) by extensions ['ignore', 'ignore_ament_install']
[0.224s] Level 1:colcon.colcon_core.package_identification:_identify(src/create3_examples/create3_lidar_slam) by extension 'ignore'
[0.224s] Level 1:colcon.colcon_core.package_identification:_identify(src/create3_examples/create3_lidar_slam) by extension 'ignore_ament_install'
[0.224s] Level 1:colcon.colcon_core.package_identification:_identify(src/create3_examples/create3_lidar_slam) by extensions ['colcon_pkg']
[0.224s] Level 1:colcon.colcon_core.package_identification:_identify(src/create3_examples/create3_lidar_slam) by extension 'colcon_pkg'
[0.224s] Level 1:colcon.colcon_core.package_identification:_identify(src/create3_examples/create3_lidar_slam) by extensions ['colcon_meta']
[0.224s] Level 1:colcon.colcon_core.package_identification:_identify(src/create3_examples/create3_lidar_slam) by extension 'colcon_meta'
[0.224s] Level 1:colcon.colcon_core.package_identification:_identify(src/create3_examples/create3_lidar_slam) by extensions ['ros']
[0.224s] Level 1:colcon.colcon_core.package_identification:_identify(src/create3_examples/create3_lidar_slam) by extension 'ros'
[0.225s] DEBUG:colcon.colcon_core.package_identification:Package 'src/create3_examples/create3_lidar_slam' with type 'ros.ament_cmake' and name 'create3_lidar_slam'
[0.225s] Level 1:colcon.colcon_core.package_identification:_identify(src/create3_examples/create3_republisher) by extensions ['ignore', 'ignore_ament_install']
[0.225s] Level 1:colcon.colcon_core.package_identification:_identify(src/create3_examples/create3_republisher) by extension 'ignore'
[0.225s] Level 1:colcon.colcon_core.package_identification:_identify(src/create3_examples/create3_republisher) by extension 'ignore_ament_install'
[0.225s] Level 1:colcon.colcon_core.package_identification:_identify(src/create3_examples/create3_republisher) by extensions ['colcon_pkg']
[0.225s] Level 1:colcon.colcon_core.package_identification:_identify(src/create3_examples/create3_republisher) by extension 'colcon_pkg'
[0.225s] Level 1:colcon.colcon_core.package_identification:_identify(src/create3_examples/create3_republisher) by extensions ['colcon_meta']
[0.225s] Level 1:colcon.colcon_core.package_identification:_identify(src/create3_examples/create3_republisher) by extension 'colcon_meta'
[0.225s] Level 1:colcon.colcon_core.package_identification:_identify(src/create3_examples/create3_republisher) by extensions ['ros']
[0.225s] Level 1:colcon.colcon_core.package_identification:_identify(src/create3_examples/create3_republisher) by extension 'ros'
[0.225s] DEBUG:colcon.colcon_core.package_identification:Package 'src/create3_examples/create3_republisher' with type 'ros.ament_cmake' and name 'create3_republisher'
[0.226s] Level 1:colcon.colcon_core.package_identification:_identify(src/create3_examples/create3_teleop) by extensions ['ignore', 'ignore_ament_install']
[0.226s] Level 1:colcon.colcon_core.package_identification:_identify(src/create3_examples/create3_teleop) by extension 'ignore'
[0.226s] Level 1:colcon.colcon_core.package_identification:_identify(src/create3_examples/create3_teleop) by extension 'ignore_ament_install'
[0.226s] Level 1:colcon.colcon_core.package_identification:_identify(src/create3_examples/create3_teleop) by extensions ['colcon_pkg']
[0.226s] Level 1:colcon.colcon_core.package_identification:_identify(src/create3_examples/create3_teleop) by extension 'colcon_pkg'
[0.226s] Level 1:colcon.colcon_core.package_identification:_identify(src/create3_examples/create3_teleop) by extensions ['colcon_meta']
[0.226s] Level 1:colcon.colcon_core.package_identification:_identify(src/create3_examples/create3_teleop) by extension 'colcon_meta'
[0.226s] Level 1:colcon.colcon_core.package_identification:_identify(src/create3_examples/create3_teleop) by extensions ['ros']
[0.226s] Level 1:colcon.colcon_core.package_identification:_identify(src/create3_examples/create3_teleop) by extension 'ros'
[0.226s] DEBUG:colcon.colcon_core.package_identification:Package 'src/create3_examples/create3_teleop' with type 'ros.ament_python' and name 'create3_teleop'
[0.226s] Level 1:colcon.colcon_core.package_identification:_identify(src/my_first_package) by extensions ['ignore', 'ignore_ament_install']
[0.226s] Level 1:colcon.colcon_core.package_identification:_identify(src/my_first_package) by extension 'ignore'
[0.226s] Level 1:colcon.colcon_core.package_identification:_identify(src/my_first_package) by extension 'ignore_ament_install'
[0.226s] Level 1:colcon.colcon_core.package_identification:_identify(src/my_first_package) by extensions ['colcon_pkg']
[0.226s] Level 1:colcon.colcon_core.package_identification:_identify(src/my_first_package) by extension 'colcon_pkg'
[0.226s] Level 1:colcon.colcon_core.package_identification:_identify(src/my_first_package) by extensions ['colcon_meta']
[0.226s] Level 1:colcon.colcon_core.package_identification:_identify(src/my_first_package) by extension 'colcon_meta'
[0.226s] Level 1:colcon.colcon_core.package_identification:_identify(src/my_first_package) by extensions ['ros']
[0.226s] Level 1:colcon.colcon_core.package_identification:_identify(src/my_first_package) by extension 'ros'
[0.226s] Level 1:colcon.colcon_core.package_identification:_identify(src/my_first_package) by extensions ['cmake', 'python']
[0.227s] Level 1:colcon.colcon_core.package_identification:_identify(src/my_first_package) by extension 'cmake'
[0.227s] Level 1:colcon.colcon_core.package_identification:_identify(src/my_first_package) by extension 'python'
[0.227s] Level 1:colcon.colcon_core.package_identification:_identify(src/my_first_package) by extensions ['python_setup_py']
[0.227s] Level 1:colcon.colcon_core.package_identification:_identify(src/my_first_package) by extension 'python_setup_py'
[0.227s] Level 1:colcon.colcon_core.package_identification:_identify(src/my_first_package/my_first_package) by extensions ['ignore', 'ignore_ament_install']
[0.233s] Level 1:colcon.colcon_core.package_identification:_identify(src/my_first_package/my_first_package) by extension 'ignore'
[0.233s] Level 1:colcon.colcon_core.package_identification:_identify(src/my_first_package/my_first_package) by extension 'ignore_ament_install'
[0.233s] Level 1:colcon.colcon_core.package_identification:_identify(src/my_first_package/my_first_package) by extensions ['colcon_pkg']
[0.233s] Level 1:colcon.colcon_core.package_identification:_identify(src/my_first_package/my_first_package) by extension 'colcon_pkg'
[0.233s] Level 1:colcon.colcon_core.package_identification:_identify(src/my_first_package/my_first_package) by extensions ['colcon_meta']
[0.233s] Level 1:colcon.colcon_core.package_identification:_identify(src/my_first_package/my_first_package) by extension 'colcon_meta'
[0.233s] Level 1:colcon.colcon_core.package_identification:_identify(src/my_first_package/my_first_package) by extensions ['ros']
[0.233s] Level 1:colcon.colcon_core.package_identification:_identify(src/my_first_package/my_first_package) by extension 'ros'
[0.233s] Level 1:colcon.colcon_core.package_identification:_identify(src/my_first_package/my_first_package) by extensions ['cmake', 'python']
[0.233s] Level 1:colcon.colcon_core.package_identification:_identify(src/my_first_package/my_first_package) by extension 'cmake'
[0.233s] Level 1:colcon.colcon_core.package_identification:_identify(src/my_first_package/my_first_package) by extension 'python'
[0.233s] Level 1:colcon.colcon_core.package_identification:_identify(src/my_first_package/my_first_package) by extensions ['python_setup_py']
[0.233s] Level 1:colcon.colcon_core.package_identification:_identify(src/my_first_package/my_first_package) by extension 'python_setup_py'
[0.233s] Level 1:colcon.colcon_core.package_identification:_identify(src/my_robot_navigation) by extensions ['ignore', 'ignore_ament_install']
[0.233s] Level 1:colcon.colcon_core.package_identification:_identify(src/my_robot_navigation) by extension 'ignore'
[0.233s] Level 1:colcon.colcon_core.package_identification:_identify(src/my_robot_navigation) by extension 'ignore_ament_install'
[0.233s] Level 1:colcon.colcon_core.package_identification:_identify(src/my_robot_navigation) by extensions ['colcon_pkg']
[0.233s] Level 1:colcon.colcon_core.package_identification:_identify(src/my_robot_navigation) by extension 'colcon_pkg'
[0.233s] Level 1:colcon.colcon_core.package_identification:_identify(src/my_robot_navigation) by extensions ['colcon_meta']
[0.233s] Level 1:colcon.colcon_core.package_identification:_identify(src/my_robot_navigation) by extension 'colcon_meta'
[0.233s] Level 1:colcon.colcon_core.package_identification:_identify(src/my_robot_navigation) by extensions ['ros']
[0.234s] Level 1:colcon.colcon_core.package_identification:_identify(src/my_robot_navigation) by extension 'ros'
[0.234s] DEBUG:colcon.colcon_core.package_identification:Package 'src/my_robot_navigation' with type 'ros.ament_python' and name 'my_robot_navigation'
[0.234s] Level 1:colcon.colcon_core.package_identification:_identify(src/my_robot_slam) by extensions ['ignore', 'ignore_ament_install']
[0.234s] Level 1:colcon.colcon_core.package_identification:_identify(src/my_robot_slam) by extension 'ignore'
[0.234s] Level 1:colcon.colcon_core.package_identification:_identify(src/my_robot_slam) by extension 'ignore_ament_install'
[0.234s] Level 1:colcon.colcon_core.package_identification:_identify(src/my_robot_slam) by extensions ['colcon_pkg']
[0.234s] Level 1:colcon.colcon_core.package_identification:_identify(src/my_robot_slam) by extension 'colcon_pkg'
[0.234s] Level 1:colcon.colcon_core.package_identification:_identify(src/my_robot_slam) by extensions ['colcon_meta']
[0.234s] Level 1:colcon.colcon_core.package_identification:_identify(src/my_robot_slam) by extension 'colcon_meta'
[0.234s] Level 1:colcon.colcon_core.package_identification:_identify(src/my_robot_slam) by extensions ['ros']
[0.234s] Level 1:colcon.colcon_core.package_identification:_identify(src/my_robot_slam) by extension 'ros'
[0.235s] DEBUG:colcon.colcon_core.package_identification:Package 'src/my_robot_slam' with type 'ros.ament_python' and name 'my_robot_slam'
[0.235s] Level 1:colcon.colcon_core.package_identification:_identify(src/object_detection) by extensions ['ignore', 'ignore_ament_install']
[0.235s] Level 1:colcon.colcon_core.package_identification:_identify(src/object_detection) by extension 'ignore'
[0.235s] Level 1:colcon.colcon_core.package_identification:_identify(src/object_detection) by extension 'ignore_ament_install'
[0.235s] Level 1:colcon.colcon_core.package_identification:_identify(src/object_detection) by extensions ['colcon_pkg']
[0.235s] Level 1:colcon.colcon_core.package_identification:_identify(src/object_detection) by extension 'colcon_pkg'
[0.235s] Level 1:colcon.colcon_core.package_identification:_identify(src/object_detection) by extensions ['colcon_meta']
[0.235s] Level 1:colcon.colcon_core.package_identification:_identify(src/object_detection) by extension 'colcon_meta'
[0.235s] Level 1:colcon.colcon_core.package_identification:_identify(src/object_detection) by extensions ['ros']
[0.235s] Level 1:colcon.colcon_core.package_identification:_identify(src/object_detection) by extension 'ros'
[0.235s] DEBUG:colcon.colcon_core.package_identification:Package 'src/object_detection' with type 'ros.ament_python' and name 'object_detection'
[0.235s] Level 1:colcon.colcon_core.package_identification:_identify(src/pub_sub) by extensions ['ignore', 'ignore_ament_install']
[0.235s] Level 1:colcon.colcon_core.package_identification:_identify(src/pub_sub) by extension 'ignore'
[0.236s] Level 1:colcon.colcon_core.package_identification:_identify(src/pub_sub) by extension 'ignore_ament_install'
[0.236s] Level 1:colcon.colcon_core.package_identification:_identify(src/pub_sub) by extensions ['colcon_pkg']
[0.236s] Level 1:colcon.colcon_core.package_identification:_identify(src/pub_sub) by extension 'colcon_pkg'
[0.236s] Level 1:colcon.colcon_core.package_identification:_identify(src/pub_sub) by extensions ['colcon_meta']
[0.236s] Level 1:colcon.colcon_core.package_identification:_identify(src/pub_sub) by extension 'colcon_meta'
[0.236s] Level 1:colcon.colcon_core.package_identification:_identify(src/pub_sub) by extensions ['ros']
[0.236s] Level 1:colcon.colcon_core.package_identification:_identify(src/pub_sub) by extension 'ros'
[0.236s] DEBUG:colcon.colcon_core.package_identification:Package 'src/pub_sub' with type 'ros.ament_python' and name 'pub_sub'
[0.236s] Level 1:colcon.colcon_core.package_identification:_identify(src/robot_bringup) by extensions ['ignore', 'ignore_ament_install']
[0.236s] Level 1:colcon.colcon_core.package_identification:_identify(src/robot_bringup) by extension 'ignore'
[0.236s] Level 1:colcon.colcon_core.package_identification:_identify(src/robot_bringup) by extension 'ignore_ament_install'
[0.236s] Level 1:colcon.colcon_core.package_identification:_identify(src/robot_bringup) by extensions ['colcon_pkg']
[0.236s] Level 1:colcon.colcon_core.package_identification:_identify(src/robot_bringup) by extension 'colcon_pkg'
[0.236s] Level 1:colcon.colcon_core.package_identification:_identify(src/robot_bringup) by extensions ['colcon_meta']
[0.236s] Level 1:colcon.colcon_core.package_identification:_identify(src/robot_bringup) by extension 'colcon_meta'
[0.236s] Level 1:colcon.colcon_core.package_identification:_identify(src/robot_bringup) by extensions ['ros']
[0.236s] Level 1:colcon.colcon_core.package_identification:_identify(src/robot_bringup) by extension 'ros'
[0.237s] DEBUG:colcon.colcon_core.package_identification:Package 'src/robot_bringup' with type 'ros.ament_python' and name 'robot_bringup'
[0.237s] Level 1:colcon.colcon_core.package_identification:_identify(src/rplidar-ros) by extensions ['ignore', 'ignore_ament_install']
[0.237s] Level 1:colcon.colcon_core.package_identification:_identify(src/rplidar-ros) by extension 'ignore'
[0.237s] Level 1:colcon.colcon_core.package_identification:_identify(src/rplidar-ros) by extension 'ignore_ament_install'
[0.237s] Level 1:colcon.colcon_core.package_identification:_identify(src/rplidar-ros) by extensions ['colcon_pkg']
[0.237s] Level 1:colcon.colcon_core.package_identification:_identify(src/rplidar-ros) by extension 'colcon_pkg'
[0.237s] Level 1:colcon.colcon_core.package_identification:_identify(src/rplidar-ros) by extensions ['colcon_meta']
[0.237s] Level 1:colcon.colcon_core.package_identification:_identify(src/rplidar-ros) by extension 'colcon_meta'
[0.237s] Level 1:colcon.colcon_core.package_identification:_identify(src/rplidar-ros) by extensions ['ros']
[0.237s] Level 1:colcon.colcon_core.package_identification:_identify(src/rplidar-ros) by extension 'ros'
[0.237s] DEBUG:colcon.colcon_core.package_identification:Package 'src/rplidar-ros' with type 'ros.ament_cmake' and name 'rplidar_ros'
[0.237s] Level 1:colcon.colcon_core.package_identification:_identify(src/tag_detection) by extensions ['ignore', 'ignore_ament_install']
[0.238s] Level 1:colcon.colcon_core.package_identification:_identify(src/tag_detection) by extension 'ignore'
[0.238s] Level 1:colcon.colcon_core.package_identification:_identify(src/tag_detection) by extension 'ignore_ament_install'
[0.238s] Level 1:colcon.colcon_core.package_identification:_identify(src/tag_detection) by extensions ['colcon_pkg']
[0.238s] Level 1:colcon.colcon_core.package_identification:_identify(src/tag_detection) by extension 'colcon_pkg'
[0.238s] Level 1:colcon.colcon_core.package_identification:_identify(src/tag_detection) by extensions ['colcon_meta']
[0.238s] Level 1:colcon.colcon_core.package_identification:_identify(src/tag_detection) by extension 'colcon_meta'
[0.238s] Level 1:colcon.colcon_core.package_identification:_identify(src/tag_detection) by extensions ['ros']
[0.238s] Level 1:colcon.colcon_core.package_identification:_identify(src/tag_detection) by extension 'ros'
[0.238s] DEBUG:colcon.colcon_core.package_identification:Package 'src/tag_detection' with type 'ros.ament_python' and name 'tag_detection'
[0.238s] Level 1:colcon.colcon_core.package_identification:_identify(src/teleop) by extensions ['ignore', 'ignore_ament_install']
[0.238s] Level 1:colcon.colcon_core.package_identification:_identify(src/teleop) by extension 'ignore'
[0.238s] Level 1:colcon.colcon_core.package_identification:_identify(src/teleop) by extension 'ignore_ament_install'
[0.238s] Level 1:colcon.colcon_core.package_identification:_identify(src/teleop) by extensions ['colcon_pkg']
[0.238s] Level 1:colcon.colcon_core.package_identification:_identify(src/teleop) by extension 'colcon_pkg'
[0.238s] Level 1:colcon.colcon_core.package_identification:_identify(src/teleop) by extensions ['colcon_meta']
[0.238s] Level 1:colcon.colcon_core.package_identification:_identify(src/teleop) by extension 'colcon_meta'
[0.238s] Level 1:colcon.colcon_core.package_identification:_identify(src/teleop) by extensions ['ros']
[0.238s] Level 1:colcon.colcon_core.package_identification:_identify(src/teleop) by extension 'ros'
[0.239s] DEBUG:colcon.colcon_core.package_identification:Package 'src/teleop' with type 'ros.ament_python' and name 'teleop'
[0.239s] Level 1:colcon.colcon_core.package_identification:_identify(src/webcam_bringup) by extensions ['ignore', 'ignore_ament_install']
[0.239s] Level 1:colcon.colcon_core.package_identification:_identify(src/webcam_bringup) by extension 'ignore'
[0.239s] Level 1:colcon.colcon_core.package_identification:_identify(src/webcam_bringup) by extension 'ignore_ament_install'
[0.239s] Level 1:colcon.colcon_core.package_identification:_identify(src/webcam_bringup) by extensions ['colcon_pkg']
[0.239s] Level 1:colcon.colcon_core.package_identification:_identify(src/webcam_bringup) by extension 'colcon_pkg'
[0.239s] Level 1:colcon.colcon_core.package_identification:_identify(src/webcam_bringup) by extensions ['colcon_meta']
[0.239s] Level 1:colcon.colcon_core.package_identification:_identify(src/webcam_bringup) by extension 'colcon_meta'
[0.239s] Level 1:colcon.colcon_core.package_identification:_identify(src/webcam_bringup) by extensions ['ros']
[0.239s] Level 1:colcon.colcon_core.package_identification:_identify(src/webcam_bringup) by extension 'ros'
[0.239s] DEBUG:colcon.colcon_core.package_identification:Package 'src/webcam_bringup' with type 'ros.ament_python' and name 'webcam_bringup'
[0.239s] Level 1:colcon.colcon_core.package_discovery:discover_packages(recursive) using defaults
[0.240s] Level 1:colcon.colcon_core.package_discovery:discover_packages(ignore) discover
[0.240s] Level 1:colcon.colcon_core.package_discovery:discover_packages(ignore) using defaults
[0.240s] Level 1:colcon.colcon_core.package_discovery:discover_packages(path) discover
[0.240s] Level 1:colcon.colcon_core.package_discovery:discover_packages(path) using defaults
[0.257s] Level 1:colcon.colcon_core.package_discovery:discover_packages(prefix_path) check parameters
[0.257s] Level 1:colcon.colcon_core.package_discovery:discover_packages(prefix_path) discover
[0.259s] DEBUG:colcon.colcon_installed_package_information.package_discovery:Found 17 installed packages in /home/rss/robot_harry/robotik/install
[0.260s] DEBUG:colcon.colcon_installed_package_information.package_discovery:Found 346 installed packages in /opt/ros/humble
[0.261s] Level 1:colcon.colcon_core.package_discovery:discover_packages(prefix_path) using defaults
[0.289s] Level 5:colcon.colcon_core.verb:set package 'apriltag_msgs' build argument 'cmake_args' from command line to 'None'
[0.289s] Level 5:colcon.colcon_core.verb:set package 'apriltag_msgs' build argument 'cmake_target' from command line to 'None'
[0.289s] Level 5:colcon.colcon_core.verb:set package 'apriltag_msgs' build argument 'cmake_target_skip_unavailable' from command line to 'False'
[0.289s] Level 5:colcon.colcon_core.verb:set package 'apriltag_msgs' build argument 'cmake_clean_cache' from command line to 'False'
[0.289s] Level 5:colcon.colcon_core.verb:set package 'apriltag_msgs' build argument 'cmake_clean_first' from command line to 'False'
[0.289s] Level 5:colcon.colcon_core.verb:set package 'apriltag_msgs' build argument 'cmake_force_configure' from command line to 'False'
[0.289s] Level 5:colcon.colcon_core.verb:set package 'apriltag_msgs' build argument 'ament_cmake_args' from command line to 'None'
[0.289s] Level 5:colcon.colcon_core.verb:set package 'apriltag_msgs' build argument 'catkin_cmake_args' from command line to 'None'
[0.289s] Level 5:colcon.colcon_core.verb:set package 'apriltag_msgs' build argument 'catkin_skip_building_tests' from command line to 'False'
[0.289s] DEBUG:colcon.colcon_core.verb:Building package 'apriltag_msgs' with the following arguments: {'ament_cmake_args': None, 'build_base': '/home/rss/robot_harry/robotik/build/apriltag_msgs', 'catkin_cmake_args': None, 'catkin_skip_building_tests': False, 'cmake_args': None, 'cmake_clean_cache': False, 'cmake_clean_first': False, 'cmake_force_configure': False, 'cmake_target': None, 'cmake_target_skip_unavailable': False, 'install_base': '/home/rss/robot_harry/robotik/install/apriltag_msgs', 'merge_install': False, 'path': '/home/rss/robot_harry/robotik/src/apriltag_msgs', 'symlink_install': False, 'test_result_base': None}
[0.290s] Level 5:colcon.colcon_core.verb:set package 'create3_examples_msgs' build argument 'cmake_args' from command line to 'None'
[0.290s] Level 5:colcon.colcon_core.verb:set package 'create3_examples_msgs' build argument 'cmake_target' from command line to 'None'
[0.290s] Level 5:colcon.colcon_core.verb:set package 'create3_examples_msgs' build argument 'cmake_target_skip_unavailable' from command line to 'False'
[0.290s] Level 5:colcon.colcon_core.verb:set package 'create3_examples_msgs' build argument 'cmake_clean_cache' from command line to 'False'
[0.290s] Level 5:colcon.colcon_core.verb:set package 'create3_examples_msgs' build argument 'cmake_clean_first' from command line to 'False'
[0.290s] Level 5:colcon.colcon_core.verb:set package 'create3_examples_msgs' build argument 'cmake_force_configure' from command line to 'False'
[0.290s] Level 5:colcon.colcon_core.verb:set package 'create3_examples_msgs' build argument 'ament_cmake_args' from command line to 'None'
[0.290s] Level 5:colcon.colcon_core.verb:set package 'create3_examples_msgs' build argument 'catkin_cmake_args' from command line to 'None'
[0.290s] Level 5:colcon.colcon_core.verb:set package 'create3_examples_msgs' build argument 'catkin_skip_building_tests' from command line to 'False'
[0.290s] DEBUG:colcon.colcon_core.verb:Building package 'create3_examples_msgs' with the following arguments: {'ament_cmake_args': None, 'build_base': '/home/rss/robot_harry/robotik/build/create3_examples_msgs', 'catkin_cmake_args': None, 'catkin_skip_building_tests': False, 'cmake_args': None, 'cmake_clean_cache': False, 'cmake_clean_first': False, 'cmake_force_configure': False, 'cmake_target': None, 'cmake_target_skip_unavailable': False, 'install_base': '/home/rss/robot_harry/robotik/install/create3_examples_msgs', 'merge_install': False, 'path': '/home/rss/robot_harry/robotik/src/create3_examples/create3_examples_msgs', 'symlink_install': False, 'test_result_base': None}
[0.290s] Level 5:colcon.colcon_core.verb:set package 'create3_examples_py' build argument 'cmake_args' from command line to 'None'
[0.290s] Level 5:colcon.colcon_core.verb:set package 'create3_examples_py' build argument 'cmake_target' from command line to 'None'
[0.290s] Level 5:colcon.colcon_core.verb:set package 'create3_examples_py' build argument 'cmake_target_skip_unavailable' from command line to 'False'
[0.290s] Level 5:colcon.colcon_core.verb:set package 'create3_examples_py' build argument 'cmake_clean_cache' from command line to 'False'
[0.290s] Level 5:colcon.colcon_core.verb:set package 'create3_examples_py' build argument 'cmake_clean_first' from command line to 'False'
[0.290s] Level 5:colcon.colcon_core.verb:set package 'create3_examples_py' build argument 'cmake_force_configure' from command line to 'False'
[0.290s] Level 5:colcon.colcon_core.verb:set package 'create3_examples_py' build argument 'ament_cmake_args' from command line to 'None'
[0.290s] Level 5:colcon.colcon_core.verb:set package 'create3_examples_py' build argument 'catkin_cmake_args' from command line to 'None'
[0.290s] Level 5:colcon.colcon_core.verb:set package 'create3_examples_py' build argument 'catkin_skip_building_tests' from command line to 'False'
[0.290s] DEBUG:colcon.colcon_core.verb:Building package 'create3_examples_py' with the following arguments: {'ament_cmake_args': None, 'build_base': '/home/rss/robot_harry/robotik/build/create3_examples_py', 'catkin_cmake_args': None, 'catkin_skip_building_tests': False, 'cmake_args': None, 'cmake_clean_cache': False, 'cmake_clean_first': False, 'cmake_force_configure': False, 'cmake_target': None, 'cmake_target_skip_unavailable': False, 'install_base': '/home/rss/robot_harry/robotik/install/create3_examples_py', 'merge_install': False, 'path': '/home/rss/robot_harry/robotik/src/create3_examples/create3_examples_py', 'symlink_install': False, 'test_result_base': None}
[0.290s] Level 5:colcon.colcon_core.verb:set package 'create3_republisher' build argument 'cmake_args' from command line to 'None'
[0.290s] Level 5:colcon.colcon_core.verb:set package 'create3_republisher' build argument 'cmake_target' from command line to 'None'
[0.290s] Level 5:colcon.colcon_core.verb:set package 'create3_republisher' build argument 'cmake_target_skip_unavailable' from command line to 'False'
[0.290s] Level 5:colcon.colcon_core.verb:set package 'create3_republisher' build argument 'cmake_clean_cache' from command line to 'False'
[0.290s] Level 5:colcon.colcon_core.verb:set package 'create3_republisher' build argument 'cmake_clean_first' from command line to 'False'
[0.290s] Level 5:colcon.colcon_core.verb:set package 'create3_republisher' build argument 'cmake_force_configure' from command line to 'False'
[0.290s] Level 5:colcon.colcon_core.verb:set package 'create3_republisher' build argument 'ament_cmake_args' from command line to 'None'
[0.290s] Level 5:colcon.colcon_core.verb:set package 'create3_republisher' build argument 'catkin_cmake_args' from command line to 'None'
[0.290s] Level 5:colcon.colcon_core.verb:set package 'create3_republisher' build argument 'catkin_skip_building_tests' from command line to 'False'
[0.290s] DEBUG:colcon.colcon_core.verb:Building package 'create3_republisher' with the following arguments: {'ament_cmake_args': None, 'build_base': '/home/rss/robot_harry/robotik/build/create3_republisher', 'catkin_cmake_args': None, 'catkin_skip_building_tests': False, 'cmake_args': None, 'cmake_clean_cache': False, 'cmake_clean_first': False, 'cmake_force_configure': False, 'cmake_target': None, 'cmake_target_skip_unavailable': False, 'install_base': '/home/rss/robot_harry/robotik/install/create3_republisher', 'merge_install': False, 'path': '/home/rss/robot_harry/robotik/src/create3_examples/create3_republisher', 'symlink_install': False, 'test_result_base': None}
[0.291s] Level 5:colcon.colcon_core.verb:set package 'create3_teleop' build argument 'cmake_args' from command line to 'None'
[0.291s] Level 5:colcon.colcon_core.verb:set package 'create3_teleop' build argument 'cmake_target' from command line to 'None'
[0.291s] Level 5:colcon.colcon_core.verb:set package 'create3_teleop' build argument 'cmake_target_skip_unavailable' from command line to 'False'
[0.291s] Level 5:colcon.colcon_core.verb:set package 'create3_teleop' build argument 'cmake_clean_cache' from command line to 'False'
[0.291s] Level 5:colcon.colcon_core.verb:set package 'create3_teleop' build argument 'cmake_clean_first' from command line to 'False'
[0.291s] Level 5:colcon.colcon_core.verb:set package 'create3_teleop' build argument 'cmake_force_configure' from command line to 'False'
[0.291s] Level 5:colcon.colcon_core.verb:set package 'create3_teleop' build argument 'ament_cmake_args' from command line to 'None'
[0.291s] Level 5:colcon.colcon_core.verb:set package 'create3_teleop' build argument 'catkin_cmake_args' from command line to 'None'
[0.291s] Level 5:colcon.colcon_core.verb:set package 'create3_teleop' build argument 'catkin_skip_building_tests' from command line to 'False'
[0.291s] DEBUG:colcon.colcon_core.verb:Building package 'create3_teleop' with the following arguments: {'ament_cmake_args': None, 'build_base': '/home/rss/robot_harry/robotik/build/create3_teleop', 'catkin_cmake_args': None, 'catkin_skip_building_tests': False, 'cmake_args': None, 'cmake_clean_cache': False, 'cmake_clean_first': False, 'cmake_force_configure': False, 'cmake_target': None, 'cmake_target_skip_unavailable': False, 'install_base': '/home/rss/robot_harry/robotik/install/create3_teleop', 'merge_install': False, 'path': '/home/rss/robot_harry/robotik/src/create3_examples/create3_teleop', 'symlink_install': False, 'test_result_base': None}
[0.291s] Level 5:colcon.colcon_core.verb:set package 'my_robot_navigation' build argument 'cmake_args' from command line to 'None'
[0.291s] Level 5:colcon.colcon_core.verb:set package 'my_robot_navigation' build argument 'cmake_target' from command line to 'None'
[0.291s] Level 5:colcon.colcon_core.verb:set package 'my_robot_navigation' build argument 'cmake_target_skip_unavailable' from command line to 'False'
[0.291s] Level 5:colcon.colcon_core.verb:set package 'my_robot_navigation' build argument 'cmake_clean_cache' from command line to 'False'
[0.291s] Level 5:colcon.colcon_core.verb:set package 'my_robot_navigation' build argument 'cmake_clean_first' from command line to 'False'
[0.291s] Level 5:colcon.colcon_core.verb:set package 'my_robot_navigation' build argument 'cmake_force_configure' from command line to 'False'
[0.291s] Level 5:colcon.colcon_core.verb:set package 'my_robot_navigation' build argument 'ament_cmake_args' from command line to 'None'
[0.291s] Level 5:colcon.colcon_core.verb:set package 'my_robot_navigation' build argument 'catkin_cmake_args' from command line to 'None'
[0.291s] Level 5:colcon.colcon_core.verb:set package 'my_robot_navigation' build argument 'catkin_skip_building_tests' from command line to 'False'
[0.291s] DEBUG:colcon.colcon_core.verb:Building package 'my_robot_navigation' with the following arguments: {'ament_cmake_args': None, 'build_base': '/home/rss/robot_harry/robotik/build/my_robot_navigation', 'catkin_cmake_args': None, 'catkin_skip_building_tests': False, 'cmake_args': None, 'cmake_clean_cache': False, 'cmake_clean_first': False, 'cmake_force_configure': False, 'cmake_target': None, 'cmake_target_skip_unavailable': False, 'install_base': '/home/rss/robot_harry/robotik/install/my_robot_navigation', 'merge_install': False, 'path': '/home/rss/robot_harry/robotik/src/my_robot_navigation', 'symlink_install': False, 'test_result_base': None}
[0.291s] Level 5:colcon.colcon_core.verb:set package 'my_robot_slam' build argument 'cmake_args' from command line to 'None'
[0.291s] Level 5:colcon.colcon_core.verb:set package 'my_robot_slam' build argument 'cmake_target' from command line to 'None'
[0.291s] Level 5:colcon.colcon_core.verb:set package 'my_robot_slam' build argument 'cmake_target_skip_unavailable' from command line to 'False'
[0.291s] Level 5:colcon.colcon_core.verb:set package 'my_robot_slam' build argument 'cmake_clean_cache' from command line to 'False'
[0.291s] Level 5:colcon.colcon_core.verb:set package 'my_robot_slam' build argument 'cmake_clean_first' from command line to 'False'
[0.291s] Level 5:colcon.colcon_core.verb:set package 'my_robot_slam' build argument 'cmake_force_configure' from command line to 'False'
[0.291s] Level 5:colcon.colcon_core.verb:set package 'my_robot_slam' build argument 'ament_cmake_args' from command line to 'None'
[0.291s] Level 5:colcon.colcon_core.verb:set package 'my_robot_slam' build argument 'catkin_cmake_args' from command line to 'None'
[0.291s] Level 5:colcon.colcon_core.verb:set package 'my_robot_slam' build argument 'catkin_skip_building_tests' from command line to 'False'
[0.291s] DEBUG:colcon.colcon_core.verb:Building package 'my_robot_slam' with the following arguments: {'ament_cmake_args': None, 'build_base': '/home/rss/robot_harry/robotik/build/my_robot_slam', 'catkin_cmake_args': None, 'catkin_skip_building_tests': False, 'cmake_args': None, 'cmake_clean_cache': False, 'cmake_clean_first': False, 'cmake_force_configure': False, 'cmake_target': None, 'cmake_target_skip_unavailable': False, 'install_base': '/home/rss/robot_harry/robotik/install/my_robot_slam', 'merge_install': False, 'path': '/home/rss/robot_harry/robotik/src/my_robot_slam', 'symlink_install': False, 'test_result_base': None}
[0.291s] Level 5:colcon.colcon_core.verb:set package 'object_detection' build argument 'cmake_args' from command line to 'None'
[0.292s] Level 5:colcon.colcon_core.verb:set package 'object_detection' build argument 'cmake_target' from command line to 'None'
[0.292s] Level 5:colcon.colcon_core.verb:set package 'object_detection' build argument 'cmake_target_skip_unavailable' from command line to 'False'
[0.292s] Level 5:colcon.colcon_core.verb:set package 'object_detection' build argument 'cmake_clean_cache' from command line to 'False'
[0.292s] Level 5:colcon.colcon_core.verb:set package 'object_detection' build argument 'cmake_clean_first' from command line to 'False'
[0.292s] Level 5:colcon.colcon_core.verb:set package 'object_detection' build argument 'cmake_force_configure' from command line to 'False'
[0.292s] Level 5:colcon.colcon_core.verb:set package 'object_detection' build argument 'ament_cmake_args' from command line to 'None'
[0.292s] Level 5:colcon.colcon_core.verb:set package 'object_detection' build argument 'catkin_cmake_args' from command line to 'None'
[0.292s] Level 5:colcon.colcon_core.verb:set package 'object_detection' build argument 'catkin_skip_building_tests' from command line to 'False'
[0.292s] DEBUG:colcon.colcon_core.verb:Building package 'object_detection' with the following arguments: {'ament_cmake_args': None, 'build_base': '/home/rss/robot_harry/robotik/build/object_detection', 'catkin_cmake_args': None, 'catkin_skip_building_tests': False, 'cmake_args': None, 'cmake_clean_cache': False, 'cmake_clean_first': False, 'cmake_force_configure': False, 'cmake_target': None, 'cmake_target_skip_unavailable': False, 'install_base': '/home/rss/robot_harry/robotik/install/object_detection', 'merge_install': False, 'path': '/home/rss/robot_harry/robotik/src/object_detection', 'symlink_install': False, 'test_result_base': None}
[0.292s] Level 5:colcon.colcon_core.verb:set package 'pub_sub' build argument 'cmake_args' from command line to 'None'
[0.292s] Level 5:colcon.colcon_core.verb:set package 'pub_sub' build argument 'cmake_target' from command line to 'None'
[0.292s] Level 5:colcon.colcon_core.verb:set package 'pub_sub' build argument 'cmake_target_skip_unavailable' from command line to 'False'
[0.292s] Level 5:colcon.colcon_core.verb:set package 'pub_sub' build argument 'cmake_clean_cache' from command line to 'False'
[0.292s] Level 5:colcon.colcon_core.verb:set package 'pub_sub' build argument 'cmake_clean_first' from command line to 'False'
[0.292s] Level 5:colcon.colcon_core.verb:set package 'pub_sub' build argument 'cmake_force_configure' from command line to 'False'
[0.292s] Level 5:colcon.colcon_core.verb:set package 'pub_sub' build argument 'ament_cmake_args' from command line to 'None'
[0.292s] Level 5:colcon.colcon_core.verb:set package 'pub_sub' build argument 'catkin_cmake_args' from command line to 'None'
[0.292s] Level 5:colcon.colcon_core.verb:set package 'pub_sub' build argument 'catkin_skip_building_tests' from command line to 'False'
[0.292s] DEBUG:colcon.colcon_core.verb:Building package 'pub_sub' with the following arguments: {'ament_cmake_args': None, 'build_base': '/home/rss/robot_harry/robotik/build/pub_sub', 'catkin_cmake_args': None, 'catkin_skip_building_tests': False, 'cmake_args': None, 'cmake_clean_cache': False, 'cmake_clean_first': False, 'cmake_force_configure': False, 'cmake_target': None, 'cmake_target_skip_unavailable': False, 'install_base': '/home/rss/robot_harry/robotik/install/pub_sub', 'merge_install': False, 'path': '/home/rss/robot_harry/robotik/src/pub_sub', 'symlink_install': False, 'test_result_base': None}
[0.292s] Level 5:colcon.colcon_core.verb:set package 'robot_bringup' build argument 'cmake_args' from command line to 'None'
[0.292s] Level 5:colcon.colcon_core.verb:set package 'robot_bringup' build argument 'cmake_target' from command line to 'None'
[0.292s] Level 5:colcon.colcon_core.verb:set package 'robot_bringup' build argument 'cmake_target_skip_unavailable' from command line to 'False'
[0.292s] Level 5:colcon.colcon_core.verb:set package 'robot_bringup' build argument 'cmake_clean_cache' from command line to 'False'
[0.292s] Level 5:colcon.colcon_core.verb:set package 'robot_bringup' build argument 'cmake_clean_first' from command line to 'False'
[0.292s] Level 5:colcon.colcon_core.verb:set package 'robot_bringup' build argument 'cmake_force_configure' from command line to 'False'
[0.292s] Level 5:colcon.colcon_core.verb:set package 'robot_bringup' build argument 'ament_cmake_args' from command line to 'None'
[0.292s] Level 5:colcon.colcon_core.verb:set package 'robot_bringup' build argument 'catkin_cmake_args' from command line to 'None'
[0.292s] Level 5:colcon.colcon_core.verb:set package 'robot_bringup' build argument 'catkin_skip_building_tests' from command line to 'False'
[0.292s] DEBUG:colcon.colcon_core.verb:Building package 'robot_bringup' with the following arguments: {'ament_cmake_args': None, 'build_base': '/home/rss/robot_harry/robotik/build/robot_bringup', 'catkin_cmake_args': None, 'catkin_skip_building_tests': False, 'cmake_args': None, 'cmake_clean_cache': False, 'cmake_clean_first': False, 'cmake_force_configure': False, 'cmake_target': None, 'cmake_target_skip_unavailable': False, 'install_base': '/home/rss/robot_harry/robotik/install/robot_bringup', 'merge_install': False, 'path': '/home/rss/robot_harry/robotik/src/robot_bringup', 'symlink_install': False, 'test_result_base': None}
[0.292s] Level 5:colcon.colcon_core.verb:set package 'rplidar_ros' build argument 'cmake_args' from command line to 'None'
[0.292s] Level 5:colcon.colcon_core.verb:set package 'rplidar_ros' build argument 'cmake_target' from command line to 'None'
[0.292s] Level 5:colcon.colcon_core.verb:set package 'rplidar_ros' build argument 'cmake_target_skip_unavailable' from command line to 'False'
[0.292s] Level 5:colcon.colcon_core.verb:set package 'rplidar_ros' build argument 'cmake_clean_cache' from command line to 'False'
[0.293s] Level 5:colcon.colcon_core.verb:set package 'rplidar_ros' build argument 'cmake_clean_first' from command line to 'False'
[0.293s] Level 5:colcon.colcon_core.verb:set package 'rplidar_ros' build argument 'cmake_force_configure' from command line to 'False'
[0.293s] Level 5:colcon.colcon_core.verb:set package 'rplidar_ros' build argument 'ament_cmake_args' from command line to 'None'
[0.293s] Level 5:colcon.colcon_core.verb:set package 'rplidar_ros' build argument 'catkin_cmake_args' from command line to 'None'
[0.293s] Level 5:colcon.colcon_core.verb:set package 'rplidar_ros' build argument 'catkin_skip_building_tests' from command line to 'False'
[0.293s] DEBUG:colcon.colcon_core.verb:Building package 'rplidar_ros' with the following arguments: {'ament_cmake_args': None, 'build_base': '/home/rss/robot_harry/robotik/build/rplidar_ros', 'catkin_cmake_args': None, 'catkin_skip_building_tests': False, 'cmake_args': None, 'cmake_clean_cache': False, 'cmake_clean_first': False, 'cmake_force_configure': False, 'cmake_target': None, 'cmake_target_skip_unavailable': False, 'install_base': '/home/rss/robot_harry/robotik/install/rplidar_ros', 'merge_install': False, 'path': '/home/rss/robot_harry/robotik/src/rplidar-ros', 'symlink_install': False, 'test_result_base': None}
[0.293s] Level 5:colcon.colcon_core.verb:set package 'tag_detection' build argument 'cmake_args' from command line to 'None'
[0.293s] Level 5:colcon.colcon_core.verb:set package 'tag_detection' build argument 'cmake_target' from command line to 'None'
[0.293s] Level 5:colcon.colcon_core.verb:set package 'tag_detection' build argument 'cmake_target_skip_unavailable' from command line to 'False'
[0.293s] Level 5:colcon.colcon_core.verb:set package 'tag_detection' build argument 'cmake_clean_cache' from command line to 'False'
[0.293s] Level 5:colcon.colcon_core.verb:set package 'tag_detection' build argument 'cmake_clean_first' from command line to 'False'
[0.293s] Level 5:colcon.colcon_core.verb:set package 'tag_detection' build argument 'cmake_force_configure' from command line to 'False'
[0.293s] Level 5:colcon.colcon_core.verb:set package 'tag_detection' build argument 'ament_cmake_args' from command line to 'None'
[0.293s] Level 5:colcon.colcon_core.verb:set package 'tag_detection' build argument 'catkin_cmake_args' from command line to 'None'
[0.293s] Level 5:colcon.colcon_core.verb:set package 'tag_detection' build argument 'catkin_skip_building_tests' from command line to 'False'
[0.293s] DEBUG:colcon.colcon_core.verb:Building package 'tag_detection' with the following arguments: {'ament_cmake_args': None, 'build_base': '/home/rss/robot_harry/robotik/build/tag_detection', 'catkin_cmake_args': None, 'catkin_skip_building_tests': False, 'cmake_args': None, 'cmake_clean_cache': False, 'cmake_clean_first': False, 'cmake_force_configure': False, 'cmake_target': None, 'cmake_target_skip_unavailable': False, 'install_base': '/home/rss/robot_harry/robotik/install/tag_detection', 'merge_install': False, 'path': '/home/rss/robot_harry/robotik/src/tag_detection', 'symlink_install': False, 'test_result_base': None}
[0.293s] Level 5:colcon.colcon_core.verb:set package 'teleop' build argument 'cmake_args' from command line to 'None'
[0.293s] Level 5:colcon.colcon_core.verb:set package 'teleop' build argument 'cmake_target' from command line to 'None'
[0.293s] Level 5:colcon.colcon_core.verb:set package 'teleop' build argument 'cmake_target_skip_unavailable' from command line to 'False'
[0.293s] Level 5:colcon.colcon_core.verb:set package 'teleop' build argument 'cmake_clean_cache' from command line to 'False'
[0.293s] Level 5:colcon.colcon_core.verb:set package 'teleop' build argument 'cmake_clean_first' from command line to 'False'
[0.293s] Level 5:colcon.colcon_core.verb:set package 'teleop' build argument 'cmake_force_configure' from command line to 'False'
[0.293s] Level 5:colcon.colcon_core.verb:set package 'teleop' build argument 'ament_cmake_args' from command line to 'None'
[0.293s] Level 5:colcon.colcon_core.verb:set package 'teleop' build argument 'catkin_cmake_args' from command line to 'None'
[0.293s] Level 5:colcon.colcon_core.verb:set package 'teleop' build argument 'catkin_skip_building_tests' from command line to 'False'
[0.293s] DEBUG:colcon.colcon_core.verb:Building package 'teleop' with the following arguments: {'ament_cmake_args': None, 'build_base': '/home/rss/robot_harry/robotik/build/teleop', 'catkin_cmake_args': None, 'catkin_skip_building_tests': False, 'cmake_args': None, 'cmake_clean_cache': False, 'cmake_clean_first': False, 'cmake_force_configure': False, 'cmake_target': None, 'cmake_target_skip_unavailable': False, 'install_base': '/home/rss/robot_harry/robotik/install/teleop', 'merge_install': False, 'path': '/home/rss/robot_harry/robotik/src/teleop', 'symlink_install': False, 'test_result_base': None}
[0.293s] Level 5:colcon.colcon_core.verb:set package 'webcam_bringup' build argument 'cmake_args' from command line to 'None'
[0.293s] Level 5:colcon.colcon_core.verb:set package 'webcam_bringup' build argument 'cmake_target' from command line to 'None'
[0.293s] Level 5:colcon.colcon_core.verb:set package 'webcam_bringup' build argument 'cmake_target_skip_unavailable' from command line to 'False'
[0.293s] Level 5:colcon.colcon_core.verb:set package 'webcam_bringup' build argument 'cmake_clean_cache' from command line to 'False'
[0.293s] Level 5:colcon.colcon_core.verb:set package 'webcam_bringup' build argument 'cmake_clean_first' from command line to 'False'
[0.293s] Level 5:colcon.colcon_core.verb:set package 'webcam_bringup' build argument 'cmake_force_configure' from command line to 'False'
[0.293s] Level 5:colcon.colcon_core.verb:set package 'webcam_bringup' build argument 'ament_cmake_args' from command line to 'None'
[0.293s] Level 5:colcon.colcon_core.verb:set package 'webcam_bringup' build argument 'catkin_cmake_args' from command line to 'None'
[0.294s] Level 5:colcon.colcon_core.verb:set package 'webcam_bringup' build argument 'catkin_skip_building_tests' from command line to 'False'
[0.294s] DEBUG:colcon.colcon_core.verb:Building package 'webcam_bringup' with the following arguments: {'ament_cmake_args': None, 'build_base': '/home/rss/robot_harry/robotik/build/webcam_bringup', 'catkin_cmake_args': None, 'catkin_skip_building_tests': False, 'cmake_args': None, 'cmake_clean_cache': False, 'cmake_clean_first': False, 'cmake_force_configure': False, 'cmake_target': None, 'cmake_target_skip_unavailable': False, 'install_base': '/home/rss/robot_harry/robotik/install/webcam_bringup', 'merge_install': False, 'path': '/home/rss/robot_harry/robotik/src/webcam_bringup', 'symlink_install': False, 'test_result_base': None}
[0.294s] Level 5:colcon.colcon_core.verb:set package 'apriltag_ros' build argument 'cmake_args' from command line to 'None'
[0.294s] Level 5:colcon.colcon_core.verb:set package 'apriltag_ros' build argument 'cmake_target' from command line to 'None'
[0.294s] Level 5:colcon.colcon_core.verb:set package 'apriltag_ros' build argument 'cmake_target_skip_unavailable' from command line to 'False'
[0.294s] Level 5:colcon.colcon_core.verb:set package 'apriltag_ros' build argument 'cmake_clean_cache' from command line to 'False'
[0.294s] Level 5:colcon.colcon_core.verb:set package 'apriltag_ros' build argument 'cmake_clean_first' from command line to 'False'
[0.294s] Level 5:colcon.colcon_core.verb:set package 'apriltag_ros' build argument 'cmake_force_configure' from command line to 'False'
[0.294s] Level 5:colcon.colcon_core.verb:set package 'apriltag_ros' build argument 'ament_cmake_args' from command line to 'None'
[0.294s] Level 5:colcon.colcon_core.verb:set package 'apriltag_ros' build argument 'catkin_cmake_args' from command line to 'None'
[0.294s] Level 5:colcon.colcon_core.verb:set package 'apriltag_ros' build argument 'catkin_skip_building_tests' from command line to 'False'
[0.294s] DEBUG:colcon.colcon_core.verb:Building package 'apriltag_ros' with the following arguments: {'ament_cmake_args': None, 'build_base': '/home/rss/robot_harry/robotik/build/apriltag_ros', 'catkin_cmake_args': None, 'catkin_skip_building_tests': False, 'cmake_args': None, 'cmake_clean_cache': False, 'cmake_clean_first': False, 'cmake_force_configure': False, 'cmake_target': None, 'cmake_target_skip_unavailable': False, 'install_base': '/home/rss/robot_harry/robotik/install/apriltag_ros', 'merge_install': False, 'path': '/home/rss/robot_harry/robotik/src/apriltag_ros', 'symlink_install': False, 'test_result_base': None}
[0.294s] Level 5:colcon.colcon_core.verb:set package 'create3_coverage' build argument 'cmake_args' from command line to 'None'
[0.294s] Level 5:colcon.colcon_core.verb:set package 'create3_coverage' build argument 'cmake_target' from command line to 'None'
[0.294s] Level 5:colcon.colcon_core.verb:set package 'create3_coverage' build argument 'cmake_target_skip_unavailable' from command line to 'False'
[0.294s] Level 5:colcon.colcon_core.verb:set package 'create3_coverage' build argument 'cmake_clean_cache' from command line to 'False'
[0.294s] Level 5:colcon.colcon_core.verb:set package 'create3_coverage' build argument 'cmake_clean_first' from command line to 'False'
[0.294s] Level 5:colcon.colcon_core.verb:set package 'create3_coverage' build argument 'cmake_force_configure' from command line to 'False'
[0.294s] Level 5:colcon.colcon_core.verb:set package 'create3_coverage' build argument 'ament_cmake_args' from command line to 'None'
[0.294s] Level 5:colcon.colcon_core.verb:set package 'create3_coverage' build argument 'catkin_cmake_args' from command line to 'None'
[0.294s] Level 5:colcon.colcon_core.verb:set package 'create3_coverage' build argument 'catkin_skip_building_tests' from command line to 'False'
[0.294s] DEBUG:colcon.colcon_core.verb:Building package 'create3_coverage' with the following arguments: {'ament_cmake_args': None, 'build_base': '/home/rss/robot_harry/robotik/build/create3_coverage', 'catkin_cmake_args': None, 'catkin_skip_building_tests': False, 'cmake_args': None, 'cmake_clean_cache': False, 'cmake_clean_first': False, 'cmake_force_configure': False, 'cmake_target': None, 'cmake_target_skip_unavailable': False, 'install_base': '/home/rss/robot_harry/robotik/install/create3_coverage', 'merge_install': False, 'path': '/home/rss/robot_harry/robotik/src/create3_examples/create3_coverage', 'symlink_install': False, 'test_result_base': None}
[0.294s] Level 5:colcon.colcon_core.verb:set package 'create3_lidar_slam' build argument 'cmake_args' from command line to 'None'
[0.294s] Level 5:colcon.colcon_core.verb:set package 'create3_lidar_slam' build argument 'cmake_target' from command line to 'None'
[0.294s] Level 5:colcon.colcon_core.verb:set package 'create3_lidar_slam' build argument 'cmake_target_skip_unavailable' from command line to 'False'
[0.294s] Level 5:colcon.colcon_core.verb:set package 'create3_lidar_slam' build argument 'cmake_clean_cache' from command line to 'False'
[0.294s] Level 5:colcon.colcon_core.verb:set package 'create3_lidar_slam' build argument 'cmake_clean_first' from command line to 'False'
[0.294s] Level 5:colcon.colcon_core.verb:set package 'create3_lidar_slam' build argument 'cmake_force_configure' from command line to 'False'
[0.294s] Level 5:colcon.colcon_core.verb:set package 'create3_lidar_slam' build argument 'ament_cmake_args' from command line to 'None'
[0.294s] Level 5:colcon.colcon_core.verb:set package 'create3_lidar_slam' build argument 'catkin_cmake_args' from command line to 'None'
[0.294s] Level 5:colcon.colcon_core.verb:set package 'create3_lidar_slam' build argument 'catkin_skip_building_tests' from command line to 'False'
[0.294s] DEBUG:colcon.colcon_core.verb:Building package 'create3_lidar_slam' with the following arguments: {'ament_cmake_args': None, 'build_base': '/home/rss/robot_harry/robotik/build/create3_lidar_slam', 'catkin_cmake_args': None, 'catkin_skip_building_tests': False, 'cmake_args': None, 'cmake_clean_cache': False, 'cmake_clean_first': False, 'cmake_force_configure': False, 'cmake_target': None, 'cmake_target_skip_unavailable': False, 'install_base': '/home/rss/robot_harry/robotik/install/create3_lidar_slam', 'merge_install': False, 'path': '/home/rss/robot_harry/robotik/src/create3_examples/create3_lidar_slam', 'symlink_install': False, 'test_result_base': None}
[0.295s] INFO:colcon.colcon_core.executor:Executing jobs using 'parallel' executor
[0.296s] DEBUG:colcon.colcon_parallel_executor.executor.parallel:run_until_complete
[0.296s] INFO:colcon.colcon_ros.task.ament_cmake.build:Building ROS package in '/home/rss/robot_harry/robotik/src/apriltag_msgs' with build type 'ament_cmake'
[0.296s] INFO:colcon.colcon_cmake.task.cmake.build:Building CMake package in '/home/rss/robot_harry/robotik/src/apriltag_msgs'
[0.301s] INFO:colcon.colcon_core.plugin_system:Skipping extension 'colcon_core.shell.bat': Not used on non-Windows systems
[0.301s] INFO:colcon.colcon_core.shell:Skip shell extension 'powershell' for command environment: Not usable outside of PowerShell
[0.301s] DEBUG:colcon.colcon_core.shell:Skip shell extension 'dsv' for command environment
[0.303s] INFO:colcon.colcon_ros.task.ament_cmake.build:Building ROS package in '/home/rss/robot_harry/robotik/src/create3_examples/create3_examples_msgs' with build type 'ament_cmake'
[0.304s] INFO:colcon.colcon_cmake.task.cmake.build:Building CMake package in '/home/rss/robot_harry/robotik/src/create3_examples/create3_examples_msgs'
[0.304s] INFO:colcon.colcon_core.shell:Skip shell extension 'powershell' for command environment: Not usable outside of PowerShell
[0.304s] DEBUG:colcon.colcon_core.shell:Skip shell extension 'dsv' for command environment
[0.306s] INFO:colcon.colcon_ros.task.ament_cmake.build:Building ROS package in '/home/rss/robot_harry/robotik/src/rplidar-ros' with build type 'ament_cmake'
[0.306s] INFO:colcon.colcon_cmake.task.cmake.build:Building CMake package in '/home/rss/robot_harry/robotik/src/rplidar-ros'
[0.306s] INFO:colcon.colcon_core.shell:Skip shell extension 'powershell' for command environment: Not usable outside of PowerShell
[0.306s] DEBUG:colcon.colcon_core.shell:Skip shell extension 'dsv' for command environment
[0.309s] INFO:colcon.colcon_ros.task.ament_python.build:Building ROS package in '/home/rss/robot_harry/robotik/src/create3_examples/create3_examples_py' with build type 'ament_python'
[0.309s] Level 1:colcon.colcon_core.shell:create_environment_hook('create3_examples_py', 'ament_prefix_path')
[0.309s] INFO:colcon.colcon_core.shell:Creating environment hook '/home/rss/robot_harry/robotik/install/create3_examples_py/share/create3_examples_py/hook/ament_prefix_path.ps1'
[0.310s] INFO:colcon.colcon_core.shell:Creating environment descriptor '/home/rss/robot_harry/robotik/install/create3_examples_py/share/create3_examples_py/hook/ament_prefix_path.dsv'
[0.310s] INFO:colcon.colcon_core.shell:Creating environment hook '/home/rss/robot_harry/robotik/install/create3_examples_py/share/create3_examples_py/hook/ament_prefix_path.sh'
[0.311s] INFO:colcon.colcon_core.shell:Skip shell extension 'powershell' for command environment: Not usable outside of PowerShell
[0.311s] DEBUG:colcon.colcon_core.shell:Skip shell extension 'dsv' for command environment
[0.313s] INFO:colcon.colcon_ros.task.ament_cmake.build:Building ROS package in '/home/rss/robot_harry/robotik/src/create3_examples/create3_republisher' with build type 'ament_cmake'
[0.313s] INFO:colcon.colcon_cmake.task.cmake.build:Building CMake package in '/home/rss/robot_harry/robotik/src/create3_examples/create3_republisher'
[0.314s] INFO:colcon.colcon_core.shell:Skip shell extension 'powershell' for command environment: Not usable outside of PowerShell
[0.314s] DEBUG:colcon.colcon_core.shell:Skip shell extension 'dsv' for command environment
[0.316s] INFO:colcon.colcon_ros.task.ament_python.build:Building ROS package in '/home/rss/robot_harry/robotik/src/create3_examples/create3_teleop' with build type 'ament_python'
[0.316s] Level 1:colcon.colcon_core.shell:create_environment_hook('create3_teleop', 'ament_prefix_path')
[0.317s] INFO:colcon.colcon_core.shell:Creating environment hook '/home/rss/robot_harry/robotik/install/create3_teleop/share/create3_teleop/hook/ament_prefix_path.ps1'
[0.317s] INFO:colcon.colcon_core.shell:Creating environment descriptor '/home/rss/robot_harry/robotik/install/create3_teleop/share/create3_teleop/hook/ament_prefix_path.dsv'
[0.317s] INFO:colcon.colcon_core.shell:Creating environment hook '/home/rss/robot_harry/robotik/install/create3_teleop/share/create3_teleop/hook/ament_prefix_path.sh'
[0.317s] INFO:colcon.colcon_core.shell:Skip shell extension 'powershell' for command environment: Not usable outside of PowerShell
[0.317s] DEBUG:colcon.colcon_core.shell:Skip shell extension 'dsv' for command environment
[0.320s] INFO:colcon.colcon_ros.task.ament_python.build:Building ROS package in '/home/rss/robot_harry/robotik/src/my_robot_navigation' with build type 'ament_python'
[0.320s] Level 1:colcon.colcon_core.shell:create_environment_hook('my_robot_navigation', 'ament_prefix_path')
[0.321s] INFO:colcon.colcon_core.shell:Creating environment hook '/home/rss/robot_harry/robotik/install/my_robot_navigation/share/my_robot_navigation/hook/ament_prefix_path.ps1'
[0.321s] INFO:colcon.colcon_core.shell:Creating environment descriptor '/home/rss/robot_harry/robotik/install/my_robot_navigation/share/my_robot_navigation/hook/ament_prefix_path.dsv'
[0.321s] INFO:colcon.colcon_core.shell:Creating environment hook '/home/rss/robot_harry/robotik/install/my_robot_navigation/share/my_robot_navigation/hook/ament_prefix_path.sh'
[0.321s] INFO:colcon.colcon_core.shell:Skip shell extension 'powershell' for command environment: Not usable outside of PowerShell
[0.321s] DEBUG:colcon.colcon_core.shell:Skip shell extension 'dsv' for command environment
[0.324s] INFO:colcon.colcon_ros.task.ament_python.build:Building ROS package in '/home/rss/robot_harry/robotik/src/my_robot_slam' with build type 'ament_python'
[0.324s] Level 1:colcon.colcon_core.shell:create_environment_hook('my_robot_slam', 'ament_prefix_path')
[0.325s] INFO:colcon.colcon_core.shell:Creating environment hook '/home/rss/robot_harry/robotik/install/my_robot_slam/share/my_robot_slam/hook/ament_prefix_path.ps1'
[0.325s] INFO:colcon.colcon_core.shell:Creating environment descriptor '/home/rss/robot_harry/robotik/install/my_robot_slam/share/my_robot_slam/hook/ament_prefix_path.dsv'
[0.325s] INFO:colcon.colcon_core.shell:Creating environment hook '/home/rss/robot_harry/robotik/install/my_robot_slam/share/my_robot_slam/hook/ament_prefix_path.sh'
[0.326s] INFO:colcon.colcon_core.shell:Skip shell extension 'powershell' for command environment: Not usable outside of PowerShell
[0.326s] DEBUG:colcon.colcon_core.shell:Skip shell extension 'dsv' for command environment
[0.332s] DEBUG:colcon.colcon_core.event_handler.log_command:Invoking command in '/home/rss/robot_harry/robotik/build/apriltag_msgs': CMAKE_PREFIX_PATH=${CMAKE_PREFIX_PATH}:/home/rss/robot_harry/robotik/install/webcam_bringup:/home/rss/robot_harry/robotik/install/teleop:/home/rss/robot_harry/robotik/install/tag_detection:/home/rss/robot_harry/robotik/install/robot_bringup:/home/rss/robot_harry/robotik/install/pub_sub:/home/rss/robot_harry/robotik/install/object_detection:/home/rss/robot_harry/robotik/install/my_robot_slam:/home/rss/robot_harry/robotik/install/my_robot_navigation:/home/rss/robot_harry/robotik/install/create3_teleop:/home/rss/robot_harry/robotik/install/create3_examples_py:/opt/ros/humble /usr/bin/cmake --build /home/rss/robot_harry/robotik/build/apriltag_msgs -- -j8 -l8
[0.334s] DEBUG:colcon.colcon_core.event_handler.log_command:Invoking command in '/home/rss/robot_harry/robotik/build/create3_examples_msgs': CMAKE_PREFIX_PATH=${CMAKE_PREFIX_PATH}:/home/rss/robot_harry/robotik/install/webcam_bringup:/home/rss/robot_harry/robotik/install/teleop:/home/rss/robot_harry/robotik/install/tag_detection:/home/rss/robot_harry/robotik/install/robot_bringup:/home/rss/robot_harry/robotik/install/pub_sub:/home/rss/robot_harry/robotik/install/object_detection:/home/rss/robot_harry/robotik/install/my_robot_slam:/home/rss/robot_harry/robotik/install/my_robot_navigation:/home/rss/robot_harry/robotik/install/create3_teleop:/home/rss/robot_harry/robotik/install/create3_examples_py:/opt/ros/humble /usr/bin/cmake --build /home/rss/robot_harry/robotik/build/create3_examples_msgs -- -j8 -l8
[0.337s] DEBUG:colcon.colcon_core.event_handler.log_command:Invoking command in '/home/rss/robot_harry/robotik/build/rplidar_ros': CMAKE_PREFIX_PATH=${CMAKE_PREFIX_PATH}:/home/rss/robot_harry/robotik/install/webcam_bringup:/home/rss/robot_harry/robotik/install/teleop:/home/rss/robot_harry/robotik/install/tag_detection:/home/rss/robot_harry/robotik/install/robot_bringup:/home/rss/robot_harry/robotik/install/pub_sub:/home/rss/robot_harry/robotik/install/object_detection:/home/rss/robot_harry/robotik/install/my_robot_slam:/home/rss/robot_harry/robotik/install/my_robot_navigation:/home/rss/robot_harry/robotik/install/create3_teleop:/home/rss/robot_harry/robotik/install/create3_examples_py:/opt/ros/humble /usr/bin/cmake --build /home/rss/robot_harry/robotik/build/rplidar_ros -- -j8 -l8
[0.596s] INFO:colcon.colcon_core.task.python.build:Building Python package in '/home/rss/robot_harry/robotik/src/create3_examples/create3_examples_py'
[0.596s] INFO:colcon.colcon_core.shell:Skip shell extension 'powershell' for command environment: Not usable outside of PowerShell
[0.596s] DEBUG:colcon.colcon_core.shell:Skip shell extension 'dsv' for command environment
[0.602s] DEBUG:colcon.colcon_core.event_handler.log_command:Invoking command in '/home/rss/robot_harry/robotik/build/create3_republisher': CMAKE_PREFIX_PATH=${CMAKE_PREFIX_PATH}:/home/rss/robot_harry/robotik/install/webcam_bringup:/home/rss/robot_harry/robotik/install/teleop:/home/rss/robot_harry/robotik/install/tag_detection:/home/rss/robot_harry/robotik/install/robot_bringup:/home/rss/robot_harry/robotik/install/pub_sub:/home/rss/robot_harry/robotik/install/object_detection:/home/rss/robot_harry/robotik/install/my_robot_slam:/home/rss/robot_harry/robotik/install/my_robot_navigation:/home/rss/robot_harry/robotik/install/create3_teleop:/home/rss/robot_harry/robotik/install/create3_examples_py:/opt/ros/humble /usr/bin/cmake --build /home/rss/robot_harry/robotik/build/create3_republisher -- -j8 -l8
[0.793s] INFO:colcon.colcon_core.task.python.build:Building Python package in '/home/rss/robot_harry/robotik/src/create3_examples/create3_teleop'
[0.793s] INFO:colcon.colcon_core.shell:Skip shell extension 'powershell' for command environment: Not usable outside of PowerShell
[0.793s] DEBUG:colcon.colcon_core.shell:Skip shell extension 'dsv' for command environment
[0.974s] INFO:colcon.colcon_core.task.python.build:Building Python package in '/home/rss/robot_harry/robotik/src/my_robot_navigation'
[0.974s] INFO:colcon.colcon_core.shell:Skip shell extension 'powershell' for command environment: Not usable outside of PowerShell
[0.974s] DEBUG:colcon.colcon_core.shell:Skip shell extension 'dsv' for command environment
[1.162s] INFO:colcon.colcon_core.task.python.build:Building Python package in '/home/rss/robot_harry/robotik/src/my_robot_slam'
[1.162s] INFO:colcon.colcon_core.shell:Skip shell extension 'powershell' for command environment: Not usable outside of PowerShell
[1.162s] DEBUG:colcon.colcon_core.shell:Skip shell extension 'dsv' for command environment
[1.166s] DEBUG:colcon.colcon_core.event_handler.log_command:Invoked command in '/home/rss/robot_harry/robotik/build/rplidar_ros' returned '0': CMAKE_PREFIX_PATH=${CMAKE_PREFIX_PATH}:/home/rss/robot_harry/robotik/install/webcam_bringup:/home/rss/robot_harry/robotik/install/teleop:/home/rss/robot_harry/robotik/install/tag_detection:/home/rss/robot_harry/robotik/install/robot_bringup:/home/rss/robot_harry/robotik/install/pub_sub:/home/rss/robot_harry/robotik/install/object_detection:/home/rss/robot_harry/robotik/install/my_robot_slam:/home/rss/robot_harry/robotik/install/my_robot_navigation:/home/rss/robot_harry/robotik/install/create3_teleop:/home/rss/robot_harry/robotik/install/create3_examples_py:/opt/ros/humble /usr/bin/cmake --build /home/rss/robot_harry/robotik/build/rplidar_ros -- -j8 -l8
[1.174s] DEBUG:colcon.colcon_core.event_handler.log_command:Invoking command in '/home/rss/robot_harry/robotik/build/rplidar_ros': CMAKE_PREFIX_PATH=${CMAKE_PREFIX_PATH}:/home/rss/robot_harry/robotik/install/webcam_bringup:/home/rss/robot_harry/robotik/install/teleop:/home/rss/robot_harry/robotik/install/tag_detection:/home/rss/robot_harry/robotik/install/robot_bringup:/home/rss/robot_harry/robotik/install/pub_sub:/home/rss/robot_harry/robotik/install/object_detection:/home/rss/robot_harry/robotik/install/my_robot_slam:/home/rss/robot_harry/robotik/install/my_robot_navigation:/home/rss/robot_harry/robotik/install/create3_teleop:/home/rss/robot_harry/robotik/install/create3_examples_py:/opt/ros/humble /usr/bin/cmake --install /home/rss/robot_harry/robotik/build/rplidar_ros
[1.175s] DEBUG:colcon.colcon_core.event_handler.log_command:Invoked command in '/home/rss/robot_harry/robotik/build/create3_republisher' returned '0': CMAKE_PREFIX_PATH=${CMAKE_PREFIX_PATH}:/home/rss/robot_harry/robotik/install/webcam_bringup:/home/rss/robot_harry/robotik/install/teleop:/home/rss/robot_harry/robotik/install/tag_detection:/home/rss/robot_harry/robotik/install/robot_bringup:/home/rss/robot_harry/robotik/install/pub_sub:/home/rss/robot_harry/robotik/install/object_detection:/home/rss/robot_harry/robotik/install/my_robot_slam:/home/rss/robot_harry/robotik/install/my_robot_navigation:/home/rss/robot_harry/robotik/install/create3_teleop:/home/rss/robot_harry/robotik/install/create3_examples_py:/opt/ros/humble /usr/bin/cmake --build /home/rss/robot_harry/robotik/build/create3_republisher -- -j8 -l8
[1.177s] DEBUG:colcon.colcon_core.event_handler.log_command:Invoking command in '/home/rss/robot_harry/robotik/build/create3_republisher': CMAKE_PREFIX_PATH=${CMAKE_PREFIX_PATH}:/home/rss/robot_harry/robotik/install/webcam_bringup:/home/rss/robot_harry/robotik/install/teleop:/home/rss/robot_harry/robotik/install/tag_detection:/home/rss/robot_harry/robotik/install/robot_bringup:/home/rss/robot_harry/robotik/install/pub_sub:/home/rss/robot_harry/robotik/install/object_detection:/home/rss/robot_harry/robotik/install/my_robot_slam:/home/rss/robot_harry/robotik/install/my_robot_navigation:/home/rss/robot_harry/robotik/install/create3_teleop:/home/rss/robot_harry/robotik/install/create3_examples_py:/opt/ros/humble /usr/bin/cmake --install /home/rss/robot_harry/robotik/build/create3_republisher
[1.177s] DEBUG:colcon.colcon_core.event_handler.log_command:Invoked command in '/home/rss/robot_harry/robotik/build/create3_examples_msgs' returned '0': CMAKE_PREFIX_PATH=${CMAKE_PREFIX_PATH}:/home/rss/robot_harry/robotik/install/webcam_bringup:/home/rss/robot_harry/robotik/install/teleop:/home/rss/robot_harry/robotik/install/tag_detection:/home/rss/robot_harry/robotik/install/robot_bringup:/home/rss/robot_harry/robotik/install/pub_sub:/home/rss/robot_harry/robotik/install/object_detection:/home/rss/robot_harry/robotik/install/my_robot_slam:/home/rss/robot_harry/robotik/install/my_robot_navigation:/home/rss/robot_harry/robotik/install/create3_teleop:/home/rss/robot_harry/robotik/install/create3_examples_py:/opt/ros/humble /usr/bin/cmake --build /home/rss/robot_harry/robotik/build/create3_examples_msgs -- -j8 -l8
[1.178s] DEBUG:colcon.colcon_core.event_handler.log_command:Invoking command in '/home/rss/robot_harry/robotik/build/create3_examples_msgs': CMAKE_PREFIX_PATH=${CMAKE_PREFIX_PATH}:/home/rss/robot_harry/robotik/install/webcam_bringup:/home/rss/robot_harry/robotik/install/teleop:/home/rss/robot_harry/robotik/install/tag_detection:/home/rss/robot_harry/robotik/install/robot_bringup:/home/rss/robot_harry/robotik/install/pub_sub:/home/rss/robot_harry/robotik/install/object_detection:/home/rss/robot_harry/robotik/install/my_robot_slam:/home/rss/robot_harry/robotik/install/my_robot_navigation:/home/rss/robot_harry/robotik/install/create3_teleop:/home/rss/robot_harry/robotik/install/create3_examples_py:/opt/ros/humble /usr/bin/cmake --install /home/rss/robot_harry/robotik/build/create3_examples_msgs
[1.179s] DEBUG:colcon.colcon_core.event_handler.log_command:Invoked command in '/home/rss/robot_harry/robotik/build/apriltag_msgs' returned '0': CMAKE_PREFIX_PATH=${CMAKE_PREFIX_PATH}:/home/rss/robot_harry/robotik/install/webcam_bringup:/home/rss/robot_harry/robotik/install/teleop:/home/rss/robot_harry/robotik/install/tag_detection:/home/rss/robot_harry/robotik/install/robot_bringup:/home/rss/robot_harry/robotik/install/pub_sub:/home/rss/robot_harry/robotik/install/object_detection:/home/rss/robot_harry/robotik/install/my_robot_slam:/home/rss/robot_harry/robotik/install/my_robot_navigation:/home/rss/robot_harry/robotik/install/create3_teleop:/home/rss/robot_harry/robotik/install/create3_examples_py:/opt/ros/humble /usr/bin/cmake --build /home/rss/robot_harry/robotik/build/apriltag_msgs -- -j8 -l8
[1.180s] DEBUG:colcon.colcon_core.event_handler.log_command:Invoking command in '/home/rss/robot_harry/robotik/build/apriltag_msgs': CMAKE_PREFIX_PATH=${CMAKE_PREFIX_PATH}:/home/rss/robot_harry/robotik/install/webcam_bringup:/home/rss/robot_harry/robotik/install/teleop:/home/rss/robot_harry/robotik/install/tag_detection:/home/rss/robot_harry/robotik/install/robot_bringup:/home/rss/robot_harry/robotik/install/pub_sub:/home/rss/robot_harry/robotik/install/object_detection:/home/rss/robot_harry/robotik/install/my_robot_slam:/home/rss/robot_harry/robotik/install/my_robot_navigation:/home/rss/robot_harry/robotik/install/create3_teleop:/home/rss/robot_harry/robotik/install/create3_examples_py:/opt/ros/humble /usr/bin/cmake --install /home/rss/robot_harry/robotik/build/apriltag_msgs
[1.202s] Level 1:colcon.colcon_core.environment:create_environment_scripts_only(create3_republisher)
[1.212s] Level 1:colcon.colcon_core.environment:checking '/home/rss/robot_harry/robotik/install/create3_republisher' for CMake module files
[1.213s] Level 1:colcon.colcon_core.environment:checking '/home/rss/robot_harry/robotik/install/create3_republisher' for CMake config files
[1.213s] Level 1:colcon.colcon_core.shell:create_environment_hook('create3_republisher', 'cmake_prefix_path')
[1.213s] INFO:colcon.colcon_core.shell:Creating environment hook '/home/rss/robot_harry/robotik/install/create3_republisher/share/create3_republisher/hook/cmake_prefix_path.ps1'
[1.214s] INFO:colcon.colcon_core.shell:Creating environment descriptor '/home/rss/robot_harry/robotik/install/create3_republisher/share/create3_republisher/hook/cmake_prefix_path.dsv'
[1.214s] INFO:colcon.colcon_core.shell:Creating environment hook '/home/rss/robot_harry/robotik/install/create3_republisher/share/create3_republisher/hook/cmake_prefix_path.sh'
[1.215s] Level 1:colcon.colcon_core.environment:checking '/home/rss/robot_harry/robotik/install/create3_republisher/lib'
[1.215s] Level 1:colcon.colcon_core.environment:checking '/home/rss/robot_harry/robotik/install/create3_republisher/bin'
[1.217s] Level 1:colcon.colcon_core.environment:checking '/home/rss/robot_harry/robotik/install/create3_republisher/lib/pkgconfig/create3_republisher.pc'
[1.217s] Level 1:colcon.colcon_core.environment:checking '/home/rss/robot_harry/robotik/install/create3_republisher/lib/python3.10/site-packages'
[1.217s] Level 1:colcon.colcon_core.environment:checking '/home/rss/robot_harry/robotik/install/create3_republisher/bin'
[1.218s] INFO:colcon.colcon_core.shell:Creating package script '/home/rss/robot_harry/robotik/install/create3_republisher/share/create3_republisher/package.ps1'
[1.224s] INFO:colcon.colcon_core.shell:Creating package descriptor '/home/rss/robot_harry/robotik/install/create3_republisher/share/create3_republisher/package.dsv'
[1.224s] INFO:colcon.colcon_core.shell:Creating package script '/home/rss/robot_harry/robotik/install/create3_republisher/share/create3_republisher/package.sh'
[1.225s] INFO:colcon.colcon_core.shell:Creating package script '/home/rss/robot_harry/robotik/install/create3_republisher/share/create3_republisher/package.bash'
[1.226s] DEBUG:colcon.colcon_core.event_handler.log_command:Invoked command in '/home/rss/robot_harry/robotik/build/create3_republisher' returned '0': CMAKE_PREFIX_PATH=${CMAKE_PREFIX_PATH}:/home/rss/robot_harry/robotik/install/webcam_bringup:/home/rss/robot_harry/robotik/install/teleop:/home/rss/robot_harry/robotik/install/tag_detection:/home/rss/robot_harry/robotik/install/robot_bringup:/home/rss/robot_harry/robotik/install/pub_sub:/home/rss/robot_harry/robotik/install/object_detection:/home/rss/robot_harry/robotik/install/my_robot_slam:/home/rss/robot_harry/robotik/install/my_robot_navigation:/home/rss/robot_harry/robotik/install/create3_teleop:/home/rss/robot_harry/robotik/install/create3_examples_py:/opt/ros/humble /usr/bin/cmake --install /home/rss/robot_harry/robotik/build/create3_republisher
[1.228s] INFO:colcon.colcon_core.shell:Creating package script '/home/rss/robot_harry/robotik/install/create3_republisher/share/create3_republisher/package.zsh'
[1.229s] Level 1:colcon.colcon_core.environment:create_file_with_runtime_dependencies(/home/rss/robot_harry/robotik/install/create3_republisher/share/colcon-core/packages/create3_republisher)
[1.230s] Level 1:colcon.colcon_core.environment:create_environment_scripts_only(create3_republisher)
[1.230s] Level 1:colcon.colcon_core.environment:checking '/home/rss/robot_harry/robotik/install/create3_republisher' for CMake module files
[1.231s] Level 1:colcon.colcon_core.environment:checking '/home/rss/robot_harry/robotik/install/create3_republisher' for CMake config files
[1.231s] Level 1:colcon.colcon_core.shell:create_environment_hook('create3_republisher', 'cmake_prefix_path')
[1.231s] INFO:colcon.colcon_core.shell:Creating environment hook '/home/rss/robot_harry/robotik/install/create3_republisher/share/create3_republisher/hook/cmake_prefix_path.ps1'
[1.232s] INFO:colcon.colcon_core.shell:Creating environment descriptor '/home/rss/robot_harry/robotik/install/create3_republisher/share/create3_republisher/hook/cmake_prefix_path.dsv'
[1.232s] INFO:colcon.colcon_core.shell:Creating environment hook '/home/rss/robot_harry/robotik/install/create3_republisher/share/create3_republisher/hook/cmake_prefix_path.sh'
[1.236s] Level 1:colcon.colcon_core.environment:checking '/home/rss/robot_harry/robotik/install/create3_republisher/lib'
[1.236s] Level 1:colcon.colcon_core.environment:checking '/home/rss/robot_harry/robotik/install/create3_republisher/bin'
[1.236s] Level 1:colcon.colcon_core.environment:checking '/home/rss/robot_harry/robotik/install/create3_republisher/lib/pkgconfig/create3_republisher.pc'
[1.237s] Level 1:colcon.colcon_core.environment:checking '/home/rss/robot_harry/robotik/install/create3_republisher/lib/python3.10/site-packages'
[1.237s] Level 1:colcon.colcon_core.environment:checking '/home/rss/robot_harry/robotik/install/create3_republisher/bin'
[1.237s] INFO:colcon.colcon_core.shell:Creating package script '/home/rss/robot_harry/robotik/install/create3_republisher/share/create3_republisher/package.ps1'
[1.238s] INFO:colcon.colcon_core.shell:Creating package descriptor '/home/rss/robot_harry/robotik/install/create3_republisher/share/create3_republisher/package.dsv'
[1.239s] INFO:colcon.colcon_core.shell:Creating package script '/home/rss/robot_harry/robotik/install/create3_republisher/share/create3_republisher/package.sh'
[1.239s] INFO:colcon.colcon_core.shell:Creating package script '/home/rss/robot_harry/robotik/install/create3_republisher/share/create3_republisher/package.bash'
[1.240s] INFO:colcon.colcon_core.shell:Creating package script '/home/rss/robot_harry/robotik/install/create3_republisher/share/create3_republisher/package.zsh'
[1.240s] Level 1:colcon.colcon_core.environment:create_file_with_runtime_dependencies(/home/rss/robot_harry/robotik/install/create3_republisher/share/colcon-core/packages/create3_republisher)
[1.241s] INFO:colcon.colcon_ros.task.ament_python.build:Building ROS package in '/home/rss/robot_harry/robotik/src/object_detection' with build type 'ament_python'
[1.241s] Level 1:colcon.colcon_core.shell:create_environment_hook('object_detection', 'ament_prefix_path')
[1.242s] INFO:colcon.colcon_core.shell:Creating environment hook '/home/rss/robot_harry/robotik/install/object_detection/share/object_detection/hook/ament_prefix_path.ps1'
[1.242s] INFO:colcon.colcon_core.shell:Creating environment descriptor '/home/rss/robot_harry/robotik/install/object_detection/share/object_detection/hook/ament_prefix_path.dsv'
[1.243s] INFO:colcon.colcon_core.shell:Creating environment hook '/home/rss/robot_harry/robotik/install/object_detection/share/object_detection/hook/ament_prefix_path.sh'
[1.243s] INFO:colcon.colcon_core.shell:Skip shell extension 'powershell' for command environment: Not usable outside of PowerShell
[1.243s] DEBUG:colcon.colcon_core.shell:Skip shell extension 'dsv' for command environment
[1.250s] Level 1:colcon.colcon_core.environment:create_environment_scripts_only(rplidar_ros)
[1.250s] DEBUG:colcon.colcon_core.event_handler.log_command:Invoked command in '/home/rss/robot_harry/robotik/build/rplidar_ros' returned '0': CMAKE_PREFIX_PATH=${CMAKE_PREFIX_PATH}:/home/rss/robot_harry/robotik/install/webcam_bringup:/home/rss/robot_harry/robotik/install/teleop:/home/rss/robot_harry/robotik/install/tag_detection:/home/rss/robot_harry/robotik/install/robot_bringup:/home/rss/robot_harry/robotik/install/pub_sub:/home/rss/robot_harry/robotik/install/object_detection:/home/rss/robot_harry/robotik/install/my_robot_slam:/home/rss/robot_harry/robotik/install/my_robot_navigation:/home/rss/robot_harry/robotik/install/create3_teleop:/home/rss/robot_harry/robotik/install/create3_examples_py:/opt/ros/humble /usr/bin/cmake --install /home/rss/robot_harry/robotik/build/rplidar_ros
[1.251s] Level 1:colcon.colcon_core.environment:checking '/home/rss/robot_harry/robotik/install/rplidar_ros' for CMake module files
[1.252s] Level 1:colcon.colcon_core.environment:checking '/home/rss/robot_harry/robotik/install/rplidar_ros' for CMake config files
[1.252s] Level 1:colcon.colcon_core.shell:create_environment_hook('rplidar_ros', 'cmake_prefix_path')
[1.253s] INFO:colcon.colcon_core.shell:Creating environment hook '/home/rss/robot_harry/robotik/install/rplidar_ros/share/rplidar_ros/hook/cmake_prefix_path.ps1'
[1.253s] INFO:colcon.colcon_core.shell:Creating environment descriptor '/home/rss/robot_harry/robotik/install/rplidar_ros/share/rplidar_ros/hook/cmake_prefix_path.dsv'
[1.254s] INFO:colcon.colcon_core.shell:Creating environment hook '/home/rss/robot_harry/robotik/install/rplidar_ros/share/rplidar_ros/hook/cmake_prefix_path.sh'
[1.255s] Level 1:colcon.colcon_core.environment:checking '/home/rss/robot_harry/robotik/install/rplidar_ros/lib'
[1.255s] Level 1:colcon.colcon_core.environment:checking '/home/rss/robot_harry/robotik/install/rplidar_ros/bin'
[1.255s] Level 1:colcon.colcon_core.environment:checking '/home/rss/robot_harry/robotik/install/rplidar_ros/lib/pkgconfig/rplidar_ros.pc'
[1.255s] Level 1:colcon.colcon_core.environment:checking '/home/rss/robot_harry/robotik/install/rplidar_ros/lib/python3.10/site-packages'
[1.255s] Level 1:colcon.colcon_core.environment:checking '/home/rss/robot_harry/robotik/install/rplidar_ros/bin'
[1.256s] INFO:colcon.colcon_core.shell:Creating package script '/home/rss/robot_harry/robotik/install/rplidar_ros/share/rplidar_ros/package.ps1'
[1.256s] INFO:colcon.colcon_core.shell:Creating package descriptor '/home/rss/robot_harry/robotik/install/rplidar_ros/share/rplidar_ros/package.dsv'
[1.257s] INFO:colcon.colcon_core.shell:Creating package script '/home/rss/robot_harry/robotik/install/rplidar_ros/share/rplidar_ros/package.sh'
[1.257s] INFO:colcon.colcon_core.shell:Creating package script '/home/rss/robot_harry/robotik/install/rplidar_ros/share/rplidar_ros/package.bash'
[1.257s] INFO:colcon.colcon_core.shell:Creating package script '/home/rss/robot_harry/robotik/install/rplidar_ros/share/rplidar_ros/package.zsh'
[1.258s] Level 1:colcon.colcon_core.environment:create_file_with_runtime_dependencies(/home/rss/robot_harry/robotik/install/rplidar_ros/share/colcon-core/packages/rplidar_ros)
[1.258s] Level 1:colcon.colcon_core.environment:create_environment_scripts_only(rplidar_ros)
[1.258s] Level 1:colcon.colcon_core.environment:checking '/home/rss/robot_harry/robotik/install/rplidar_ros' for CMake module files
[1.260s] Level 1:colcon.colcon_core.environment:checking '/home/rss/robot_harry/robotik/install/rplidar_ros' for CMake config files
[1.260s] Level 1:colcon.colcon_core.shell:create_environment_hook('rplidar_ros', 'cmake_prefix_path')
[1.260s] INFO:colcon.colcon_core.shell:Creating environment hook '/home/rss/robot_harry/robotik/install/rplidar_ros/share/rplidar_ros/hook/cmake_prefix_path.ps1'
[1.261s] INFO:colcon.colcon_core.shell:Creating environment descriptor '/home/rss/robot_harry/robotik/install/rplidar_ros/share/rplidar_ros/hook/cmake_prefix_path.dsv'
[1.261s] INFO:colcon.colcon_core.shell:Creating environment hook '/home/rss/robot_harry/robotik/install/rplidar_ros/share/rplidar_ros/hook/cmake_prefix_path.sh'
[1.261s] Level 1:colcon.colcon_core.environment:checking '/home/rss/robot_harry/robotik/install/rplidar_ros/lib'
[1.261s] Level 1:colcon.colcon_core.environment:checking '/home/rss/robot_harry/robotik/install/rplidar_ros/bin'
[1.261s] Level 1:colcon.colcon_core.environment:checking '/home/rss/robot_harry/robotik/install/rplidar_ros/lib/pkgconfig/rplidar_ros.pc'
[1.262s] Level 1:colcon.colcon_core.environment:checking '/home/rss/robot_harry/robotik/install/rplidar_ros/lib/python3.10/site-packages'
[1.262s] Level 1:colcon.colcon_core.environment:checking '/home/rss/robot_harry/robotik/install/rplidar_ros/bin'
[1.262s] INFO:colcon.colcon_core.shell:Creating package script '/home/rss/robot_harry/robotik/install/rplidar_ros/share/rplidar_ros/package.ps1'
[1.262s] INFO:colcon.colcon_core.shell:Creating package descriptor '/home/rss/robot_harry/robotik/install/rplidar_ros/share/rplidar_ros/package.dsv'
[1.263s] INFO:colcon.colcon_core.shell:Creating package script '/home/rss/robot_harry/robotik/install/rplidar_ros/share/rplidar_ros/package.sh'
[1.263s] INFO:colcon.colcon_core.shell:Creating package script '/home/rss/robot_harry/robotik/install/rplidar_ros/share/rplidar_ros/package.bash'
[1.263s] INFO:colcon.colcon_core.shell:Creating package script '/home/rss/robot_harry/robotik/install/rplidar_ros/share/rplidar_ros/package.zsh'
[1.263s] Level 1:colcon.colcon_core.environment:create_file_with_runtime_dependencies(/home/rss/robot_harry/robotik/install/rplidar_ros/share/colcon-core/packages/rplidar_ros)
[1.264s] INFO:colcon.colcon_ros.task.ament_python.build:Building ROS package in '/home/rss/robot_harry/robotik/src/pub_sub' with build type 'ament_python'
[1.264s] Level 1:colcon.colcon_core.shell:create_environment_hook('pub_sub', 'ament_prefix_path')
[1.264s] INFO:colcon.colcon_core.shell:Creating environment hook '/home/rss/robot_harry/robotik/install/pub_sub/share/pub_sub/hook/ament_prefix_path.ps1'
[1.265s] INFO:colcon.colcon_core.shell:Creating environment descriptor '/home/rss/robot_harry/robotik/install/pub_sub/share/pub_sub/hook/ament_prefix_path.dsv'
[1.265s] INFO:colcon.colcon_core.shell:Creating environment hook '/home/rss/robot_harry/robotik/install/pub_sub/share/pub_sub/hook/ament_prefix_path.sh'
[1.266s] INFO:colcon.colcon_core.shell:Skip shell extension 'powershell' for command environment: Not usable outside of PowerShell
[1.266s] DEBUG:colcon.colcon_core.shell:Skip shell extension 'dsv' for command environment
[1.484s] INFO:colcon.colcon_core.task.python.build:Building Python package in '/home/rss/robot_harry/robotik/src/object_detection'
[1.485s] INFO:colcon.colcon_core.shell:Skip shell extension 'powershell' for command environment: Not usable outside of PowerShell
[1.485s] DEBUG:colcon.colcon_core.shell:Skip shell extension 'dsv' for command environment
[1.490s] Level 1:colcon.colcon_core.environment:create_environment_scripts_only(create3_examples_msgs)
[1.491s] Level 1:colcon.colcon_core.environment:checking '/home/rss/robot_harry/robotik/install/create3_examples_msgs' for CMake module files
[1.491s] DEBUG:colcon.colcon_core.event_handler.log_command:Invoked command in '/home/rss/robot_harry/robotik/build/create3_examples_msgs' returned '0': CMAKE_PREFIX_PATH=${CMAKE_PREFIX_PATH}:/home/rss/robot_harry/robotik/install/webcam_bringup:/home/rss/robot_harry/robotik/install/teleop:/home/rss/robot_harry/robotik/install/tag_detection:/home/rss/robot_harry/robotik/install/robot_bringup:/home/rss/robot_harry/robotik/install/pub_sub:/home/rss/robot_harry/robotik/install/object_detection:/home/rss/robot_harry/robotik/install/my_robot_slam:/home/rss/robot_harry/robotik/install/my_robot_navigation:/home/rss/robot_harry/robotik/install/create3_teleop:/home/rss/robot_harry/robotik/install/create3_examples_py:/opt/ros/humble /usr/bin/cmake --install /home/rss/robot_harry/robotik/build/create3_examples_msgs
[1.492s] Level 1:colcon.colcon_core.environment:checking '/home/rss/robot_harry/robotik/install/create3_examples_msgs' for CMake config files
[1.492s] Level 1:colcon.colcon_core.shell:create_environment_hook('create3_examples_msgs', 'cmake_prefix_path')
[1.493s] INFO:colcon.colcon_core.shell:Creating environment hook '/home/rss/robot_harry/robotik/install/create3_examples_msgs/share/create3_examples_msgs/hook/cmake_prefix_path.ps1'
[1.493s] INFO:colcon.colcon_core.shell:Creating environment descriptor '/home/rss/robot_harry/robotik/install/create3_examples_msgs/share/create3_examples_msgs/hook/cmake_prefix_path.dsv'
[1.494s] INFO:colcon.colcon_core.shell:Creating environment hook '/home/rss/robot_harry/robotik/install/create3_examples_msgs/share/create3_examples_msgs/hook/cmake_prefix_path.sh'
[1.495s] Level 1:colcon.colcon_core.environment:checking '/home/rss/robot_harry/robotik/install/create3_examples_msgs/lib'
[1.495s] Level 1:colcon.colcon_core.shell:create_environment_hook('create3_examples_msgs', 'ld_library_path_lib')
[1.495s] INFO:colcon.colcon_core.shell:Creating environment hook '/home/rss/robot_harry/robotik/install/create3_examples_msgs/share/create3_examples_msgs/hook/ld_library_path_lib.ps1'
[1.496s] INFO:colcon.colcon_core.shell:Creating environment descriptor '/home/rss/robot_harry/robotik/install/create3_examples_msgs/share/create3_examples_msgs/hook/ld_library_path_lib.dsv'
[1.496s] INFO:colcon.colcon_core.shell:Creating environment hook '/home/rss/robot_harry/robotik/install/create3_examples_msgs/share/create3_examples_msgs/hook/ld_library_path_lib.sh'
[1.496s] Level 1:colcon.colcon_core.environment:checking '/home/rss/robot_harry/robotik/install/create3_examples_msgs/bin'
[1.496s] Level 1:colcon.colcon_core.environment:checking '/home/rss/robot_harry/robotik/install/create3_examples_msgs/lib/pkgconfig/create3_examples_msgs.pc'
[1.497s] Level 1:colcon.colcon_core.environment:checking '/home/rss/robot_harry/robotik/install/create3_examples_msgs/lib/python3.10/site-packages'
[1.497s] Level 1:colcon.colcon_core.environment:checking '/home/rss/robot_harry/robotik/install/create3_examples_msgs/bin'
[1.498s] INFO:colcon.colcon_core.shell:Creating package script '/home/rss/robot_harry/robotik/install/create3_examples_msgs/share/create3_examples_msgs/package.ps1'
[1.498s] INFO:colcon.colcon_core.shell:Creating package descriptor '/home/rss/robot_harry/robotik/install/create3_examples_msgs/share/create3_examples_msgs/package.dsv'
[1.499s] INFO:colcon.colcon_core.shell:Creating package script '/home/rss/robot_harry/robotik/install/create3_examples_msgs/share/create3_examples_msgs/package.sh'
[1.499s] INFO:colcon.colcon_core.shell:Creating package script '/home/rss/robot_harry/robotik/install/create3_examples_msgs/share/create3_examples_msgs/package.bash'
[1.500s] INFO:colcon.colcon_core.shell:Creating package script '/home/rss/robot_harry/robotik/install/create3_examples_msgs/share/create3_examples_msgs/package.zsh'
[1.500s] Level 1:colcon.colcon_core.environment:create_file_with_runtime_dependencies(/home/rss/robot_harry/robotik/install/create3_examples_msgs/share/colcon-core/packages/create3_examples_msgs)
[1.501s] Level 1:colcon.colcon_core.environment:create_environment_scripts_only(create3_examples_msgs)
[1.501s] Level 1:colcon.colcon_core.environment:checking '/home/rss/robot_harry/robotik/install/create3_examples_msgs' for CMake module files
[1.502s] Level 1:colcon.colcon_core.environment:checking '/home/rss/robot_harry/robotik/install/create3_examples_msgs' for CMake config files
[1.503s] Level 1:colcon.colcon_core.shell:create_environment_hook('create3_examples_msgs', 'cmake_prefix_path')
[1.504s] INFO:colcon.colcon_core.shell:Creating environment hook '/home/rss/robot_harry/robotik/install/create3_examples_msgs/share/create3_examples_msgs/hook/cmake_prefix_path.ps1'
[1.504s] INFO:colcon.colcon_core.shell:Creating environment descriptor '/home/rss/robot_harry/robotik/install/create3_examples_msgs/share/create3_examples_msgs/hook/cmake_prefix_path.dsv'
[1.505s] INFO:colcon.colcon_core.shell:Creating environment hook '/home/rss/robot_harry/robotik/install/create3_examples_msgs/share/create3_examples_msgs/hook/cmake_prefix_path.sh'
[1.505s] Level 1:colcon.colcon_core.environment:checking '/home/rss/robot_harry/robotik/install/create3_examples_msgs/lib'
[1.505s] Level 1:colcon.colcon_core.shell:create_environment_hook('create3_examples_msgs', 'ld_library_path_lib')
[1.506s] INFO:colcon.colcon_core.shell:Creating environment hook '/home/rss/robot_harry/robotik/install/create3_examples_msgs/share/create3_examples_msgs/hook/ld_library_path_lib.ps1'
[1.506s] INFO:colcon.colcon_core.shell:Creating environment descriptor '/home/rss/robot_harry/robotik/install/create3_examples_msgs/share/create3_examples_msgs/hook/ld_library_path_lib.dsv'
[1.506s] INFO:colcon.colcon_core.shell:Creating environment hook '/home/rss/robot_harry/robotik/install/create3_examples_msgs/share/create3_examples_msgs/hook/ld_library_path_lib.sh'
[1.507s] Level 1:colcon.colcon_core.environment:checking '/home/rss/robot_harry/robotik/install/create3_examples_msgs/bin'
[1.507s] Level 1:colcon.colcon_core.environment:checking '/home/rss/robot_harry/robotik/install/create3_examples_msgs/lib/pkgconfig/create3_examples_msgs.pc'
[1.507s] Level 1:colcon.colcon_core.environment:checking '/home/rss/robot_harry/robotik/install/create3_examples_msgs/lib/python3.10/site-packages'
[1.507s] Level 1:colcon.colcon_core.environment:checking '/home/rss/robot_harry/robotik/install/create3_examples_msgs/bin'
[1.508s] INFO:colcon.colcon_core.shell:Creating package script '/home/rss/robot_harry/robotik/install/create3_examples_msgs/share/create3_examples_msgs/package.ps1'
[1.508s] INFO:colcon.colcon_core.shell:Creating package descriptor '/home/rss/robot_harry/robotik/install/create3_examples_msgs/share/create3_examples_msgs/package.dsv'
[1.509s] INFO:colcon.colcon_core.shell:Creating package script '/home/rss/robot_harry/robotik/install/create3_examples_msgs/share/create3_examples_msgs/package.sh'
[1.509s] INFO:colcon.colcon_core.shell:Creating package script '/home/rss/robot_harry/robotik/install/create3_examples_msgs/share/create3_examples_msgs/package.bash'
[1.510s] INFO:colcon.colcon_core.shell:Creating package script '/home/rss/robot_harry/robotik/install/create3_examples_msgs/share/create3_examples_msgs/package.zsh'
[1.510s] Level 1:colcon.colcon_core.environment:create_file_with_runtime_dependencies(/home/rss/robot_harry/robotik/install/create3_examples_msgs/share/colcon-core/packages/create3_examples_msgs)
[1.700s] INFO:colcon.colcon_core.task.python.build:Building Python package in '/home/rss/robot_harry/robotik/src/pub_sub'
[1.701s] INFO:colcon.colcon_core.shell:Skip shell extension 'powershell' for command environment: Not usable outside of PowerShell
[1.701s] DEBUG:colcon.colcon_core.shell:Skip shell extension 'dsv' for command environment
[1.704s] INFO:colcon.colcon_ros.task.ament_python.build:Building ROS package in '/home/rss/robot_harry/robotik/src/robot_bringup' with build type 'ament_python'
[1.704s] Level 1:colcon.colcon_core.shell:create_environment_hook('robot_bringup', 'ament_prefix_path')
[1.704s] INFO:colcon.colcon_core.shell:Creating environment hook '/home/rss/robot_harry/robotik/install/robot_bringup/share/robot_bringup/hook/ament_prefix_path.ps1'
[1.705s] INFO:colcon.colcon_core.shell:Creating environment descriptor '/home/rss/robot_harry/robotik/install/robot_bringup/share/robot_bringup/hook/ament_prefix_path.dsv'
[1.705s] INFO:colcon.colcon_core.shell:Creating environment hook '/home/rss/robot_harry/robotik/install/robot_bringup/share/robot_bringup/hook/ament_prefix_path.sh'
[1.705s] INFO:colcon.colcon_core.shell:Skip shell extension 'powershell' for command environment: Not usable outside of PowerShell
[1.705s] DEBUG:colcon.colcon_core.shell:Skip shell extension 'dsv' for command environment
[1.708s] Level 1:colcon.colcon_core.environment:create_environment_scripts_only(apriltag_msgs)
[1.708s] Level 1:colcon.colcon_core.environment:checking '/home/rss/robot_harry/robotik/install/apriltag_msgs' for CMake module files
[1.709s] DEBUG:colcon.colcon_core.event_handler.log_command:Invoked command in '/home/rss/robot_harry/robotik/build/apriltag_msgs' returned '0': CMAKE_PREFIX_PATH=${CMAKE_PREFIX_PATH}:/home/rss/robot_harry/robotik/install/webcam_bringup:/home/rss/robot_harry/robotik/install/teleop:/home/rss/robot_harry/robotik/install/tag_detection:/home/rss/robot_harry/robotik/install/robot_bringup:/home/rss/robot_harry/robotik/install/pub_sub:/home/rss/robot_harry/robotik/install/object_detection:/home/rss/robot_harry/robotik/install/my_robot_slam:/home/rss/robot_harry/robotik/install/my_robot_navigation:/home/rss/robot_harry/robotik/install/create3_teleop:/home/rss/robot_harry/robotik/install/create3_examples_py:/opt/ros/humble /usr/bin/cmake --install /home/rss/robot_harry/robotik/build/apriltag_msgs
[1.709s] Level 1:colcon.colcon_core.environment:checking '/home/rss/robot_harry/robotik/install/apriltag_msgs' for CMake config files
[1.709s] Level 1:colcon.colcon_core.shell:create_environment_hook('apriltag_msgs', 'cmake_prefix_path')
[1.710s] INFO:colcon.colcon_core.shell:Creating environment hook '/home/rss/robot_harry/robotik/install/apriltag_msgs/share/apriltag_msgs/hook/cmake_prefix_path.ps1'
[1.710s] INFO:colcon.colcon_core.shell:Creating environment descriptor '/home/rss/robot_harry/robotik/install/apriltag_msgs/share/apriltag_msgs/hook/cmake_prefix_path.dsv'
[1.710s] INFO:colcon.colcon_core.shell:Creating environment hook '/home/rss/robot_harry/robotik/install/apriltag_msgs/share/apriltag_msgs/hook/cmake_prefix_path.sh'
[1.710s] Level 1:colcon.colcon_core.environment:checking '/home/rss/robot_harry/robotik/install/apriltag_msgs/lib'
[1.710s] Level 1:colcon.colcon_core.shell:create_environment_hook('apriltag_msgs', 'ld_library_path_lib')
[1.711s] INFO:colcon.colcon_core.shell:Creating environment hook '/home/rss/robot_harry/robotik/install/apriltag_msgs/share/apriltag_msgs/hook/ld_library_path_lib.ps1'
[1.711s] INFO:colcon.colcon_core.shell:Creating environment descriptor '/home/rss/robot_harry/robotik/install/apriltag_msgs/share/apriltag_msgs/hook/ld_library_path_lib.dsv'
[1.711s] INFO:colcon.colcon_core.shell:Creating environment hook '/home/rss/robot_harry/robotik/install/apriltag_msgs/share/apriltag_msgs/hook/ld_library_path_lib.sh'
[1.711s] Level 1:colcon.colcon_core.environment:checking '/home/rss/robot_harry/robotik/install/apriltag_msgs/bin'
[1.711s] Level 1:colcon.colcon_core.environment:checking '/home/rss/robot_harry/robotik/install/apriltag_msgs/lib/pkgconfig/apriltag_msgs.pc'
[1.711s] Level 1:colcon.colcon_core.environment:checking '/home/rss/robot_harry/robotik/install/apriltag_msgs/lib/python3.10/site-packages'
[1.712s] Level 1:colcon.colcon_core.environment:checking '/home/rss/robot_harry/robotik/install/apriltag_msgs/bin'
[1.712s] INFO:colcon.colcon_core.shell:Creating package script '/home/rss/robot_harry/robotik/install/apriltag_msgs/share/apriltag_msgs/package.ps1'
[1.712s] INFO:colcon.colcon_core.shell:Creating package descriptor '/home/rss/robot_harry/robotik/install/apriltag_msgs/share/apriltag_msgs/package.dsv'
[1.712s] INFO:colcon.colcon_core.shell:Creating package script '/home/rss/robot_harry/robotik/install/apriltag_msgs/share/apriltag_msgs/package.sh'
[1.713s] INFO:colcon.colcon_core.shell:Creating package script '/home/rss/robot_harry/robotik/install/apriltag_msgs/share/apriltag_msgs/package.bash'
[1.713s] INFO:colcon.colcon_core.shell:Creating package script '/home/rss/robot_harry/robotik/install/apriltag_msgs/share/apriltag_msgs/package.zsh'
[1.713s] Level 1:colcon.colcon_core.environment:create_file_with_runtime_dependencies(/home/rss/robot_harry/robotik/install/apriltag_msgs/share/colcon-core/packages/apriltag_msgs)
[1.714s] Level 1:colcon.colcon_core.environment:create_environment_scripts_only(apriltag_msgs)
[1.714s] Level 1:colcon.colcon_core.environment:checking '/home/rss/robot_harry/robotik/install/apriltag_msgs' for CMake module files
[1.714s] Level 1:colcon.colcon_core.environment:checking '/home/rss/robot_harry/robotik/install/apriltag_msgs' for CMake config files
[1.715s] Level 1:colcon.colcon_core.shell:create_environment_hook('apriltag_msgs', 'cmake_prefix_path')
[1.715s] INFO:colcon.colcon_core.shell:Creating environment hook '/home/rss/robot_harry/robotik/install/apriltag_msgs/share/apriltag_msgs/hook/cmake_prefix_path.ps1'
[1.715s] INFO:colcon.colcon_core.shell:Creating environment descriptor '/home/rss/robot_harry/robotik/install/apriltag_msgs/share/apriltag_msgs/hook/cmake_prefix_path.dsv'
[1.715s] INFO:colcon.colcon_core.shell:Creating environment hook '/home/rss/robot_harry/robotik/install/apriltag_msgs/share/apriltag_msgs/hook/cmake_prefix_path.sh'
[1.716s] Level 1:colcon.colcon_core.environment:checking '/home/rss/robot_harry/robotik/install/apriltag_msgs/lib'
[1.716s] Level 1:colcon.colcon_core.shell:create_environment_hook('apriltag_msgs', 'ld_library_path_lib')
[1.716s] INFO:colcon.colcon_core.shell:Creating environment hook '/home/rss/robot_harry/robotik/install/apriltag_msgs/share/apriltag_msgs/hook/ld_library_path_lib.ps1'
[1.716s] INFO:colcon.colcon_core.shell:Creating environment descriptor '/home/rss/robot_harry/robotik/install/apriltag_msgs/share/apriltag_msgs/hook/ld_library_path_lib.dsv'
[1.717s] INFO:colcon.colcon_core.shell:Creating environment hook '/home/rss/robot_harry/robotik/install/apriltag_msgs/share/apriltag_msgs/hook/ld_library_path_lib.sh'
[1.717s] Level 1:colcon.colcon_core.environment:checking '/home/rss/robot_harry/robotik/install/apriltag_msgs/bin'
[1.717s] Level 1:colcon.colcon_core.environment:checking '/home/rss/robot_harry/robotik/install/apriltag_msgs/lib/pkgconfig/apriltag_msgs.pc'
[1.717s] Level 1:colcon.colcon_core.environment:checking '/home/rss/robot_harry/robotik/install/apriltag_msgs/lib/python3.10/site-packages'
[1.717s] Level 1:colcon.colcon_core.environment:checking '/home/rss/robot_harry/robotik/install/apriltag_msgs/bin'
[1.718s] INFO:colcon.colcon_core.shell:Creating package script '/home/rss/robot_harry/robotik/install/apriltag_msgs/share/apriltag_msgs/package.ps1'
[1.718s] INFO:colcon.colcon_core.shell:Creating package descriptor '/home/rss/robot_harry/robotik/install/apriltag_msgs/share/apriltag_msgs/package.dsv'
[1.718s] INFO:colcon.colcon_core.shell:Creating package script '/home/rss/robot_harry/robotik/install/apriltag_msgs/share/apriltag_msgs/package.sh'
[1.719s] INFO:colcon.colcon_core.shell:Creating package script '/home/rss/robot_harry/robotik/install/apriltag_msgs/share/apriltag_msgs/package.bash'
[1.719s] INFO:colcon.colcon_core.shell:Creating package script '/home/rss/robot_harry/robotik/install/apriltag_msgs/share/apriltag_msgs/package.zsh'
[1.719s] Level 1:colcon.colcon_core.environment:create_file_with_runtime_dependencies(/home/rss/robot_harry/robotik/install/apriltag_msgs/share/colcon-core/packages/apriltag_msgs)
[1.720s] INFO:colcon.colcon_ros.task.ament_python.build:Building ROS package in '/home/rss/robot_harry/robotik/src/tag_detection' with build type 'ament_python'
[1.720s] Level 1:colcon.colcon_core.shell:create_environment_hook('tag_detection', 'ament_prefix_path')
[1.721s] INFO:colcon.colcon_core.shell:Creating environment hook '/home/rss/robot_harry/robotik/install/tag_detection/share/tag_detection/hook/ament_prefix_path.ps1'
[1.721s] INFO:colcon.colcon_core.shell:Creating environment descriptor '/home/rss/robot_harry/robotik/install/tag_detection/share/tag_detection/hook/ament_prefix_path.dsv'
[1.721s] INFO:colcon.colcon_core.shell:Creating environment hook '/home/rss/robot_harry/robotik/install/tag_detection/share/tag_detection/hook/ament_prefix_path.sh'
[1.721s] INFO:colcon.colcon_core.shell:Skip shell extension 'powershell' for command environment: Not usable outside of PowerShell
[1.721s] DEBUG:colcon.colcon_core.shell:Skip shell extension 'dsv' for command environment
[1.727s] DEBUG:colcon.colcon_core.event_handler.log_command:Invoking command in '/home/rss/robot_harry/robotik/src/create3_examples/create3_teleop': PYTHONPATH=/home/rss/robot_harry/robotik/build/create3_teleop/prefix_override:/usr/lib/python3/dist-packages/colcon_core/task/python/colcon_distutils_commands:/home/rss/robot_harry/robotik/install/create3_teleop/lib/python3.10/site-packages:${PYTHONPATH} /usr/bin/python3 -W ignore:setup.py install is deprecated -W ignore:easy_install command is deprecated setup.py egg_info --egg-base ../../../build/create3_teleop build --build-base /home/rss/robot_harry/robotik/build/create3_teleop/build install --record /home/rss/robot_harry/robotik/build/create3_teleop/install.log --single-version-externally-managed install_data
[1.730s] DEBUG:colcon.colcon_core.event_handler.log_command:Invoking command in '/home/rss/robot_harry/robotik/src/my_robot_slam': PYTHONPATH=/home/rss/robot_harry/robotik/build/my_robot_slam/prefix_override:/usr/lib/python3/dist-packages/colcon_core/task/python/colcon_distutils_commands:/home/rss/robot_harry/robotik/install/my_robot_slam/lib/python3.10/site-packages:${PYTHONPATH} /usr/bin/python3 -W ignore:setup.py install is deprecated -W ignore:easy_install command is deprecated setup.py egg_info --egg-base ../../build/my_robot_slam build --build-base /home/rss/robot_harry/robotik/build/my_robot_slam/build install --record /home/rss/robot_harry/robotik/build/my_robot_slam/install.log --single-version-externally-managed install_data
[1.732s] DEBUG:colcon.colcon_core.event_handler.log_command:Invoking command in '/home/rss/robot_harry/robotik/src/create3_examples/create3_examples_py': PYTHONPATH=/home/rss/robot_harry/robotik/build/create3_examples_py/prefix_override:/usr/lib/python3/dist-packages/colcon_core/task/python/colcon_distutils_commands:/home/rss/robot_harry/robotik/install/create3_examples_py/lib/python3.10/site-packages:${PYTHONPATH} /usr/bin/python3 -W ignore:setup.py install is deprecated -W ignore:easy_install command is deprecated setup.py egg_info --egg-base ../../../build/create3_examples_py build --build-base /home/rss/robot_harry/robotik/build/create3_examples_py/build install --record /home/rss/robot_harry/robotik/build/create3_examples_py/install.log --single-version-externally-managed install_data
[1.734s] DEBUG:colcon.colcon_core.event_handler.log_command:Invoking command in '/home/rss/robot_harry/robotik/src/my_robot_navigation': PYTHONPATH=/home/rss/robot_harry/robotik/build/my_robot_navigation/prefix_override:/usr/lib/python3/dist-packages/colcon_core/task/python/colcon_distutils_commands:/home/rss/robot_harry/robotik/install/my_robot_navigation/lib/python3.10/site-packages:${PYTHONPATH} /usr/bin/python3 -W ignore:setup.py install is deprecated -W ignore:easy_install command is deprecated setup.py egg_info --egg-base ../../build/my_robot_navigation build --build-base /home/rss/robot_harry/robotik/build/my_robot_navigation/build install --record /home/rss/robot_harry/robotik/build/my_robot_navigation/install.log --single-version-externally-managed install_data
[2.051s] INFO:colcon.colcon_core.task.python.build:Building Python package in '/home/rss/robot_harry/robotik/src/robot_bringup'
[2.051s] INFO:colcon.colcon_core.shell:Skip shell extension 'powershell' for command environment: Not usable outside of PowerShell
[2.051s] DEBUG:colcon.colcon_core.shell:Skip shell extension 'dsv' for command environment
[2.271s] INFO:colcon.colcon_core.task.python.build:Building Python package in '/home/rss/robot_harry/robotik/src/tag_detection'
[2.271s] INFO:colcon.colcon_core.shell:Skip shell extension 'powershell' for command environment: Not usable outside of PowerShell
[2.271s] DEBUG:colcon.colcon_core.shell:Skip shell extension 'dsv' for command environment
[2.276s] Level 1:colcon.colcon_core.environment:checking '/home/rss/robot_harry/robotik/install/create3_teleop' for CMake module files
[2.277s] DEBUG:colcon.colcon_core.event_handler.log_command:Invoked command in '/home/rss/robot_harry/robotik/src/create3_examples/create3_teleop' returned '0': PYTHONPATH=/home/rss/robot_harry/robotik/build/create3_teleop/prefix_override:/usr/lib/python3/dist-packages/colcon_core/task/python/colcon_distutils_commands:/home/rss/robot_harry/robotik/install/create3_teleop/lib/python3.10/site-packages:${PYTHONPATH} /usr/bin/python3 -W ignore:setup.py install is deprecated -W ignore:easy_install command is deprecated setup.py egg_info --egg-base ../../../build/create3_teleop build --build-base /home/rss/robot_harry/robotik/build/create3_teleop/build install --record /home/rss/robot_harry/robotik/build/create3_teleop/install.log --single-version-externally-managed install_data
[2.277s] Level 1:colcon.colcon_core.environment:checking '/home/rss/robot_harry/robotik/install/create3_teleop' for CMake config files
[2.277s] Level 1:colcon.colcon_core.environment:checking '/home/rss/robot_harry/robotik/install/create3_teleop/lib'
[2.278s] Level 1:colcon.colcon_core.environment:checking '/home/rss/robot_harry/robotik/install/create3_teleop/bin'
[2.278s] Level 1:colcon.colcon_core.environment:checking '/home/rss/robot_harry/robotik/install/create3_teleop/lib/pkgconfig/create3_teleop.pc'
[2.278s] Level 1:colcon.colcon_core.environment:checking '/home/rss/robot_harry/robotik/install/create3_teleop/lib/python3.10/site-packages'
[2.278s] Level 1:colcon.colcon_core.shell:create_environment_hook('create3_teleop', 'pythonpath')
[2.278s] INFO:colcon.colcon_core.shell:Creating environment hook '/home/rss/robot_harry/robotik/install/create3_teleop/share/create3_teleop/hook/pythonpath.ps1'
[2.278s] INFO:colcon.colcon_core.shell:Creating environment descriptor '/home/rss/robot_harry/robotik/install/create3_teleop/share/create3_teleop/hook/pythonpath.dsv'
[2.279s] INFO:colcon.colcon_core.shell:Creating environment hook '/home/rss/robot_harry/robotik/install/create3_teleop/share/create3_teleop/hook/pythonpath.sh'
[2.279s] Level 1:colcon.colcon_core.environment:checking '/home/rss/robot_harry/robotik/install/create3_teleop/bin'
[2.279s] Level 1:colcon.colcon_core.environment:create_environment_scripts_only(create3_teleop)
[2.279s] INFO:colcon.colcon_core.shell:Creating package script '/home/rss/robot_harry/robotik/install/create3_teleop/share/create3_teleop/package.ps1'
[2.279s] INFO:colcon.colcon_core.shell:Creating package descriptor '/home/rss/robot_harry/robotik/install/create3_teleop/share/create3_teleop/package.dsv'
[2.280s] INFO:colcon.colcon_core.shell:Creating package script '/home/rss/robot_harry/robotik/install/create3_teleop/share/create3_teleop/package.sh'
[2.280s] INFO:colcon.colcon_core.shell:Creating package script '/home/rss/robot_harry/robotik/install/create3_teleop/share/create3_teleop/package.bash'
[2.280s] INFO:colcon.colcon_core.shell:Creating package script '/home/rss/robot_harry/robotik/install/create3_teleop/share/create3_teleop/package.zsh'
[2.280s] Level 1:colcon.colcon_core.environment:create_file_with_runtime_dependencies(/home/rss/robot_harry/robotik/install/create3_teleop/share/colcon-core/packages/create3_teleop)
[2.281s] INFO:colcon.colcon_ros.task.ament_python.build:Building ROS package in '/home/rss/robot_harry/robotik/src/teleop' with build type 'ament_python'
[2.282s] Level 1:colcon.colcon_core.shell:create_environment_hook('teleop', 'ament_prefix_path')
[2.282s] INFO:colcon.colcon_core.shell:Creating environment hook '/home/rss/robot_harry/robotik/install/teleop/share/teleop/hook/ament_prefix_path.ps1'
[2.282s] INFO:colcon.colcon_core.shell:Creating environment descriptor '/home/rss/robot_harry/robotik/install/teleop/share/teleop/hook/ament_prefix_path.dsv'
[2.282s] INFO:colcon.colcon_core.shell:Creating environment hook '/home/rss/robot_harry/robotik/install/teleop/share/teleop/hook/ament_prefix_path.sh'
[2.283s] INFO:colcon.colcon_core.shell:Skip shell extension 'powershell' for command environment: Not usable outside of PowerShell
[2.283s] DEBUG:colcon.colcon_core.shell:Skip shell extension 'dsv' for command environment
[2.286s] Level 1:colcon.colcon_core.environment:checking '/home/rss/robot_harry/robotik/install/my_robot_navigation' for CMake module files
[2.286s] DEBUG:colcon.colcon_core.event_handler.log_command:Invoked command in '/home/rss/robot_harry/robotik/src/my_robot_navigation' returned '0': PYTHONPATH=/home/rss/robot_harry/robotik/build/my_robot_navigation/prefix_override:/usr/lib/python3/dist-packages/colcon_core/task/python/colcon_distutils_commands:/home/rss/robot_harry/robotik/install/my_robot_navigation/lib/python3.10/site-packages:${PYTHONPATH} /usr/bin/python3 -W ignore:setup.py install is deprecated -W ignore:easy_install command is deprecated setup.py egg_info --egg-base ../../build/my_robot_navigation build --build-base /home/rss/robot_harry/robotik/build/my_robot_navigation/build install --record /home/rss/robot_harry/robotik/build/my_robot_navigation/install.log --single-version-externally-managed install_data
[2.287s] Level 1:colcon.colcon_core.environment:checking '/home/rss/robot_harry/robotik/install/my_robot_navigation' for CMake config files
[2.287s] Level 1:colcon.colcon_core.environment:checking '/home/rss/robot_harry/robotik/install/my_robot_navigation/lib'
[2.287s] Level 1:colcon.colcon_core.environment:checking '/home/rss/robot_harry/robotik/install/my_robot_navigation/bin'
[2.287s] Level 1:colcon.colcon_core.environment:checking '/home/rss/robot_harry/robotik/install/my_robot_navigation/lib/pkgconfig/my_robot_navigation.pc'
[2.287s] Level 1:colcon.colcon_core.environment:checking '/home/rss/robot_harry/robotik/install/my_robot_navigation/lib/python3.10/site-packages'
[2.287s] Level 1:colcon.colcon_core.shell:create_environment_hook('my_robot_navigation', 'pythonpath')
[2.287s] INFO:colcon.colcon_core.shell:Creating environment hook '/home/rss/robot_harry/robotik/install/my_robot_navigation/share/my_robot_navigation/hook/pythonpath.ps1'
[2.288s] INFO:colcon.colcon_core.shell:Creating environment descriptor '/home/rss/robot_harry/robotik/install/my_robot_navigation/share/my_robot_navigation/hook/pythonpath.dsv'
[2.288s] INFO:colcon.colcon_core.shell:Creating environment hook '/home/rss/robot_harry/robotik/install/my_robot_navigation/share/my_robot_navigation/hook/pythonpath.sh'
[2.289s] Level 1:colcon.colcon_core.environment:checking '/home/rss/robot_harry/robotik/install/my_robot_navigation/bin'
[2.289s] Level 1:colcon.colcon_core.environment:create_environment_scripts_only(my_robot_navigation)
[2.289s] INFO:colcon.colcon_core.shell:Creating package script '/home/rss/robot_harry/robotik/install/my_robot_navigation/share/my_robot_navigation/package.ps1'
[2.289s] INFO:colcon.colcon_core.shell:Creating package descriptor '/home/rss/robot_harry/robotik/install/my_robot_navigation/share/my_robot_navigation/package.dsv'
[2.289s] INFO:colcon.colcon_core.shell:Creating package script '/home/rss/robot_harry/robotik/install/my_robot_navigation/share/my_robot_navigation/package.sh'
[2.290s] INFO:colcon.colcon_core.shell:Creating package script '/home/rss/robot_harry/robotik/install/my_robot_navigation/share/my_robot_navigation/package.bash'
[2.290s] INFO:colcon.colcon_core.shell:Creating package script '/home/rss/robot_harry/robotik/install/my_robot_navigation/share/my_robot_navigation/package.zsh'
[2.290s] Level 1:colcon.colcon_core.environment:create_file_with_runtime_dependencies(/home/rss/robot_harry/robotik/install/my_robot_navigation/share/colcon-core/packages/my_robot_navigation)
[2.290s] Level 1:colcon.colcon_core.environment:checking '/home/rss/robot_harry/robotik/install/my_robot_slam' for CMake module files
[2.291s] DEBUG:colcon.colcon_core.event_handler.log_command:Invoked command in '/home/rss/robot_harry/robotik/src/my_robot_slam' returned '0': PYTHONPATH=/home/rss/robot_harry/robotik/build/my_robot_slam/prefix_override:/usr/lib/python3/dist-packages/colcon_core/task/python/colcon_distutils_commands:/home/rss/robot_harry/robotik/install/my_robot_slam/lib/python3.10/site-packages:${PYTHONPATH} /usr/bin/python3 -W ignore:setup.py install is deprecated -W ignore:easy_install command is deprecated setup.py egg_info --egg-base ../../build/my_robot_slam build --build-base /home/rss/robot_harry/robotik/build/my_robot_slam/build install --record /home/rss/robot_harry/robotik/build/my_robot_slam/install.log --single-version-externally-managed install_data
[2.291s] Level 1:colcon.colcon_core.environment:checking '/home/rss/robot_harry/robotik/install/my_robot_slam' for CMake config files
[2.292s] Level 1:colcon.colcon_core.environment:checking '/home/rss/robot_harry/robotik/install/my_robot_slam/lib'
[2.292s] Level 1:colcon.colcon_core.environment:checking '/home/rss/robot_harry/robotik/install/my_robot_slam/bin'
[2.292s] Level 1:colcon.colcon_core.environment:checking '/home/rss/robot_harry/robotik/install/my_robot_slam/lib/pkgconfig/my_robot_slam.pc'
[2.292s] Level 1:colcon.colcon_core.environment:checking '/home/rss/robot_harry/robotik/install/my_robot_slam/lib/python3.10/site-packages'
[2.292s] Level 1:colcon.colcon_core.shell:create_environment_hook('my_robot_slam', 'pythonpath')
[2.292s] INFO:colcon.colcon_core.shell:Creating environment hook '/home/rss/robot_harry/robotik/install/my_robot_slam/share/my_robot_slam/hook/pythonpath.ps1'
[2.292s] INFO:colcon.colcon_core.shell:Creating environment descriptor '/home/rss/robot_harry/robotik/install/my_robot_slam/share/my_robot_slam/hook/pythonpath.dsv'
[2.292s] INFO:colcon.colcon_core.shell:Creating environment hook '/home/rss/robot_harry/robotik/install/my_robot_slam/share/my_robot_slam/hook/pythonpath.sh'
[2.293s] Level 1:colcon.colcon_core.environment:checking '/home/rss/robot_harry/robotik/install/my_robot_slam/bin'
[2.293s] Level 1:colcon.colcon_core.environment:create_environment_scripts_only(my_robot_slam)
[2.293s] INFO:colcon.colcon_core.shell:Creating package script '/home/rss/robot_harry/robotik/install/my_robot_slam/share/my_robot_slam/package.ps1'
[2.294s] INFO:colcon.colcon_core.shell:Creating package descriptor '/home/rss/robot_harry/robotik/install/my_robot_slam/share/my_robot_slam/package.dsv'
[2.294s] INFO:colcon.colcon_core.shell:Creating package script '/home/rss/robot_harry/robotik/install/my_robot_slam/share/my_robot_slam/package.sh'
[2.294s] INFO:colcon.colcon_core.shell:Creating package script '/home/rss/robot_harry/robotik/install/my_robot_slam/share/my_robot_slam/package.bash'
[2.295s] INFO:colcon.colcon_core.shell:Creating package script '/home/rss/robot_harry/robotik/install/my_robot_slam/share/my_robot_slam/package.zsh'
[2.295s] Level 1:colcon.colcon_core.environment:create_file_with_runtime_dependencies(/home/rss/robot_harry/robotik/install/my_robot_slam/share/colcon-core/packages/my_robot_slam)
[2.299s] Level 1:colcon.colcon_core.environment:checking '/home/rss/robot_harry/robotik/install/create3_examples_py' for CMake module files
[2.300s] DEBUG:colcon.colcon_core.event_handler.log_command:Invoking command in '/home/rss/robot_harry/robotik/src/pub_sub': PYTHONPATH=/home/rss/robot_harry/robotik/build/pub_sub/prefix_override:/usr/lib/python3/dist-packages/colcon_core/task/python/colcon_distutils_commands:/home/rss/robot_harry/robotik/install/pub_sub/lib/python3.10/site-packages:${PYTHONPATH} /usr/bin/python3 -W ignore:setup.py install is deprecated -W ignore:easy_install command is deprecated setup.py egg_info --egg-base ../../build/pub_sub build --build-base /home/rss/robot_harry/robotik/build/pub_sub/build install --record /home/rss/robot_harry/robotik/build/pub_sub/install.log --single-version-externally-managed install_data
[2.301s] DEBUG:colcon.colcon_core.event_handler.log_command:Invoking command in '/home/rss/robot_harry/robotik/src/object_detection': PYTHONPATH=/home/rss/robot_harry/robotik/build/object_detection/prefix_override:/usr/lib/python3/dist-packages/colcon_core/task/python/colcon_distutils_commands:/home/rss/robot_harry/robotik/install/object_detection/lib/python3.10/site-packages:${PYTHONPATH} /usr/bin/python3 -W ignore:setup.py install is deprecated -W ignore:easy_install command is deprecated setup.py egg_info --egg-base ../../build/object_detection build --build-base /home/rss/robot_harry/robotik/build/object_detection/build install --record /home/rss/robot_harry/robotik/build/object_detection/install.log --single-version-externally-managed install_data
[2.301s] DEBUG:colcon.colcon_core.event_handler.log_command:Invoked command in '/home/rss/robot_harry/robotik/src/create3_examples/create3_examples_py' returned '0': PYTHONPATH=/home/rss/robot_harry/robotik/build/create3_examples_py/prefix_override:/usr/lib/python3/dist-packages/colcon_core/task/python/colcon_distutils_commands:/home/rss/robot_harry/robotik/install/create3_examples_py/lib/python3.10/site-packages:${PYTHONPATH} /usr/bin/python3 -W ignore:setup.py install is deprecated -W ignore:easy_install command is deprecated setup.py egg_info --egg-base ../../../build/create3_examples_py build --build-base /home/rss/robot_harry/robotik/build/create3_examples_py/build install --record /home/rss/robot_harry/robotik/build/create3_examples_py/install.log --single-version-externally-managed install_data
[2.301s] Level 1:colcon.colcon_core.environment:checking '/home/rss/robot_harry/robotik/install/create3_examples_py' for CMake config files
[2.302s] Level 1:colcon.colcon_core.environment:checking '/home/rss/robot_harry/robotik/install/create3_examples_py/lib'
[2.302s] Level 1:colcon.colcon_core.environment:checking '/home/rss/robot_harry/robotik/install/create3_examples_py/bin'
[2.302s] Level 1:colcon.colcon_core.environment:checking '/home/rss/robot_harry/robotik/install/create3_examples_py/lib/pkgconfig/create3_examples_py.pc'
[2.302s] Level 1:colcon.colcon_core.environment:checking '/home/rss/robot_harry/robotik/install/create3_examples_py/lib/python3.10/site-packages'
[2.303s] Level 1:colcon.colcon_core.shell:create_environment_hook('create3_examples_py', 'pythonpath')
[2.303s] INFO:colcon.colcon_core.shell:Creating environment hook '/home/rss/robot_harry/robotik/install/create3_examples_py/share/create3_examples_py/hook/pythonpath.ps1'
[2.304s] INFO:colcon.colcon_core.shell:Creating environment descriptor '/home/rss/robot_harry/robotik/install/create3_examples_py/share/create3_examples_py/hook/pythonpath.dsv'
[2.304s] INFO:colcon.colcon_core.shell:Creating environment hook '/home/rss/robot_harry/robotik/install/create3_examples_py/share/create3_examples_py/hook/pythonpath.sh'
[2.305s] Level 1:colcon.colcon_core.environment:checking '/home/rss/robot_harry/robotik/install/create3_examples_py/bin'
[2.305s] Level 1:colcon.colcon_core.environment:create_environment_scripts_only(create3_examples_py)
[2.306s] INFO:colcon.colcon_core.shell:Creating package script '/home/rss/robot_harry/robotik/install/create3_examples_py/share/create3_examples_py/package.ps1'
[2.306s] INFO:colcon.colcon_core.shell:Creating package descriptor '/home/rss/robot_harry/robotik/install/create3_examples_py/share/create3_examples_py/package.dsv'
[2.306s] INFO:colcon.colcon_core.shell:Creating package script '/home/rss/robot_harry/robotik/install/create3_examples_py/share/create3_examples_py/package.sh'
[2.307s] INFO:colcon.colcon_core.shell:Creating package script '/home/rss/robot_harry/robotik/install/create3_examples_py/share/create3_examples_py/package.bash'
[2.307s] INFO:colcon.colcon_core.shell:Creating package script '/home/rss/robot_harry/robotik/install/create3_examples_py/share/create3_examples_py/package.zsh'
[2.308s] Level 1:colcon.colcon_core.environment:create_file_with_runtime_dependencies(/home/rss/robot_harry/robotik/install/create3_examples_py/share/colcon-core/packages/create3_examples_py)
[2.308s] INFO:colcon.colcon_ros.task.ament_python.build:Building ROS package in '/home/rss/robot_harry/robotik/src/webcam_bringup' with build type 'ament_python'
[2.309s] Level 1:colcon.colcon_core.shell:create_environment_hook('webcam_bringup', 'ament_prefix_path')
[2.309s] INFO:colcon.colcon_core.shell:Creating environment hook '/home/rss/robot_harry/robotik/install/webcam_bringup/share/webcam_bringup/hook/ament_prefix_path.ps1'
[2.310s] INFO:colcon.colcon_core.shell:Creating environment descriptor '/home/rss/robot_harry/robotik/install/webcam_bringup/share/webcam_bringup/hook/ament_prefix_path.dsv'
[2.310s] INFO:colcon.colcon_core.shell:Creating environment hook '/home/rss/robot_harry/robotik/install/webcam_bringup/share/webcam_bringup/hook/ament_prefix_path.sh'
[2.311s] INFO:colcon.colcon_core.shell:Skip shell extension 'powershell' for command environment: Not usable outside of PowerShell
[2.311s] DEBUG:colcon.colcon_core.shell:Skip shell extension 'dsv' for command environment
[2.315s] INFO:colcon.colcon_ros.task.ament_cmake.build:Building ROS package in '/home/rss/robot_harry/robotik/src/apriltag_ros' with build type 'ament_cmake'
[2.315s] INFO:colcon.colcon_cmake.task.cmake.build:Building CMake package in '/home/rss/robot_harry/robotik/src/apriltag_ros'
[2.315s] INFO:colcon.colcon_core.shell:Skip shell extension 'powershell' for command environment: Not usable outside of PowerShell
[2.316s] DEBUG:colcon.colcon_core.shell:Skip shell extension 'dsv' for command environment
[2.321s] INFO:colcon.colcon_ros.task.ament_cmake.build:Building ROS package in '/home/rss/robot_harry/robotik/src/create3_examples/create3_coverage' with build type 'ament_cmake'
[2.321s] INFO:colcon.colcon_cmake.task.cmake.build:Building CMake package in '/home/rss/robot_harry/robotik/src/create3_examples/create3_coverage'
[2.322s] INFO:colcon.colcon_core.shell:Skip shell extension 'powershell' for command environment: Not usable outside of PowerShell
[2.322s] DEBUG:colcon.colcon_core.shell:Skip shell extension 'dsv' for command environment
[2.658s] INFO:colcon.colcon_core.task.python.build:Building Python package in '/home/rss/robot_harry/robotik/src/teleop'
[2.658s] INFO:colcon.colcon_core.shell:Skip shell extension 'powershell' for command environment: Not usable outside of PowerShell
[2.658s] DEBUG:colcon.colcon_core.shell:Skip shell extension 'dsv' for command environment
[2.862s] INFO:colcon.colcon_core.task.python.build:Building Python package in '/home/rss/robot_harry/robotik/src/webcam_bringup'
[2.862s] INFO:colcon.colcon_core.shell:Skip shell extension 'powershell' for command environment: Not usable outside of PowerShell
[2.862s] DEBUG:colcon.colcon_core.shell:Skip shell extension 'dsv' for command environment
[2.870s] DEBUG:colcon.colcon_core.event_handler.log_command:Invoking command in '/home/rss/robot_harry/robotik/build/apriltag_ros': CMAKE_PREFIX_PATH=/home/rss/robot_harry/robotik/install/apriltag_msgs:/home/rss/robot_harry/robotik/install/create3_lidar_slam:/home/rss/robot_harry/robotik/install/rplidar_ros:/home/rss/robot_harry/robotik/install/create3_republisher:/home/rss/robot_harry/robotik/install/create3_coverage:/home/rss/robot_harry/robotik/install/create3_examples_msgs:/home/rss/robot_harry/robotik/install/apriltag_ros:/home/rss/robot_harry/robotik/install/webcam_bringup:/home/rss/robot_harry/robotik/install/teleop:/home/rss/robot_harry/robotik/install/tag_detection:/home/rss/robot_harry/robotik/install/robot_bringup:/home/rss/robot_harry/robotik/install/pub_sub:/home/rss/robot_harry/robotik/install/object_detection:/home/rss/robot_harry/robotik/install/my_robot_slam:/home/rss/robot_harry/robotik/install/my_robot_navigation:/home/rss/robot_harry/robotik/install/create3_teleop:/home/rss/robot_harry/robotik/install/create3_examples_py:/opt/ros/humble LD_LIBRARY_PATH=/home/rss/robot_harry/robotik/install/apriltag_msgs/lib:/home/rss/robot_harry/robotik/install/create3_coverage/lib:/home/rss/robot_harry/robotik/install/create3_examples_msgs/lib:/home/rss/robot_harry/robotik/install/apriltag_ros/lib:/opt/ros/humble/opt/rviz_ogre_vendor/lib:/opt/ros/humble/lib/x86_64-linux-gnu:/opt/ros/humble/lib /usr/bin/cmake --build /home/rss/robot_harry/robotik/build/apriltag_ros -- -j8 -l8
[2.873s] Level 1:colcon.colcon_core.environment:checking '/home/rss/robot_harry/robotik/install/object_detection' for CMake module files
[2.873s] DEBUG:colcon.colcon_core.event_handler.log_command:Invoking command in '/home/rss/robot_harry/robotik/build/create3_coverage': CMAKE_PREFIX_PATH=/home/rss/robot_harry/robotik/install/create3_examples_msgs:/home/rss/robot_harry/robotik/install/create3_lidar_slam:/home/rss/robot_harry/robotik/install/rplidar_ros:/home/rss/robot_harry/robotik/install/create3_republisher:/home/rss/robot_harry/robotik/install/create3_coverage:/home/rss/robot_harry/robotik/install/apriltag_ros:/home/rss/robot_harry/robotik/install/apriltag_msgs:/home/rss/robot_harry/robotik/install/webcam_bringup:/home/rss/robot_harry/robotik/install/teleop:/home/rss/robot_harry/robotik/install/tag_detection:/home/rss/robot_harry/robotik/install/robot_bringup:/home/rss/robot_harry/robotik/install/pub_sub:/home/rss/robot_harry/robotik/install/object_detection:/home/rss/robot_harry/robotik/install/my_robot_slam:/home/rss/robot_harry/robotik/install/my_robot_navigation:/home/rss/robot_harry/robotik/install/create3_teleop:/home/rss/robot_harry/robotik/install/create3_examples_py:/opt/ros/humble LD_LIBRARY_PATH=/home/rss/robot_harry/robotik/install/create3_examples_msgs/lib:/home/rss/robot_harry/robotik/install/create3_coverage/lib:/home/rss/robot_harry/robotik/install/apriltag_ros/lib:/home/rss/robot_harry/robotik/install/apriltag_msgs/lib:/opt/ros/humble/opt/rviz_ogre_vendor/lib:/opt/ros/humble/lib/x86_64-linux-gnu:/opt/ros/humble/lib /usr/bin/cmake --build /home/rss/robot_harry/robotik/build/create3_coverage -- -j8 -l8
[2.874s] DEBUG:colcon.colcon_core.event_handler.log_command:Invoked command in '/home/rss/robot_harry/robotik/src/object_detection' returned '0': PYTHONPATH=/home/rss/robot_harry/robotik/build/object_detection/prefix_override:/usr/lib/python3/dist-packages/colcon_core/task/python/colcon_distutils_commands:/home/rss/robot_harry/robotik/install/object_detection/lib/python3.10/site-packages:${PYTHONPATH} /usr/bin/python3 -W ignore:setup.py install is deprecated -W ignore:easy_install command is deprecated setup.py egg_info --egg-base ../../build/object_detection build --build-base /home/rss/robot_harry/robotik/build/object_detection/build install --record /home/rss/robot_harry/robotik/build/object_detection/install.log --single-version-externally-managed install_data
[2.874s] Level 1:colcon.colcon_core.environment:checking '/home/rss/robot_harry/robotik/install/object_detection' for CMake config files
[2.874s] Level 1:colcon.colcon_core.environment:checking '/home/rss/robot_harry/robotik/install/object_detection/lib'
[2.874s] Level 1:colcon.colcon_core.environment:checking '/home/rss/robot_harry/robotik/install/object_detection/bin'
[2.874s] Level 1:colcon.colcon_core.environment:checking '/home/rss/robot_harry/robotik/install/object_detection/lib/pkgconfig/object_detection.pc'
[2.874s] Level 1:colcon.colcon_core.environment:checking '/home/rss/robot_harry/robotik/install/object_detection/lib/python3.10/site-packages'
[2.874s] Level 1:colcon.colcon_core.shell:create_environment_hook('object_detection', 'pythonpath')
[2.875s] INFO:colcon.colcon_core.shell:Creating environment hook '/home/rss/robot_harry/robotik/install/object_detection/share/object_detection/hook/pythonpath.ps1'
[2.875s] INFO:colcon.colcon_core.shell:Creating environment descriptor '/home/rss/robot_harry/robotik/install/object_detection/share/object_detection/hook/pythonpath.dsv'
[2.875s] INFO:colcon.colcon_core.shell:Creating environment hook '/home/rss/robot_harry/robotik/install/object_detection/share/object_detection/hook/pythonpath.sh'
[2.876s] Level 1:colcon.colcon_core.environment:checking '/home/rss/robot_harry/robotik/install/object_detection/bin'
[2.876s] Level 1:colcon.colcon_core.environment:create_environment_scripts_only(object_detection)
[2.876s] INFO:colcon.colcon_core.shell:Creating package script '/home/rss/robot_harry/robotik/install/object_detection/share/object_detection/package.ps1'
[2.877s] INFO:colcon.colcon_core.shell:Creating package descriptor '/home/rss/robot_harry/robotik/install/object_detection/share/object_detection/package.dsv'
[2.877s] INFO:colcon.colcon_core.shell:Creating package script '/home/rss/robot_harry/robotik/install/object_detection/share/object_detection/package.sh'
[2.878s] INFO:colcon.colcon_core.shell:Creating package script '/home/rss/robot_harry/robotik/install/object_detection/share/object_detection/package.bash'
[2.878s] INFO:colcon.colcon_core.shell:Creating package script '/home/rss/robot_harry/robotik/install/object_detection/share/object_detection/package.zsh'
[2.878s] Level 1:colcon.colcon_core.environment:create_file_with_runtime_dependencies(/home/rss/robot_harry/robotik/install/object_detection/share/colcon-core/packages/object_detection)
[2.879s] Level 1:colcon.colcon_core.environment:checking '/home/rss/robot_harry/robotik/install/pub_sub' for CMake module files
[2.880s] Level 1:colcon.colcon_core.environment:checking '/home/rss/robot_harry/robotik/install/pub_sub' for CMake config files
[2.880s] DEBUG:colcon.colcon_core.event_handler.log_command:Invoked command in '/home/rss/robot_harry/robotik/src/pub_sub' returned '0': PYTHONPATH=/home/rss/robot_harry/robotik/build/pub_sub/prefix_override:/usr/lib/python3/dist-packages/colcon_core/task/python/colcon_distutils_commands:/home/rss/robot_harry/robotik/install/pub_sub/lib/python3.10/site-packages:${PYTHONPATH} /usr/bin/python3 -W ignore:setup.py install is deprecated -W ignore:easy_install command is deprecated setup.py egg_info --egg-base ../../build/pub_sub build --build-base /home/rss/robot_harry/robotik/build/pub_sub/build install --record /home/rss/robot_harry/robotik/build/pub_sub/install.log --single-version-externally-managed install_data
[2.880s] Level 1:colcon.colcon_core.environment:checking '/home/rss/robot_harry/robotik/install/pub_sub/lib'
[2.880s] Level 1:colcon.colcon_core.environment:checking '/home/rss/robot_harry/robotik/install/pub_sub/bin'
[2.880s] Level 1:colcon.colcon_core.environment:checking '/home/rss/robot_harry/robotik/install/pub_sub/lib/pkgconfig/pub_sub.pc'
[2.881s] Level 1:colcon.colcon_core.environment:checking '/home/rss/robot_harry/robotik/install/pub_sub/lib/python3.10/site-packages'
[2.881s] Level 1:colcon.colcon_core.shell:create_environment_hook('pub_sub', 'pythonpath')
[2.881s] INFO:colcon.colcon_core.shell:Creating environment hook '/home/rss/robot_harry/robotik/install/pub_sub/share/pub_sub/hook/pythonpath.ps1'
[2.881s] INFO:colcon.colcon_core.shell:Creating environment descriptor '/home/rss/robot_harry/robotik/install/pub_sub/share/pub_sub/hook/pythonpath.dsv'
[2.881s] INFO:colcon.colcon_core.shell:Creating environment hook '/home/rss/robot_harry/robotik/install/pub_sub/share/pub_sub/hook/pythonpath.sh'
[2.882s] Level 1:colcon.colcon_core.environment:checking '/home/rss/robot_harry/robotik/install/pub_sub/bin'
[2.882s] Level 1:colcon.colcon_core.environment:create_environment_scripts_only(pub_sub)
[2.882s] INFO:colcon.colcon_core.shell:Creating package script '/home/rss/robot_harry/robotik/install/pub_sub/share/pub_sub/package.ps1'
[2.882s] INFO:colcon.colcon_core.shell:Creating package descriptor '/home/rss/robot_harry/robotik/install/pub_sub/share/pub_sub/package.dsv'
[2.883s] INFO:colcon.colcon_core.shell:Creating package script '/home/rss/robot_harry/robotik/install/pub_sub/share/pub_sub/package.sh'
[2.883s] INFO:colcon.colcon_core.shell:Creating package script '/home/rss/robot_harry/robotik/install/pub_sub/share/pub_sub/package.bash'
[2.883s] INFO:colcon.colcon_core.shell:Creating package script '/home/rss/robot_harry/robotik/install/pub_sub/share/pub_sub/package.zsh'
[2.883s] Level 1:colcon.colcon_core.environment:create_file_with_runtime_dependencies(/home/rss/robot_harry/robotik/install/pub_sub/share/colcon-core/packages/pub_sub)
[2.884s] INFO:colcon.colcon_ros.task.ament_cmake.build:Building ROS package in '/home/rss/robot_harry/robotik/src/create3_examples/create3_lidar_slam' with build type 'ament_cmake'
[2.884s] INFO:colcon.colcon_cmake.task.cmake.build:Building CMake package in '/home/rss/robot_harry/robotik/src/create3_examples/create3_lidar_slam'
[2.884s] INFO:colcon.colcon_core.shell:Skip shell extension 'powershell' for command environment: Not usable outside of PowerShell
[2.884s] DEBUG:colcon.colcon_core.shell:Skip shell extension 'dsv' for command environment
[2.893s] DEBUG:colcon.colcon_core.event_handler.log_command:Invoking command in '/home/rss/robot_harry/robotik/src/robot_bringup': PYTHONPATH=/home/rss/robot_harry/robotik/build/robot_bringup/prefix_override:/usr/lib/python3/dist-packages/colcon_core/task/python/colcon_distutils_commands:/home/rss/robot_harry/robotik/install/robot_bringup/lib/python3.10/site-packages:${PYTHONPATH} /usr/bin/python3 -W ignore:setup.py install is deprecated -W ignore:easy_install command is deprecated setup.py egg_info --egg-base ../../build/robot_bringup build --build-base /home/rss/robot_harry/robotik/build/robot_bringup/build install --record /home/rss/robot_harry/robotik/build/robot_bringup/install.log --single-version-externally-managed install_data
[2.898s] DEBUG:colcon.colcon_core.event_handler.log_command:Invoking command in '/home/rss/robot_harry/robotik/src/tag_detection': PYTHONPATH=/home/rss/robot_harry/robotik/build/tag_detection/prefix_override:/usr/lib/python3/dist-packages/colcon_core/task/python/colcon_distutils_commands:/home/rss/robot_harry/robotik/install/tag_detection/lib/python3.10/site-packages:${PYTHONPATH} /usr/bin/python3 -W ignore:setup.py install is deprecated -W ignore:easy_install command is deprecated setup.py egg_info --egg-base ../../build/tag_detection build --build-base /home/rss/robot_harry/robotik/build/tag_detection/build install --record /home/rss/robot_harry/robotik/build/tag_detection/install.log --single-version-externally-managed install_data
[2.913s] DEBUG:colcon.colcon_core.event_handler.log_command:Invoking command in '/home/rss/robot_harry/robotik/build/create3_lidar_slam': CMAKE_PREFIX_PATH=/home/rss/robot_harry/robotik/install/rplidar_ros:/home/rss/robot_harry/robotik/install/create3_lidar_slam:/home/rss/robot_harry/robotik/install/create3_republisher:/home/rss/robot_harry/robotik/install/create3_coverage:/home/rss/robot_harry/robotik/install/create3_examples_msgs:/home/rss/robot_harry/robotik/install/apriltag_ros:/home/rss/robot_harry/robotik/install/apriltag_msgs:/home/rss/robot_harry/robotik/install/webcam_bringup:/home/rss/robot_harry/robotik/install/teleop:/home/rss/robot_harry/robotik/install/tag_detection:/home/rss/robot_harry/robotik/install/robot_bringup:/home/rss/robot_harry/robotik/install/pub_sub:/home/rss/robot_harry/robotik/install/object_detection:/home/rss/robot_harry/robotik/install/my_robot_slam:/home/rss/robot_harry/robotik/install/my_robot_navigation:/home/rss/robot_harry/robotik/install/create3_teleop:/home/rss/robot_harry/robotik/install/create3_examples_py:/opt/ros/humble /usr/bin/cmake --build /home/rss/robot_harry/robotik/build/create3_lidar_slam -- -j8 -l8
[2.960s] DEBUG:colcon.colcon_core.event_handler.log_command:Invoked command in '/home/rss/robot_harry/robotik/build/create3_lidar_slam' returned '0': CMAKE_PREFIX_PATH=/home/rss/robot_harry/robotik/install/rplidar_ros:/home/rss/robot_harry/robotik/install/create3_lidar_slam:/home/rss/robot_harry/robotik/install/create3_republisher:/home/rss/robot_harry/robotik/install/create3_coverage:/home/rss/robot_harry/robotik/install/create3_examples_msgs:/home/rss/robot_harry/robotik/install/apriltag_ros:/home/rss/robot_harry/robotik/install/apriltag_msgs:/home/rss/robot_harry/robotik/install/webcam_bringup:/home/rss/robot_harry/robotik/install/teleop:/home/rss/robot_harry/robotik/install/tag_detection:/home/rss/robot_harry/robotik/install/robot_bringup:/home/rss/robot_harry/robotik/install/pub_sub:/home/rss/robot_harry/robotik/install/object_detection:/home/rss/robot_harry/robotik/install/my_robot_slam:/home/rss/robot_harry/robotik/install/my_robot_navigation:/home/rss/robot_harry/robotik/install/create3_teleop:/home/rss/robot_harry/robotik/install/create3_examples_py:/opt/ros/humble /usr/bin/cmake --build /home/rss/robot_harry/robotik/build/create3_lidar_slam -- -j8 -l8
[2.964s] DEBUG:colcon.colcon_core.event_handler.log_command:Invoking command in '/home/rss/robot_harry/robotik/build/create3_lidar_slam': CMAKE_PREFIX_PATH=/home/rss/robot_harry/robotik/install/rplidar_ros:/home/rss/robot_harry/robotik/install/create3_lidar_slam:/home/rss/robot_harry/robotik/install/create3_republisher:/home/rss/robot_harry/robotik/install/create3_coverage:/home/rss/robot_harry/robotik/install/create3_examples_msgs:/home/rss/robot_harry/robotik/install/apriltag_ros:/home/rss/robot_harry/robotik/install/apriltag_msgs:/home/rss/robot_harry/robotik/install/webcam_bringup:/home/rss/robot_harry/robotik/install/teleop:/home/rss/robot_harry/robotik/install/tag_detection:/home/rss/robot_harry/robotik/install/robot_bringup:/home/rss/robot_harry/robotik/install/pub_sub:/home/rss/robot_harry/robotik/install/object_detection:/home/rss/robot_harry/robotik/install/my_robot_slam:/home/rss/robot_harry/robotik/install/my_robot_navigation:/home/rss/robot_harry/robotik/install/create3_teleop:/home/rss/robot_harry/robotik/install/create3_examples_py:/opt/ros/humble /usr/bin/cmake --install /home/rss/robot_harry/robotik/build/create3_lidar_slam
[2.998s] Level 1:colcon.colcon_core.environment:create_environment_scripts_only(create3_lidar_slam)
[2.999s] Level 1:colcon.colcon_core.environment:checking '/home/rss/robot_harry/robotik/install/create3_lidar_slam' for CMake module files
[2.999s] Level 1:colcon.colcon_core.environment:checking '/home/rss/robot_harry/robotik/install/create3_lidar_slam' for CMake config files
[2.999s] Level 1:colcon.colcon_core.shell:create_environment_hook('create3_lidar_slam', 'cmake_prefix_path')
[3.000s] INFO:colcon.colcon_core.shell:Creating environment hook '/home/rss/robot_harry/robotik/install/create3_lidar_slam/share/create3_lidar_slam/hook/cmake_prefix_path.ps1'
[3.001s] DEBUG:colcon.colcon_core.event_handler.log_command:Invoked command in '/home/rss/robot_harry/robotik/build/create3_lidar_slam' returned '0': CMAKE_PREFIX_PATH=/home/rss/robot_harry/robotik/install/rplidar_ros:/home/rss/robot_harry/robotik/install/create3_lidar_slam:/home/rss/robot_harry/robotik/install/create3_republisher:/home/rss/robot_harry/robotik/install/create3_coverage:/home/rss/robot_harry/robotik/install/create3_examples_msgs:/home/rss/robot_harry/robotik/install/apriltag_ros:/home/rss/robot_harry/robotik/install/apriltag_msgs:/home/rss/robot_harry/robotik/install/webcam_bringup:/home/rss/robot_harry/robotik/install/teleop:/home/rss/robot_harry/robotik/install/tag_detection:/home/rss/robot_harry/robotik/install/robot_bringup:/home/rss/robot_harry/robotik/install/pub_sub:/home/rss/robot_harry/robotik/install/object_detection:/home/rss/robot_harry/robotik/install/my_robot_slam:/home/rss/robot_harry/robotik/install/my_robot_navigation:/home/rss/robot_harry/robotik/install/create3_teleop:/home/rss/robot_harry/robotik/install/create3_examples_py:/opt/ros/humble /usr/bin/cmake --install /home/rss/robot_harry/robotik/build/create3_lidar_slam
[3.005s] INFO:colcon.colcon_core.shell:Creating environment descriptor '/home/rss/robot_harry/robotik/install/create3_lidar_slam/share/create3_lidar_slam/hook/cmake_prefix_path.dsv'
[3.008s] INFO:colcon.colcon_core.shell:Creating environment hook '/home/rss/robot_harry/robotik/install/create3_lidar_slam/share/create3_lidar_slam/hook/cmake_prefix_path.sh'
[3.009s] Level 1:colcon.colcon_core.environment:checking '/home/rss/robot_harry/robotik/install/create3_lidar_slam/bin'
[3.009s] Level 1:colcon.colcon_core.environment:checking '/home/rss/robot_harry/robotik/install/create3_lidar_slam/lib/pkgconfig/create3_lidar_slam.pc'
[3.010s] Level 1:colcon.colcon_core.environment:checking '/home/rss/robot_harry/robotik/install/create3_lidar_slam/lib/python3.10/site-packages'
[3.010s] Level 1:colcon.colcon_core.environment:checking '/home/rss/robot_harry/robotik/install/create3_lidar_slam/bin'
[3.011s] INFO:colcon.colcon_core.shell:Creating package script '/home/rss/robot_harry/robotik/install/create3_lidar_slam/share/create3_lidar_slam/package.ps1'
[3.012s] INFO:colcon.colcon_core.shell:Creating package descriptor '/home/rss/robot_harry/robotik/install/create3_lidar_slam/share/create3_lidar_slam/package.dsv'
[3.013s] INFO:colcon.colcon_core.shell:Creating package script '/home/rss/robot_harry/robotik/install/create3_lidar_slam/share/create3_lidar_slam/package.sh'
[3.013s] INFO:colcon.colcon_core.shell:Creating package script '/home/rss/robot_harry/robotik/install/create3_lidar_slam/share/create3_lidar_slam/package.bash'
[3.014s] INFO:colcon.colcon_core.shell:Creating package script '/home/rss/robot_harry/robotik/install/create3_lidar_slam/share/create3_lidar_slam/package.zsh'
[3.015s] Level 1:colcon.colcon_core.environment:create_file_with_runtime_dependencies(/home/rss/robot_harry/robotik/install/create3_lidar_slam/share/colcon-core/packages/create3_lidar_slam)
[3.018s] Level 1:colcon.colcon_core.environment:create_environment_scripts_only(create3_lidar_slam)
[3.019s] Level 1:colcon.colcon_core.environment:checking '/home/rss/robot_harry/robotik/install/create3_lidar_slam' for CMake module files
[3.020s] Level 1:colcon.colcon_core.environment:checking '/home/rss/robot_harry/robotik/install/create3_lidar_slam' for CMake config files
[3.021s] Level 1:colcon.colcon_core.shell:create_environment_hook('create3_lidar_slam', 'cmake_prefix_path')
[3.021s] INFO:colcon.colcon_core.shell:Creating environment hook '/home/rss/robot_harry/robotik/install/create3_lidar_slam/share/create3_lidar_slam/hook/cmake_prefix_path.ps1'
[3.022s] INFO:colcon.colcon_core.shell:Creating environment descriptor '/home/rss/robot_harry/robotik/install/create3_lidar_slam/share/create3_lidar_slam/hook/cmake_prefix_path.dsv'
[3.023s] INFO:colcon.colcon_core.shell:Creating environment hook '/home/rss/robot_harry/robotik/install/create3_lidar_slam/share/create3_lidar_slam/hook/cmake_prefix_path.sh'
[3.023s] Level 1:colcon.colcon_core.environment:checking '/home/rss/robot_harry/robotik/install/create3_lidar_slam/bin'
[3.023s] Level 1:colcon.colcon_core.environment:checking '/home/rss/robot_harry/robotik/install/create3_lidar_slam/lib/pkgconfig/create3_lidar_slam.pc'
[3.023s] Level 1:colcon.colcon_core.environment:checking '/home/rss/robot_harry/robotik/install/create3_lidar_slam/lib/python3.10/site-packages'
[3.024s] Level 1:colcon.colcon_core.environment:checking '/home/rss/robot_harry/robotik/install/create3_lidar_slam/bin'
[3.024s] INFO:colcon.colcon_core.shell:Creating package script '/home/rss/robot_harry/robotik/install/create3_lidar_slam/share/create3_lidar_slam/package.ps1'
[3.025s] INFO:colcon.colcon_core.shell:Creating package descriptor '/home/rss/robot_harry/robotik/install/create3_lidar_slam/share/create3_lidar_slam/package.dsv'
[3.025s] INFO:colcon.colcon_core.shell:Creating package script '/home/rss/robot_harry/robotik/install/create3_lidar_slam/share/create3_lidar_slam/package.sh'
[3.026s] INFO:colcon.colcon_core.shell:Creating package script '/home/rss/robot_harry/robotik/install/create3_lidar_slam/share/create3_lidar_slam/package.bash'
[3.026s] INFO:colcon.colcon_core.shell:Creating package script '/home/rss/robot_harry/robotik/install/create3_lidar_slam/share/create3_lidar_slam/package.zsh'
[3.026s] Level 1:colcon.colcon_core.environment:create_file_with_runtime_dependencies(/home/rss/robot_harry/robotik/install/create3_lidar_slam/share/colcon-core/packages/create3_lidar_slam)
[3.028s] DEBUG:colcon.colcon_core.event_handler.log_command:Invoked command in '/home/rss/robot_harry/robotik/build/create3_coverage' returned '0': CMAKE_PREFIX_PATH=/home/rss/robot_harry/robotik/install/create3_examples_msgs:/home/rss/robot_harry/robotik/install/create3_lidar_slam:/home/rss/robot_harry/robotik/install/rplidar_ros:/home/rss/robot_harry/robotik/install/create3_republisher:/home/rss/robot_harry/robotik/install/create3_coverage:/home/rss/robot_harry/robotik/install/apriltag_ros:/home/rss/robot_harry/robotik/install/apriltag_msgs:/home/rss/robot_harry/robotik/install/webcam_bringup:/home/rss/robot_harry/robotik/install/teleop:/home/rss/robot_harry/robotik/install/tag_detection:/home/rss/robot_harry/robotik/install/robot_bringup:/home/rss/robot_harry/robotik/install/pub_sub:/home/rss/robot_harry/robotik/install/object_detection:/home/rss/robot_harry/robotik/install/my_robot_slam:/home/rss/robot_harry/robotik/install/my_robot_navigation:/home/rss/robot_harry/robotik/install/create3_teleop:/home/rss/robot_harry/robotik/install/create3_examples_py:/opt/ros/humble LD_LIBRARY_PATH=/home/rss/robot_harry/robotik/install/create3_examples_msgs/lib:/home/rss/robot_harry/robotik/install/create3_coverage/lib:/home/rss/robot_harry/robotik/install/apriltag_ros/lib:/home/rss/robot_harry/robotik/install/apriltag_msgs/lib:/opt/ros/humble/opt/rviz_ogre_vendor/lib:/opt/ros/humble/lib/x86_64-linux-gnu:/opt/ros/humble/lib /usr/bin/cmake --build /home/rss/robot_harry/robotik/build/create3_coverage -- -j8 -l8
[3.032s] DEBUG:colcon.colcon_core.event_handler.log_command:Invoking command in '/home/rss/robot_harry/robotik/build/create3_coverage': CMAKE_PREFIX_PATH=/home/rss/robot_harry/robotik/install/create3_examples_msgs:/home/rss/robot_harry/robotik/install/create3_lidar_slam:/home/rss/robot_harry/robotik/install/rplidar_ros:/home/rss/robot_harry/robotik/install/create3_republisher:/home/rss/robot_harry/robotik/install/create3_coverage:/home/rss/robot_harry/robotik/install/apriltag_ros:/home/rss/robot_harry/robotik/install/apriltag_msgs:/home/rss/robot_harry/robotik/install/webcam_bringup:/home/rss/robot_harry/robotik/install/teleop:/home/rss/robot_harry/robotik/install/tag_detection:/home/rss/robot_harry/robotik/install/robot_bringup:/home/rss/robot_harry/robotik/install/pub_sub:/home/rss/robot_harry/robotik/install/object_detection:/home/rss/robot_harry/robotik/install/my_robot_slam:/home/rss/robot_harry/robotik/install/my_robot_navigation:/home/rss/robot_harry/robotik/install/create3_teleop:/home/rss/robot_harry/robotik/install/create3_examples_py:/opt/ros/humble LD_LIBRARY_PATH=/home/rss/robot_harry/robotik/install/create3_examples_msgs/lib:/home/rss/robot_harry/robotik/install/create3_coverage/lib:/home/rss/robot_harry/robotik/install/apriltag_ros/lib:/home/rss/robot_harry/robotik/install/apriltag_msgs/lib:/opt/ros/humble/opt/rviz_ogre_vendor/lib:/opt/ros/humble/lib/x86_64-linux-gnu:/opt/ros/humble/lib /usr/bin/cmake --install /home/rss/robot_harry/robotik/build/create3_coverage
[3.041s] DEBUG:colcon.colcon_core.event_handler.log_command:Invoked command in '/home/rss/robot_harry/robotik/build/apriltag_ros' returned '0': CMAKE_PREFIX_PATH=/home/rss/robot_harry/robotik/install/apriltag_msgs:/home/rss/robot_harry/robotik/install/create3_lidar_slam:/home/rss/robot_harry/robotik/install/rplidar_ros:/home/rss/robot_harry/robotik/install/create3_republisher:/home/rss/robot_harry/robotik/install/create3_coverage:/home/rss/robot_harry/robotik/install/create3_examples_msgs:/home/rss/robot_harry/robotik/install/apriltag_ros:/home/rss/robot_harry/robotik/install/webcam_bringup:/home/rss/robot_harry/robotik/install/teleop:/home/rss/robot_harry/robotik/install/tag_detection:/home/rss/robot_harry/robotik/install/robot_bringup:/home/rss/robot_harry/robotik/install/pub_sub:/home/rss/robot_harry/robotik/install/object_detection:/home/rss/robot_harry/robotik/install/my_robot_slam:/home/rss/robot_harry/robotik/install/my_robot_navigation:/home/rss/robot_harry/robotik/install/create3_teleop:/home/rss/robot_harry/robotik/install/create3_examples_py:/opt/ros/humble LD_LIBRARY_PATH=/home/rss/robot_harry/robotik/install/apriltag_msgs/lib:/home/rss/robot_harry/robotik/install/create3_coverage/lib:/home/rss/robot_harry/robotik/install/create3_examples_msgs/lib:/home/rss/robot_harry/robotik/install/apriltag_ros/lib:/opt/ros/humble/opt/rviz_ogre_vendor/lib:/opt/ros/humble/lib/x86_64-linux-gnu:/opt/ros/humble/lib /usr/bin/cmake --build /home/rss/robot_harry/robotik/build/apriltag_ros -- -j8 -l8
[3.045s] DEBUG:colcon.colcon_core.event_handler.log_command:Invoking command in '/home/rss/robot_harry/robotik/build/apriltag_ros': CMAKE_PREFIX_PATH=/home/rss/robot_harry/robotik/install/apriltag_msgs:/home/rss/robot_harry/robotik/install/create3_lidar_slam:/home/rss/robot_harry/robotik/install/rplidar_ros:/home/rss/robot_harry/robotik/install/create3_republisher:/home/rss/robot_harry/robotik/install/create3_coverage:/home/rss/robot_harry/robotik/install/create3_examples_msgs:/home/rss/robot_harry/robotik/install/apriltag_ros:/home/rss/robot_harry/robotik/install/webcam_bringup:/home/rss/robot_harry/robotik/install/teleop:/home/rss/robot_harry/robotik/install/tag_detection:/home/rss/robot_harry/robotik/install/robot_bringup:/home/rss/robot_harry/robotik/install/pub_sub:/home/rss/robot_harry/robotik/install/object_detection:/home/rss/robot_harry/robotik/install/my_robot_slam:/home/rss/robot_harry/robotik/install/my_robot_navigation:/home/rss/robot_harry/robotik/install/create3_teleop:/home/rss/robot_harry/robotik/install/create3_examples_py:/opt/ros/humble LD_LIBRARY_PATH=/home/rss/robot_harry/robotik/install/apriltag_msgs/lib:/home/rss/robot_harry/robotik/install/create3_coverage/lib:/home/rss/robot_harry/robotik/install/create3_examples_msgs/lib:/home/rss/robot_harry/robotik/install/apriltag_ros/lib:/opt/ros/humble/opt/rviz_ogre_vendor/lib:/opt/ros/humble/lib/x86_64-linux-gnu:/opt/ros/humble/lib /usr/bin/cmake --install /home/rss/robot_harry/robotik/build/apriltag_ros
[3.067s] Level 1:colcon.colcon_core.environment:create_environment_scripts_only(create3_coverage)
[3.067s] Level 1:colcon.colcon_core.environment:checking '/home/rss/robot_harry/robotik/install/create3_coverage' for CMake module files
[3.068s] Level 1:colcon.colcon_core.environment:checking '/home/rss/robot_harry/robotik/install/create3_coverage' for CMake config files
[3.070s] DEBUG:colcon.colcon_core.event_handler.log_command:Invoked command in '/home/rss/robot_harry/robotik/build/create3_coverage' returned '0': CMAKE_PREFIX_PATH=/home/rss/robot_harry/robotik/install/create3_examples_msgs:/home/rss/robot_harry/robotik/install/create3_lidar_slam:/home/rss/robot_harry/robotik/install/rplidar_ros:/home/rss/robot_harry/robotik/install/create3_republisher:/home/rss/robot_harry/robotik/install/create3_coverage:/home/rss/robot_harry/robotik/install/apriltag_ros:/home/rss/robot_harry/robotik/install/apriltag_msgs:/home/rss/robot_harry/robotik/install/webcam_bringup:/home/rss/robot_harry/robotik/install/teleop:/home/rss/robot_harry/robotik/install/tag_detection:/home/rss/robot_harry/robotik/install/robot_bringup:/home/rss/robot_harry/robotik/install/pub_sub:/home/rss/robot_harry/robotik/install/object_detection:/home/rss/robot_harry/robotik/install/my_robot_slam:/home/rss/robot_harry/robotik/install/my_robot_navigation:/home/rss/robot_harry/robotik/install/create3_teleop:/home/rss/robot_harry/robotik/install/create3_examples_py:/opt/ros/humble LD_LIBRARY_PATH=/home/rss/robot_harry/robotik/install/create3_examples_msgs/lib:/home/rss/robot_harry/robotik/install/create3_coverage/lib:/home/rss/robot_harry/robotik/install/apriltag_ros/lib:/home/rss/robot_harry/robotik/install/apriltag_msgs/lib:/opt/ros/humble/opt/rviz_ogre_vendor/lib:/opt/ros/humble/lib/x86_64-linux-gnu:/opt/ros/humble/lib /usr/bin/cmake --install /home/rss/robot_harry/robotik/build/create3_coverage
[3.070s] Level 1:colcon.colcon_core.shell:create_environment_hook('create3_coverage', 'cmake_prefix_path')
[3.070s] INFO:colcon.colcon_core.shell:Creating environment hook '/home/rss/robot_harry/robotik/install/create3_coverage/share/create3_coverage/hook/cmake_prefix_path.ps1'
[3.071s] INFO:colcon.colcon_core.shell:Creating environment descriptor '/home/rss/robot_harry/robotik/install/create3_coverage/share/create3_coverage/hook/cmake_prefix_path.dsv'
[3.071s] INFO:colcon.colcon_core.shell:Creating environment hook '/home/rss/robot_harry/robotik/install/create3_coverage/share/create3_coverage/hook/cmake_prefix_path.sh'
[3.072s] Level 1:colcon.colcon_core.environment:checking '/home/rss/robot_harry/robotik/install/create3_coverage/lib'
[3.072s] Level 1:colcon.colcon_core.shell:create_environment_hook('create3_coverage', 'ld_library_path_lib')
[3.072s] INFO:colcon.colcon_core.shell:Creating environment hook '/home/rss/robot_harry/robotik/install/create3_coverage/share/create3_coverage/hook/ld_library_path_lib.ps1'
[3.073s] INFO:colcon.colcon_core.shell:Creating environment descriptor '/home/rss/robot_harry/robotik/install/create3_coverage/share/create3_coverage/hook/ld_library_path_lib.dsv'
[3.073s] INFO:colcon.colcon_core.shell:Creating environment hook '/home/rss/robot_harry/robotik/install/create3_coverage/share/create3_coverage/hook/ld_library_path_lib.sh'
[3.073s] Level 1:colcon.colcon_core.environment:checking '/home/rss/robot_harry/robotik/install/create3_coverage/bin'
[3.074s] Level 1:colcon.colcon_core.environment:checking '/home/rss/robot_harry/robotik/install/create3_coverage/lib/pkgconfig/create3_coverage.pc'
[3.074s] Level 1:colcon.colcon_core.environment:checking '/home/rss/robot_harry/robotik/install/create3_coverage/lib/python3.10/site-packages'
[3.074s] Level 1:colcon.colcon_core.environment:checking '/home/rss/robot_harry/robotik/install/create3_coverage/bin'
[3.075s] INFO:colcon.colcon_core.shell:Creating package script '/home/rss/robot_harry/robotik/install/create3_coverage/share/create3_coverage/package.ps1'
[3.075s] INFO:colcon.colcon_core.shell:Creating package descriptor '/home/rss/robot_harry/robotik/install/create3_coverage/share/create3_coverage/package.dsv'
[3.076s] INFO:colcon.colcon_core.shell:Creating package script '/home/rss/robot_harry/robotik/install/create3_coverage/share/create3_coverage/package.sh'
[3.076s] INFO:colcon.colcon_core.shell:Creating package script '/home/rss/robot_harry/robotik/install/create3_coverage/share/create3_coverage/package.bash'
[3.077s] INFO:colcon.colcon_core.shell:Creating package script '/home/rss/robot_harry/robotik/install/create3_coverage/share/create3_coverage/package.zsh'
[3.077s] Level 1:colcon.colcon_core.environment:create_file_with_runtime_dependencies(/home/rss/robot_harry/robotik/install/create3_coverage/share/colcon-core/packages/create3_coverage)
[3.077s] Level 1:colcon.colcon_core.environment:create_environment_scripts_only(create3_coverage)
[3.078s] Level 1:colcon.colcon_core.environment:checking '/home/rss/robot_harry/robotik/install/create3_coverage' for CMake module files
[3.078s] Level 1:colcon.colcon_core.environment:checking '/home/rss/robot_harry/robotik/install/create3_coverage' for CMake config files
[3.079s] Level 1:colcon.colcon_core.shell:create_environment_hook('create3_coverage', 'cmake_prefix_path')
[3.079s] INFO:colcon.colcon_core.shell:Creating environment hook '/home/rss/robot_harry/robotik/install/create3_coverage/share/create3_coverage/hook/cmake_prefix_path.ps1'
[3.079s] INFO:colcon.colcon_core.shell:Creating environment descriptor '/home/rss/robot_harry/robotik/install/create3_coverage/share/create3_coverage/hook/cmake_prefix_path.dsv'
[3.080s] INFO:colcon.colcon_core.shell:Creating environment hook '/home/rss/robot_harry/robotik/install/create3_coverage/share/create3_coverage/hook/cmake_prefix_path.sh'
[3.080s] Level 1:colcon.colcon_core.environment:checking '/home/rss/robot_harry/robotik/install/create3_coverage/lib'
[3.081s] Level 1:colcon.colcon_core.shell:create_environment_hook('create3_coverage', 'ld_library_path_lib')
[3.081s] INFO:colcon.colcon_core.shell:Creating environment hook '/home/rss/robot_harry/robotik/install/create3_coverage/share/create3_coverage/hook/ld_library_path_lib.ps1'
[3.081s] INFO:colcon.colcon_core.shell:Creating environment descriptor '/home/rss/robot_harry/robotik/install/create3_coverage/share/create3_coverage/hook/ld_library_path_lib.dsv'
[3.082s] INFO:colcon.colcon_core.shell:Creating environment hook '/home/rss/robot_harry/robotik/install/create3_coverage/share/create3_coverage/hook/ld_library_path_lib.sh'
[3.082s] Level 1:colcon.colcon_core.environment:checking '/home/rss/robot_harry/robotik/install/create3_coverage/bin'
[3.082s] Level 1:colcon.colcon_core.environment:checking '/home/rss/robot_harry/robotik/install/create3_coverage/lib/pkgconfig/create3_coverage.pc'
[3.082s] Level 1:colcon.colcon_core.environment:checking '/home/rss/robot_harry/robotik/install/create3_coverage/lib/python3.10/site-packages'
[3.083s] Level 1:colcon.colcon_core.environment:checking '/home/rss/robot_harry/robotik/install/create3_coverage/bin'
[3.083s] INFO:colcon.colcon_core.shell:Creating package script '/home/rss/robot_harry/robotik/install/create3_coverage/share/create3_coverage/package.ps1'
[3.085s] INFO:colcon.colcon_core.shell:Creating package descriptor '/home/rss/robot_harry/robotik/install/create3_coverage/share/create3_coverage/package.dsv'
[3.085s] INFO:colcon.colcon_core.shell:Creating package script '/home/rss/robot_harry/robotik/install/create3_coverage/share/create3_coverage/package.sh'
[3.086s] INFO:colcon.colcon_core.shell:Creating package script '/home/rss/robot_harry/robotik/install/create3_coverage/share/create3_coverage/package.bash'
[3.086s] INFO:colcon.colcon_core.shell:Creating package script '/home/rss/robot_harry/robotik/install/create3_coverage/share/create3_coverage/package.zsh'
[3.086s] Level 1:colcon.colcon_core.environment:create_file_with_runtime_dependencies(/home/rss/robot_harry/robotik/install/create3_coverage/share/colcon-core/packages/create3_coverage)
[3.087s] Level 1:colcon.colcon_core.environment:create_environment_scripts_only(apriltag_ros)
[3.088s] Level 1:colcon.colcon_core.environment:checking '/home/rss/robot_harry/robotik/install/apriltag_ros' for CMake module files
[3.088s] DEBUG:colcon.colcon_core.event_handler.log_command:Invoked command in '/home/rss/robot_harry/robotik/build/apriltag_ros' returned '0': CMAKE_PREFIX_PATH=/home/rss/robot_harry/robotik/install/apriltag_msgs:/home/rss/robot_harry/robotik/install/create3_lidar_slam:/home/rss/robot_harry/robotik/install/rplidar_ros:/home/rss/robot_harry/robotik/install/create3_republisher:/home/rss/robot_harry/robotik/install/create3_coverage:/home/rss/robot_harry/robotik/install/create3_examples_msgs:/home/rss/robot_harry/robotik/install/apriltag_ros:/home/rss/robot_harry/robotik/install/webcam_bringup:/home/rss/robot_harry/robotik/install/teleop:/home/rss/robot_harry/robotik/install/tag_detection:/home/rss/robot_harry/robotik/install/robot_bringup:/home/rss/robot_harry/robotik/install/pub_sub:/home/rss/robot_harry/robotik/install/object_detection:/home/rss/robot_harry/robotik/install/my_robot_slam:/home/rss/robot_harry/robotik/install/my_robot_navigation:/home/rss/robot_harry/robotik/install/create3_teleop:/home/rss/robot_harry/robotik/install/create3_examples_py:/opt/ros/humble LD_LIBRARY_PATH=/home/rss/robot_harry/robotik/install/apriltag_msgs/lib:/home/rss/robot_harry/robotik/install/create3_coverage/lib:/home/rss/robot_harry/robotik/install/create3_examples_msgs/lib:/home/rss/robot_harry/robotik/install/apriltag_ros/lib:/opt/ros/humble/opt/rviz_ogre_vendor/lib:/opt/ros/humble/lib/x86_64-linux-gnu:/opt/ros/humble/lib /usr/bin/cmake --install /home/rss/robot_harry/robotik/build/apriltag_ros
[3.089s] Level 1:colcon.colcon_core.environment:checking '/home/rss/robot_harry/robotik/install/apriltag_ros' for CMake config files
[3.089s] Level 1:colcon.colcon_core.shell:create_environment_hook('apriltag_ros', 'cmake_prefix_path')
[3.089s] INFO:colcon.colcon_core.shell:Creating environment hook '/home/rss/robot_harry/robotik/install/apriltag_ros/share/apriltag_ros/hook/cmake_prefix_path.ps1'
[3.090s] INFO:colcon.colcon_core.shell:Creating environment descriptor '/home/rss/robot_harry/robotik/install/apriltag_ros/share/apriltag_ros/hook/cmake_prefix_path.dsv'
[3.090s] INFO:colcon.colcon_core.shell:Creating environment hook '/home/rss/robot_harry/robotik/install/apriltag_ros/share/apriltag_ros/hook/cmake_prefix_path.sh'
[3.091s] Level 1:colcon.colcon_core.environment:checking '/home/rss/robot_harry/robotik/install/apriltag_ros/lib'
[3.091s] Level 1:colcon.colcon_core.shell:create_environment_hook('apriltag_ros', 'ld_library_path_lib')
[3.091s] INFO:colcon.colcon_core.shell:Creating environment hook '/home/rss/robot_harry/robotik/install/apriltag_ros/share/apriltag_ros/hook/ld_library_path_lib.ps1'
[3.092s] INFO:colcon.colcon_core.shell:Creating environment descriptor '/home/rss/robot_harry/robotik/install/apriltag_ros/share/apriltag_ros/hook/ld_library_path_lib.dsv'
[3.092s] INFO:colcon.colcon_core.shell:Creating environment hook '/home/rss/robot_harry/robotik/install/apriltag_ros/share/apriltag_ros/hook/ld_library_path_lib.sh'
[3.092s] Level 1:colcon.colcon_core.environment:checking '/home/rss/robot_harry/robotik/install/apriltag_ros/bin'
[3.092s] Level 1:colcon.colcon_core.environment:checking '/home/rss/robot_harry/robotik/install/apriltag_ros/lib/pkgconfig/apriltag_ros.pc'
[3.093s] Level 1:colcon.colcon_core.environment:checking '/home/rss/robot_harry/robotik/install/apriltag_ros/lib/python3.10/site-packages'
[3.093s] Level 1:colcon.colcon_core.environment:checking '/home/rss/robot_harry/robotik/install/apriltag_ros/bin'
[3.094s] INFO:colcon.colcon_core.shell:Creating package script '/home/rss/robot_harry/robotik/install/apriltag_ros/share/apriltag_ros/package.ps1'
[3.094s] INFO:colcon.colcon_core.shell:Creating package descriptor '/home/rss/robot_harry/robotik/install/apriltag_ros/share/apriltag_ros/package.dsv'
[3.095s] INFO:colcon.colcon_core.shell:Creating package script '/home/rss/robot_harry/robotik/install/apriltag_ros/share/apriltag_ros/package.sh'
[3.095s] INFO:colcon.colcon_core.shell:Creating package script '/home/rss/robot_harry/robotik/install/apriltag_ros/share/apriltag_ros/package.bash'
[3.095s] INFO:colcon.colcon_core.shell:Creating package script '/home/rss/robot_harry/robotik/install/apriltag_ros/share/apriltag_ros/package.zsh'
[3.096s] Level 1:colcon.colcon_core.environment:create_file_with_runtime_dependencies(/home/rss/robot_harry/robotik/install/apriltag_ros/share/colcon-core/packages/apriltag_ros)
[3.096s] Level 1:colcon.colcon_core.environment:create_environment_scripts_only(apriltag_ros)
[3.097s] Level 1:colcon.colcon_core.environment:checking '/home/rss/robot_harry/robotik/install/apriltag_ros' for CMake module files
[3.097s] Level 1:colcon.colcon_core.environment:checking '/home/rss/robot_harry/robotik/install/apriltag_ros' for CMake config files
[3.097s] Level 1:colcon.colcon_core.shell:create_environment_hook('apriltag_ros', 'cmake_prefix_path')
[3.098s] INFO:colcon.colcon_core.shell:Creating environment hook '/home/rss/robot_harry/robotik/install/apriltag_ros/share/apriltag_ros/hook/cmake_prefix_path.ps1'
[3.098s] INFO:colcon.colcon_core.shell:Creating environment descriptor '/home/rss/robot_harry/robotik/install/apriltag_ros/share/apriltag_ros/hook/cmake_prefix_path.dsv'
[3.099s] INFO:colcon.colcon_core.shell:Creating environment hook '/home/rss/robot_harry/robotik/install/apriltag_ros/share/apriltag_ros/hook/cmake_prefix_path.sh'
[3.099s] Level 1:colcon.colcon_core.environment:checking '/home/rss/robot_harry/robotik/install/apriltag_ros/lib'
[3.099s] Level 1:colcon.colcon_core.shell:create_environment_hook('apriltag_ros', 'ld_library_path_lib')
[3.100s] INFO:colcon.colcon_core.shell:Creating environment hook '/home/rss/robot_harry/robotik/install/apriltag_ros/share/apriltag_ros/hook/ld_library_path_lib.ps1'
[3.100s] INFO:colcon.colcon_core.shell:Creating environment descriptor '/home/rss/robot_harry/robotik/install/apriltag_ros/share/apriltag_ros/hook/ld_library_path_lib.dsv'
[3.101s] INFO:colcon.colcon_core.shell:Creating environment hook '/home/rss/robot_harry/robotik/install/apriltag_ros/share/apriltag_ros/hook/ld_library_path_lib.sh'
[3.101s] Level 1:colcon.colcon_core.environment:checking '/home/rss/robot_harry/robotik/install/apriltag_ros/bin'
[3.101s] Level 1:colcon.colcon_core.environment:checking '/home/rss/robot_harry/robotik/install/apriltag_ros/lib/pkgconfig/apriltag_ros.pc'
[3.101s] Level 1:colcon.colcon_core.environment:checking '/home/rss/robot_harry/robotik/install/apriltag_ros/lib/python3.10/site-packages'
[3.102s] Level 1:colcon.colcon_core.environment:checking '/home/rss/robot_harry/robotik/install/apriltag_ros/bin'
[3.102s] INFO:colcon.colcon_core.shell:Creating package script '/home/rss/robot_harry/robotik/install/apriltag_ros/share/apriltag_ros/package.ps1'
[3.103s] INFO:colcon.colcon_core.shell:Creating package descriptor '/home/rss/robot_harry/robotik/install/apriltag_ros/share/apriltag_ros/package.dsv'
[3.104s] INFO:colcon.colcon_core.shell:Creating package script '/home/rss/robot_harry/robotik/install/apriltag_ros/share/apriltag_ros/package.sh'
[3.104s] INFO:colcon.colcon_core.shell:Creating package script '/home/rss/robot_harry/robotik/install/apriltag_ros/share/apriltag_ros/package.bash'
[3.105s] INFO:colcon.colcon_core.shell:Creating package script '/home/rss/robot_harry/robotik/install/apriltag_ros/share/apriltag_ros/package.zsh'
[3.105s] Level 1:colcon.colcon_core.environment:create_file_with_runtime_dependencies(/home/rss/robot_harry/robotik/install/apriltag_ros/share/colcon-core/packages/apriltag_ros)
[3.258s] Level 1:colcon.colcon_core.environment:checking '/home/rss/robot_harry/robotik/install/robot_bringup' for CMake module files
[3.258s] DEBUG:colcon.colcon_core.event_handler.log_command:Invoked command in '/home/rss/robot_harry/robotik/src/robot_bringup' returned '0': PYTHONPATH=/home/rss/robot_harry/robotik/build/robot_bringup/prefix_override:/usr/lib/python3/dist-packages/colcon_core/task/python/colcon_distutils_commands:/home/rss/robot_harry/robotik/install/robot_bringup/lib/python3.10/site-packages:${PYTHONPATH} /usr/bin/python3 -W ignore:setup.py install is deprecated -W ignore:easy_install command is deprecated setup.py egg_info --egg-base ../../build/robot_bringup build --build-base /home/rss/robot_harry/robotik/build/robot_bringup/build install --record /home/rss/robot_harry/robotik/build/robot_bringup/install.log --single-version-externally-managed install_data
[3.259s] Level 1:colcon.colcon_core.environment:checking '/home/rss/robot_harry/robotik/install/robot_bringup' for CMake config files
[3.260s] Level 1:colcon.colcon_core.environment:checking '/home/rss/robot_harry/robotik/install/robot_bringup/lib'
[3.260s] Level 1:colcon.colcon_core.environment:checking '/home/rss/robot_harry/robotik/install/robot_bringup/bin'
[3.260s] Level 1:colcon.colcon_core.environment:checking '/home/rss/robot_harry/robotik/install/robot_bringup/lib/pkgconfig/robot_bringup.pc'
[3.260s] Level 1:colcon.colcon_core.environment:checking '/home/rss/robot_harry/robotik/install/robot_bringup/lib/python3.10/site-packages'
[3.260s] Level 1:colcon.colcon_core.shell:create_environment_hook('robot_bringup', 'pythonpath')
[3.260s] INFO:colcon.colcon_core.shell:Creating environment hook '/home/rss/robot_harry/robotik/install/robot_bringup/share/robot_bringup/hook/pythonpath.ps1'
[3.260s] INFO:colcon.colcon_core.shell:Creating environment descriptor '/home/rss/robot_harry/robotik/install/robot_bringup/share/robot_bringup/hook/pythonpath.dsv'
[3.261s] INFO:colcon.colcon_core.shell:Creating environment hook '/home/rss/robot_harry/robotik/install/robot_bringup/share/robot_bringup/hook/pythonpath.sh'
[3.261s] Level 1:colcon.colcon_core.environment:checking '/home/rss/robot_harry/robotik/install/robot_bringup/bin'
[3.261s] Level 1:colcon.colcon_core.environment:create_environment_scripts_only(robot_bringup)
[3.261s] INFO:colcon.colcon_core.shell:Creating package script '/home/rss/robot_harry/robotik/install/robot_bringup/share/robot_bringup/package.ps1'
[3.262s] INFO:colcon.colcon_core.shell:Creating package descriptor '/home/rss/robot_harry/robotik/install/robot_bringup/share/robot_bringup/package.dsv'
[3.262s] INFO:colcon.colcon_core.shell:Creating package script '/home/rss/robot_harry/robotik/install/robot_bringup/share/robot_bringup/package.sh'
[3.262s] INFO:colcon.colcon_core.shell:Creating package script '/home/rss/robot_harry/robotik/install/robot_bringup/share/robot_bringup/package.bash'
[3.262s] INFO:colcon.colcon_core.shell:Creating package script '/home/rss/robot_harry/robotik/install/robot_bringup/share/robot_bringup/package.zsh'
[3.263s] Level 1:colcon.colcon_core.environment:create_file_with_runtime_dependencies(/home/rss/robot_harry/robotik/install/robot_bringup/share/colcon-core/packages/robot_bringup)
[3.264s] Level 1:colcon.colcon_core.environment:checking '/home/rss/robot_harry/robotik/install/tag_detection' for CMake module files
[3.264s] DEBUG:colcon.colcon_core.event_handler.log_command:Invoked command in '/home/rss/robot_harry/robotik/src/tag_detection' returned '0': PYTHONPATH=/home/rss/robot_harry/robotik/build/tag_detection/prefix_override:/usr/lib/python3/dist-packages/colcon_core/task/python/colcon_distutils_commands:/home/rss/robot_harry/robotik/install/tag_detection/lib/python3.10/site-packages:${PYTHONPATH} /usr/bin/python3 -W ignore:setup.py install is deprecated -W ignore:easy_install command is deprecated setup.py egg_info --egg-base ../../build/tag_detection build --build-base /home/rss/robot_harry/robotik/build/tag_detection/build install --record /home/rss/robot_harry/robotik/build/tag_detection/install.log --single-version-externally-managed install_data
[3.265s] Level 1:colcon.colcon_core.environment:checking '/home/rss/robot_harry/robotik/install/tag_detection' for CMake config files
[3.265s] Level 1:colcon.colcon_core.environment:checking '/home/rss/robot_harry/robotik/install/tag_detection/lib'
[3.265s] Level 1:colcon.colcon_core.environment:checking '/home/rss/robot_harry/robotik/install/tag_detection/bin'
[3.265s] Level 1:colcon.colcon_core.environment:checking '/home/rss/robot_harry/robotik/install/tag_detection/lib/pkgconfig/tag_detection.pc'
[3.265s] Level 1:colcon.colcon_core.environment:checking '/home/rss/robot_harry/robotik/install/tag_detection/lib/python3.10/site-packages'
[3.265s] Level 1:colcon.colcon_core.shell:create_environment_hook('tag_detection', 'pythonpath')
[3.265s] INFO:colcon.colcon_core.shell:Creating environment hook '/home/rss/robot_harry/robotik/install/tag_detection/share/tag_detection/hook/pythonpath.ps1'
[3.266s] INFO:colcon.colcon_core.shell:Creating environment descriptor '/home/rss/robot_harry/robotik/install/tag_detection/share/tag_detection/hook/pythonpath.dsv'
[3.266s] INFO:colcon.colcon_core.shell:Creating environment hook '/home/rss/robot_harry/robotik/install/tag_detection/share/tag_detection/hook/pythonpath.sh'
[3.267s] Level 1:colcon.colcon_core.environment:checking '/home/rss/robot_harry/robotik/install/tag_detection/bin'
[3.267s] Level 1:colcon.colcon_core.environment:create_environment_scripts_only(tag_detection)
[3.267s] INFO:colcon.colcon_core.shell:Creating package script '/home/rss/robot_harry/robotik/install/tag_detection/share/tag_detection/package.ps1'
[3.267s] INFO:colcon.colcon_core.shell:Creating package descriptor '/home/rss/robot_harry/robotik/install/tag_detection/share/tag_detection/package.dsv'
[3.268s] INFO:colcon.colcon_core.shell:Creating package script '/home/rss/robot_harry/robotik/install/tag_detection/share/tag_detection/package.sh'
[3.268s] INFO:colcon.colcon_core.shell:Creating package script '/home/rss/robot_harry/robotik/install/tag_detection/share/tag_detection/package.bash'
[3.268s] INFO:colcon.colcon_core.shell:Creating package script '/home/rss/robot_harry/robotik/install/tag_detection/share/tag_detection/package.zsh'
[3.268s] Level 1:colcon.colcon_core.environment:create_file_with_runtime_dependencies(/home/rss/robot_harry/robotik/install/tag_detection/share/colcon-core/packages/tag_detection)
[3.298s] DEBUG:colcon.colcon_core.event_handler.log_command:Invoking command in '/home/rss/robot_harry/robotik/src/teleop': PYTHONPATH=/home/rss/robot_harry/robotik/build/teleop/prefix_override:/usr/lib/python3/dist-packages/colcon_core/task/python/colcon_distutils_commands:/home/rss/robot_harry/robotik/install/teleop/lib/python3.10/site-packages:${PYTHONPATH} /usr/bin/python3 -W ignore:setup.py install is deprecated -W ignore:easy_install command is deprecated setup.py egg_info --egg-base ../../build/teleop build --build-base /home/rss/robot_harry/robotik/build/teleop/build install --record /home/rss/robot_harry/robotik/build/teleop/install.log --single-version-externally-managed install_data
[3.322s] DEBUG:colcon.colcon_core.event_handler.log_command:Invoking command in '/home/rss/robot_harry/robotik/src/webcam_bringup': PYTHONPATH=/home/rss/robot_harry/robotik/build/webcam_bringup/prefix_override:/usr/lib/python3/dist-packages/colcon_core/task/python/colcon_distutils_commands:/home/rss/robot_harry/robotik/install/webcam_bringup/lib/python3.10/site-packages:${PYTHONPATH} /usr/bin/python3 -W ignore:setup.py install is deprecated -W ignore:easy_install command is deprecated setup.py egg_info --egg-base ../../build/webcam_bringup build --build-base /home/rss/robot_harry/robotik/build/webcam_bringup/build install --record /home/rss/robot_harry/robotik/build/webcam_bringup/install.log --single-version-externally-managed install_data
[3.545s] Level 1:colcon.colcon_core.environment:checking '/home/rss/robot_harry/robotik/install/teleop' for CMake module files
[3.546s] DEBUG:colcon.colcon_core.event_handler.log_command:Invoked command in '/home/rss/robot_harry/robotik/src/teleop' returned '0': PYTHONPATH=/home/rss/robot_harry/robotik/build/teleop/prefix_override:/usr/lib/python3/dist-packages/colcon_core/task/python/colcon_distutils_commands:/home/rss/robot_harry/robotik/install/teleop/lib/python3.10/site-packages:${PYTHONPATH} /usr/bin/python3 -W ignore:setup.py install is deprecated -W ignore:easy_install command is deprecated setup.py egg_info --egg-base ../../build/teleop build --build-base /home/rss/robot_harry/robotik/build/teleop/build install --record /home/rss/robot_harry/robotik/build/teleop/install.log --single-version-externally-managed install_data
[3.546s] Level 1:colcon.colcon_core.environment:checking '/home/rss/robot_harry/robotik/install/teleop' for CMake config files
[3.547s] Level 1:colcon.colcon_core.environment:checking '/home/rss/robot_harry/robotik/install/teleop/lib'
[3.547s] Level 1:colcon.colcon_core.environment:checking '/home/rss/robot_harry/robotik/install/teleop/bin'
[3.547s] Level 1:colcon.colcon_core.environment:checking '/home/rss/robot_harry/robotik/install/teleop/lib/pkgconfig/teleop.pc'
[3.547s] Level 1:colcon.colcon_core.environment:checking '/home/rss/robot_harry/robotik/install/teleop/lib/python3.10/site-packages'
[3.547s] Level 1:colcon.colcon_core.shell:create_environment_hook('teleop', 'pythonpath')
[3.547s] INFO:colcon.colcon_core.shell:Creating environment hook '/home/rss/robot_harry/robotik/install/teleop/share/teleop/hook/pythonpath.ps1'
[3.547s] INFO:colcon.colcon_core.shell:Creating environment descriptor '/home/rss/robot_harry/robotik/install/teleop/share/teleop/hook/pythonpath.dsv'
[3.548s] INFO:colcon.colcon_core.shell:Creating environment hook '/home/rss/robot_harry/robotik/install/teleop/share/teleop/hook/pythonpath.sh'
[3.548s] Level 1:colcon.colcon_core.environment:checking '/home/rss/robot_harry/robotik/install/teleop/bin'
[3.548s] Level 1:colcon.colcon_core.environment:create_environment_scripts_only(teleop)
[3.548s] INFO:colcon.colcon_core.shell:Creating package script '/home/rss/robot_harry/robotik/install/teleop/share/teleop/package.ps1'
[3.549s] INFO:colcon.colcon_core.shell:Creating package descriptor '/home/rss/robot_harry/robotik/install/teleop/share/teleop/package.dsv'
[3.549s] INFO:colcon.colcon_core.shell:Creating package script '/home/rss/robot_harry/robotik/install/teleop/share/teleop/package.sh'
[3.549s] INFO:colcon.colcon_core.shell:Creating package script '/home/rss/robot_harry/robotik/install/teleop/share/teleop/package.bash'
[3.550s] INFO:colcon.colcon_core.shell:Creating package script '/home/rss/robot_harry/robotik/install/teleop/share/teleop/package.zsh'
[3.550s] Level 1:colcon.colcon_core.environment:create_file_with_runtime_dependencies(/home/rss/robot_harry/robotik/install/teleop/share/colcon-core/packages/teleop)
[3.578s] Level 1:colcon.colcon_core.environment:checking '/home/rss/robot_harry/robotik/install/webcam_bringup' for CMake module files
[3.578s] DEBUG:colcon.colcon_core.event_handler.log_command:Invoked command in '/home/rss/robot_harry/robotik/src/webcam_bringup' returned '0': PYTHONPATH=/home/rss/robot_harry/robotik/build/webcam_bringup/prefix_override:/usr/lib/python3/dist-packages/colcon_core/task/python/colcon_distutils_commands:/home/rss/robot_harry/robotik/install/webcam_bringup/lib/python3.10/site-packages:${PYTHONPATH} /usr/bin/python3 -W ignore:setup.py install is deprecated -W ignore:easy_install command is deprecated setup.py egg_info --egg-base ../../build/webcam_bringup build --build-base /home/rss/robot_harry/robotik/build/webcam_bringup/build install --record /home/rss/robot_harry/robotik/build/webcam_bringup/install.log --single-version-externally-managed install_data
[3.579s] Level 1:colcon.colcon_core.environment:checking '/home/rss/robot_harry/robotik/install/webcam_bringup' for CMake config files
[3.579s] Level 1:colcon.colcon_core.environment:checking '/home/rss/robot_harry/robotik/install/webcam_bringup/lib'
[3.579s] Level 1:colcon.colcon_core.environment:checking '/home/rss/robot_harry/robotik/install/webcam_bringup/bin'
[3.579s] Level 1:colcon.colcon_core.environment:checking '/home/rss/robot_harry/robotik/install/webcam_bringup/lib/pkgconfig/webcam_bringup.pc'
[3.579s] Level 1:colcon.colcon_core.environment:checking '/home/rss/robot_harry/robotik/install/webcam_bringup/lib/python3.10/site-packages'
[3.579s] Level 1:colcon.colcon_core.shell:create_environment_hook('webcam_bringup', 'pythonpath')
[3.579s] INFO:colcon.colcon_core.shell:Creating environment hook '/home/rss/robot_harry/robotik/install/webcam_bringup/share/webcam_bringup/hook/pythonpath.ps1'
[3.580s] INFO:colcon.colcon_core.shell:Creating environment descriptor '/home/rss/robot_harry/robotik/install/webcam_bringup/share/webcam_bringup/hook/pythonpath.dsv'
[3.580s] INFO:colcon.colcon_core.shell:Creating environment hook '/home/rss/robot_harry/robotik/install/webcam_bringup/share/webcam_bringup/hook/pythonpath.sh'
[3.581s] Level 1:colcon.colcon_core.environment:checking '/home/rss/robot_harry/robotik/install/webcam_bringup/bin'
[3.581s] Level 1:colcon.colcon_core.environment:create_environment_scripts_only(webcam_bringup)
[3.581s] INFO:colcon.colcon_core.shell:Creating package script '/home/rss/robot_harry/robotik/install/webcam_bringup/share/webcam_bringup/package.ps1'
[3.581s] INFO:colcon.colcon_core.shell:Creating package descriptor '/home/rss/robot_harry/robotik/install/webcam_bringup/share/webcam_bringup/package.dsv'
[3.581s] INFO:colcon.colcon_core.shell:Creating package script '/home/rss/robot_harry/robotik/install/webcam_bringup/share/webcam_bringup/package.sh'
[3.582s] INFO:colcon.colcon_core.shell:Creating package script '/home/rss/robot_harry/robotik/install/webcam_bringup/share/webcam_bringup/package.bash'
[3.582s] INFO:colcon.colcon_core.shell:Creating package script '/home/rss/robot_harry/robotik/install/webcam_bringup/share/webcam_bringup/package.zsh'
[3.582s] Level 1:colcon.colcon_core.environment:create_file_with_runtime_dependencies(/home/rss/robot_harry/robotik/install/webcam_bringup/share/colcon-core/packages/webcam_bringup)
[3.582s] DEBUG:colcon.colcon_parallel_executor.executor.parallel:closing loop
[3.582s] DEBUG:colcon.colcon_parallel_executor.executor.parallel:loop closed
[3.583s] DEBUG:colcon.colcon_parallel_executor.executor.parallel:run_until_complete finished with '0'
[3.583s] DEBUG:colcon.colcon_core.event_reactor:joining thread
[3.588s] INFO:colcon.colcon_core.plugin_system:Skipping extension 'colcon_notification.desktop_notification.terminal_notifier': Not used on non-Darwin systems
[3.588s] INFO:colcon.colcon_core.plugin_system:Skipping extension 'colcon_notification.desktop_notification.win32': Not used on non-Windows systems
[3.588s] INFO:colcon.colcon_notification.desktop_notification:Sending desktop notification using 'notify2'
[3.600s] DEBUG:colcon.colcon_core.event_reactor:joined thread
[3.600s] INFO:colcon.colcon_core.shell:Creating prefix script '/home/rss/robot_harry/robotik/install/local_setup.ps1'
[3.601s] INFO:colcon.colcon_core.shell:Creating prefix util module '/home/rss/robot_harry/robotik/install/_local_setup_util_ps1.py'
[3.602s] INFO:colcon.colcon_core.shell:Creating prefix chain script '/home/rss/robot_harry/robotik/install/setup.ps1'
[3.604s] INFO:colcon.colcon_core.shell:Creating prefix script '/home/rss/robot_harry/robotik/install/local_setup.sh'
[3.604s] INFO:colcon.colcon_core.shell:Creating prefix util module '/home/rss/robot_harry/robotik/install/_local_setup_util_sh.py'
[3.605s] INFO:colcon.colcon_core.shell:Creating prefix chain script '/home/rss/robot_harry/robotik/install/setup.sh'
[3.606s] INFO:colcon.colcon_core.shell:Creating prefix script '/home/rss/robot_harry/robotik/install/local_setup.bash'
[3.606s] INFO:colcon.colcon_core.shell:Creating prefix chain script '/home/rss/robot_harry/robotik/install/setup.bash'
[3.608s] INFO:colcon.colcon_core.shell:Creating prefix script '/home/rss/robot_harry/robotik/install/local_setup.zsh'
[3.608s] INFO:colcon.colcon_core.shell:Creating prefix chain script '/home/rss/robot_harry/robotik/install/setup.zsh'
