[0.068s] DEBUG:colcon:Command line arguments: ['/usr/bin/colcon', 'build', '--symlink-install']
[0.068s] DEBUG:colcon:Parsed command line arguments: Namespace(log_base=None, log_level=None, verb_name='build', build_base='build', install_base='install', merge_install=False, symlink_install=True, test_result_base=None, continue_on_error=False, executor='parallel', parallel_workers=8, event_handlers=None, ignore_user_meta=False, metas=['./colcon.meta'], base_paths=['.'], packages_ignore=None, packages_ignore_regex=None, paths=None, packages_up_to=None, packages_up_to_regex=None, packages_above=None, packages_above_and_dependencies=None, packages_above_depth=None, packages_select_by_dep=None, packages_skip_by_dep=None, packages_skip_up_to=None, packages_select_build_failed=False, packages_skip_build_finished=False, packages_select_test_failures=False, packages_skip_test_passed=False, packages_select=None, packages_skip=None, packages_select_regex=None, packages_skip_regex=None, packages_start=None, packages_end=None, allow_overriding=[], cmake_args=None, cmake_target=None, cmake_target_skip_unavailable=False, cmake_clean_cache=False, cmake_clean_first=False, cmake_force_configure=False, ament_cmake_args=None, catkin_cmake_args=None, catkin_skip_building_tests=False, mixin_files=None, mixin=None, verb_parser=<colcon_mixin.mixin.mixin_argument.MixinArgumentDecorator object at 0x7dcfd7f0f5b0>, verb_extension=<colcon_core.verb.build.BuildVerb object at 0x7dcfd7f0f0d0>, main=<bound method BuildVerb.main of <colcon_core.verb.build.BuildVerb object at 0x7dcfd7f0f0d0>>, mixin_verb=('build',))
[0.170s] Level 1:colcon.colcon_core.package_discovery:discover_packages(colcon_meta) check parameters
[0.170s] Level 1:colcon.colcon_core.package_discovery:discover_packages(recursive) check parameters
[0.170s] Level 1:colcon.colcon_core.package_discovery:discover_packages(ignore) check parameters
[0.170s] Level 1:colcon.colcon_core.package_discovery:discover_packages(path) check parameters
[0.170s] Level 1:colcon.colcon_core.package_discovery:discover_packages(colcon_meta) discover
[0.171s] Level 1:colcon.colcon_core.package_discovery:discover_packages(recursive) discover
[0.171s] INFO:colcon.colcon_core.package_discovery:Crawling recursively for packages in '/home/rss/robot_harry/robotik'
[0.171s] Level 1:colcon.colcon_core.package_identification:_identify(.) by extensions ['ignore', 'ignore_ament_install']
[0.171s] Level 1:colcon.colcon_core.package_identification:_identify(.) by extension 'ignore'
[0.171s] Level 1:colcon.colcon_core.package_identification:_identify(.) by extension 'ignore_ament_install'
[0.171s] Level 1:colcon.colcon_core.package_identification:_identify(.) by extensions ['colcon_pkg']
[0.171s] Level 1:colcon.colcon_core.package_identification:_identify(.) by extension 'colcon_pkg'
[0.171s] Level 1:colcon.colcon_core.package_identification:_identify(.) by extensions ['colcon_meta']
[0.171s] Level 1:colcon.colcon_core.package_identification:_identify(.) by extension 'colcon_meta'
[0.171s] Level 1:colcon.colcon_core.package_identification:_identify(.) by extensions ['ros']
[0.171s] Level 1:colcon.colcon_core.package_identification:_identify(.) by extension 'ros'
[0.177s] Level 1:colcon.colcon_core.package_identification:_identify(.) by extensions ['cmake', 'python']
[0.177s] Level 1:colcon.colcon_core.package_identification:_identify(.) by extension 'cmake'
[0.177s] Level 1:colcon.colcon_core.package_identification:_identify(.) by extension 'python'
[0.177s] Level 1:colcon.colcon_core.package_identification:_identify(.) by extensions ['python_setup_py']
[0.177s] Level 1:colcon.colcon_core.package_identification:_identify(.) by extension 'python_setup_py'
[0.177s] Level 1:colcon.colcon_core.package_identification:_identify(build) by extensions ['ignore', 'ignore_ament_install']
[0.177s] Level 1:colcon.colcon_core.package_identification:_identify(build) by extension 'ignore'
[0.177s] Level 1:colcon.colcon_core.package_identification:_identify(build) ignored
[0.177s] Level 1:colcon.colcon_core.package_identification:_identify(install) by extensions ['ignore', 'ignore_ament_install']
[0.177s] Level 1:colcon.colcon_core.package_identification:_identify(install) by extension 'ignore'
[0.177s] Level 1:colcon.colcon_core.package_identification:_identify(install) ignored
[0.177s] Level 1:colcon.colcon_core.package_identification:_identify(log) by extensions ['ignore', 'ignore_ament_install']
[0.177s] Level 1:colcon.colcon_core.package_identification:_identify(log) by extension 'ignore'
[0.177s] Level 1:colcon.colcon_core.package_identification:_identify(log) ignored
[0.178s] Level 1:colcon.colcon_core.package_identification:_identify(note) by extensions ['ignore', 'ignore_ament_install']
[0.178s] Level 1:colcon.colcon_core.package_identification:_identify(note) by extension 'ignore'
[0.178s] Level 1:colcon.colcon_core.package_identification:_identify(note) by extension 'ignore_ament_install'
[0.178s] Level 1:colcon.colcon_core.package_identification:_identify(note) by extensions ['colcon_pkg']
[0.178s] Level 1:colcon.colcon_core.package_identification:_identify(note) by extension 'colcon_pkg'
[0.178s] Level 1:colcon.colcon_core.package_identification:_identify(note) by extensions ['colcon_meta']
[0.178s] Level 1:colcon.colcon_core.package_identification:_identify(note) by extension 'colcon_meta'
[0.178s] Level 1:colcon.colcon_core.package_identification:_identify(note) by extensions ['ros']
[0.178s] Level 1:colcon.colcon_core.package_identification:_identify(note) by extension 'ros'
[0.178s] Level 1:colcon.colcon_core.package_identification:_identify(note) by extensions ['cmake', 'python']
[0.178s] Level 1:colcon.colcon_core.package_identification:_identify(note) by extension 'cmake'
[0.178s] Level 1:colcon.colcon_core.package_identification:_identify(note) by extension 'python'
[0.178s] Level 1:colcon.colcon_core.package_identification:_identify(note) by extensions ['python_setup_py']
[0.178s] Level 1:colcon.colcon_core.package_identification:_identify(note) by extension 'python_setup_py'
[0.178s] Level 1:colcon.colcon_core.package_identification:_identify(src) by extensions ['ignore', 'ignore_ament_install']
[0.178s] Level 1:colcon.colcon_core.package_identification:_identify(src) by extension 'ignore'
[0.178s] Level 1:colcon.colcon_core.package_identification:_identify(src) by extension 'ignore_ament_install'
[0.178s] Level 1:colcon.colcon_core.package_identification:_identify(src) by extensions ['colcon_pkg']
[0.178s] Level 1:colcon.colcon_core.package_identification:_identify(src) by extension 'colcon_pkg'
[0.178s] Level 1:colcon.colcon_core.package_identification:_identify(src) by extensions ['colcon_meta']
[0.178s] Level 1:colcon.colcon_core.package_identification:_identify(src) by extension 'colcon_meta'
[0.178s] Level 1:colcon.colcon_core.package_identification:_identify(src) by extensions ['ros']
[0.178s] Level 1:colcon.colcon_core.package_identification:_identify(src) by extension 'ros'
[0.178s] Level 1:colcon.colcon_core.package_identification:_identify(src) by extensions ['cmake', 'python']
[0.178s] Level 1:colcon.colcon_core.package_identification:_identify(src) by extension 'cmake'
[0.178s] Level 1:colcon.colcon_core.package_identification:_identify(src) by extension 'python'
[0.178s] Level 1:colcon.colcon_core.package_identification:_identify(src) by extensions ['python_setup_py']
[0.178s] Level 1:colcon.colcon_core.package_identification:_identify(src) by extension 'python_setup_py'
[0.178s] Level 1:colcon.colcon_core.package_identification:_identify(src/apriltag_msgs) by extensions ['ignore', 'ignore_ament_install']
[0.178s] Level 1:colcon.colcon_core.package_identification:_identify(src/apriltag_msgs) by extension 'ignore'
[0.178s] Level 1:colcon.colcon_core.package_identification:_identify(src/apriltag_msgs) by extension 'ignore_ament_install'
[0.178s] Level 1:colcon.colcon_core.package_identification:_identify(src/apriltag_msgs) by extensions ['colcon_pkg']
[0.178s] Level 1:colcon.colcon_core.package_identification:_identify(src/apriltag_msgs) by extension 'colcon_pkg'
[0.178s] Level 1:colcon.colcon_core.package_identification:_identify(src/apriltag_msgs) by extensions ['colcon_meta']
[0.178s] Level 1:colcon.colcon_core.package_identification:_identify(src/apriltag_msgs) by extension 'colcon_meta'
[0.178s] Level 1:colcon.colcon_core.package_identification:_identify(src/apriltag_msgs) by extensions ['ros']
[0.178s] Level 1:colcon.colcon_core.package_identification:_identify(src/apriltag_msgs) by extension 'ros'
[0.180s] DEBUG:colcon.colcon_core.package_identification:Package 'src/apriltag_msgs' with type 'ros.ament_cmake' and name 'apriltag_msgs'
[0.180s] Level 1:colcon.colcon_core.package_identification:_identify(src/apriltag_ros) by extensions ['ignore', 'ignore_ament_install']
[0.181s] Level 1:colcon.colcon_core.package_identification:_identify(src/apriltag_ros) by extension 'ignore'
[0.181s] Level 1:colcon.colcon_core.package_identification:_identify(src/apriltag_ros) by extension 'ignore_ament_install'
[0.181s] Level 1:colcon.colcon_core.package_identification:_identify(src/apriltag_ros) by extensions ['colcon_pkg']
[0.181s] Level 1:colcon.colcon_core.package_identification:_identify(src/apriltag_ros) by extension 'colcon_pkg'
[0.181s] Level 1:colcon.colcon_core.package_identification:_identify(src/apriltag_ros) by extensions ['colcon_meta']
[0.181s] Level 1:colcon.colcon_core.package_identification:_identify(src/apriltag_ros) by extension 'colcon_meta'
[0.181s] Level 1:colcon.colcon_core.package_identification:_identify(src/apriltag_ros) by extensions ['ros']
[0.181s] Level 1:colcon.colcon_core.package_identification:_identify(src/apriltag_ros) by extension 'ros'
[0.188s] DEBUG:colcon.colcon_core.package_identification:Package 'src/apriltag_ros' with type 'ros.ament_cmake' and name 'apriltag_ros'
[0.188s] Level 1:colcon.colcon_core.package_identification:_identify(src/create3_examples) by extensions ['ignore', 'ignore_ament_install']
[0.188s] Level 1:colcon.colcon_core.package_identification:_identify(src/create3_examples) by extension 'ignore'
[0.188s] Level 1:colcon.colcon_core.package_identification:_identify(src/create3_examples) by extension 'ignore_ament_install'
[0.188s] Level 1:colcon.colcon_core.package_identification:_identify(src/create3_examples) by extensions ['colcon_pkg']
[0.188s] Level 1:colcon.colcon_core.package_identification:_identify(src/create3_examples) by extension 'colcon_pkg'
[0.188s] Level 1:colcon.colcon_core.package_identification:_identify(src/create3_examples) by extensions ['colcon_meta']
[0.188s] Level 1:colcon.colcon_core.package_identification:_identify(src/create3_examples) by extension 'colcon_meta'
[0.188s] Level 1:colcon.colcon_core.package_identification:_identify(src/create3_examples) by extensions ['ros']
[0.188s] Level 1:colcon.colcon_core.package_identification:_identify(src/create3_examples) by extension 'ros'
[0.188s] Level 1:colcon.colcon_core.package_identification:_identify(src/create3_examples) by extensions ['cmake', 'python']
[0.188s] Level 1:colcon.colcon_core.package_identification:_identify(src/create3_examples) by extension 'cmake'
[0.188s] Level 1:colcon.colcon_core.package_identification:_identify(src/create3_examples) by extension 'python'
[0.188s] Level 1:colcon.colcon_core.package_identification:_identify(src/create3_examples) by extensions ['python_setup_py']
[0.188s] Level 1:colcon.colcon_core.package_identification:_identify(src/create3_examples) by extension 'python_setup_py'
[0.188s] Level 1:colcon.colcon_core.package_identification:_identify(src/create3_examples/create3_coverage) by extensions ['ignore', 'ignore_ament_install']
[0.188s] Level 1:colcon.colcon_core.package_identification:_identify(src/create3_examples/create3_coverage) by extension 'ignore'
[0.188s] Level 1:colcon.colcon_core.package_identification:_identify(src/create3_examples/create3_coverage) by extension 'ignore_ament_install'
[0.188s] Level 1:colcon.colcon_core.package_identification:_identify(src/create3_examples/create3_coverage) by extensions ['colcon_pkg']
[0.189s] Level 1:colcon.colcon_core.package_identification:_identify(src/create3_examples/create3_coverage) by extension 'colcon_pkg'
[0.189s] Level 1:colcon.colcon_core.package_identification:_identify(src/create3_examples/create3_coverage) by extensions ['colcon_meta']
[0.189s] Level 1:colcon.colcon_core.package_identification:_identify(src/create3_examples/create3_coverage) by extension 'colcon_meta'
[0.189s] Level 1:colcon.colcon_core.package_identification:_identify(src/create3_examples/create3_coverage) by extensions ['ros']
[0.189s] Level 1:colcon.colcon_core.package_identification:_identify(src/create3_examples/create3_coverage) by extension 'ros'
[0.189s] DEBUG:colcon.colcon_core.package_identification:Package 'src/create3_examples/create3_coverage' with type 'ros.ament_cmake' and name 'create3_coverage'
[0.189s] Level 1:colcon.colcon_core.package_identification:_identify(src/create3_examples/create3_examples_msgs) by extensions ['ignore', 'ignore_ament_install']
[0.189s] Level 1:colcon.colcon_core.package_identification:_identify(src/create3_examples/create3_examples_msgs) by extension 'ignore'
[0.189s] Level 1:colcon.colcon_core.package_identification:_identify(src/create3_examples/create3_examples_msgs) by extension 'ignore_ament_install'
[0.189s] Level 1:colcon.colcon_core.package_identification:_identify(src/create3_examples/create3_examples_msgs) by extensions ['colcon_pkg']
[0.189s] Level 1:colcon.colcon_core.package_identification:_identify(src/create3_examples/create3_examples_msgs) by extension 'colcon_pkg'
[0.189s] Level 1:colcon.colcon_core.package_identification:_identify(src/create3_examples/create3_examples_msgs) by extensions ['colcon_meta']
[0.189s] Level 1:colcon.colcon_core.package_identification:_identify(src/create3_examples/create3_examples_msgs) by extension 'colcon_meta'
[0.189s] Level 1:colcon.colcon_core.package_identification:_identify(src/create3_examples/create3_examples_msgs) by extensions ['ros']
[0.189s] Level 1:colcon.colcon_core.package_identification:_identify(src/create3_examples/create3_examples_msgs) by extension 'ros'
[0.190s] DEBUG:colcon.colcon_core.package_identification:Package 'src/create3_examples/create3_examples_msgs' with type 'ros.ament_cmake' and name 'create3_examples_msgs'
[0.190s] Level 1:colcon.colcon_core.package_identification:_identify(src/create3_examples/create3_examples_py) by extensions ['ignore', 'ignore_ament_install']
[0.190s] Level 1:colcon.colcon_core.package_identification:_identify(src/create3_examples/create3_examples_py) by extension 'ignore'
[0.190s] Level 1:colcon.colcon_core.package_identification:_identify(src/create3_examples/create3_examples_py) by extension 'ignore_ament_install'
[0.190s] Level 1:colcon.colcon_core.package_identification:_identify(src/create3_examples/create3_examples_py) by extensions ['colcon_pkg']
[0.190s] Level 1:colcon.colcon_core.package_identification:_identify(src/create3_examples/create3_examples_py) by extension 'colcon_pkg'
[0.190s] Level 1:colcon.colcon_core.package_identification:_identify(src/create3_examples/create3_examples_py) by extensions ['colcon_meta']
[0.190s] Level 1:colcon.colcon_core.package_identification:_identify(src/create3_examples/create3_examples_py) by extension 'colcon_meta'
[0.190s] Level 1:colcon.colcon_core.package_identification:_identify(src/create3_examples/create3_examples_py) by extensions ['ros']
[0.190s] Level 1:colcon.colcon_core.package_identification:_identify(src/create3_examples/create3_examples_py) by extension 'ros'
[0.191s] DEBUG:colcon.colcon_core.package_identification:Package 'src/create3_examples/create3_examples_py' with type 'ros.ament_python' and name 'create3_examples_py'
[0.191s] Level 1:colcon.colcon_core.package_identification:_identify(src/create3_examples/create3_lidar_slam) by extensions ['ignore', 'ignore_ament_install']
[0.191s] Level 1:colcon.colcon_core.package_identification:_identify(src/create3_examples/create3_lidar_slam) by extension 'ignore'
[0.191s] Level 1:colcon.colcon_core.package_identification:_identify(src/create3_examples/create3_lidar_slam) by extension 'ignore_ament_install'
[0.191s] Level 1:colcon.colcon_core.package_identification:_identify(src/create3_examples/create3_lidar_slam) by extensions ['colcon_pkg']
[0.191s] Level 1:colcon.colcon_core.package_identification:_identify(src/create3_examples/create3_lidar_slam) by extension 'colcon_pkg'
[0.191s] Level 1:colcon.colcon_core.package_identification:_identify(src/create3_examples/create3_lidar_slam) by extensions ['colcon_meta']
[0.191s] Level 1:colcon.colcon_core.package_identification:_identify(src/create3_examples/create3_lidar_slam) by extension 'colcon_meta'
[0.191s] Level 1:colcon.colcon_core.package_identification:_identify(src/create3_examples/create3_lidar_slam) by extensions ['ros']
[0.191s] Level 1:colcon.colcon_core.package_identification:_identify(src/create3_examples/create3_lidar_slam) by extension 'ros'
[0.191s] DEBUG:colcon.colcon_core.package_identification:Package 'src/create3_examples/create3_lidar_slam' with type 'ros.ament_cmake' and name 'create3_lidar_slam'
[0.191s] Level 1:colcon.colcon_core.package_identification:_identify(src/create3_examples/create3_republisher) by extensions ['ignore', 'ignore_ament_install']
[0.191s] Level 1:colcon.colcon_core.package_identification:_identify(src/create3_examples/create3_republisher) by extension 'ignore'
[0.191s] Level 1:colcon.colcon_core.package_identification:_identify(src/create3_examples/create3_republisher) by extension 'ignore_ament_install'
[0.191s] Level 1:colcon.colcon_core.package_identification:_identify(src/create3_examples/create3_republisher) by extensions ['colcon_pkg']
[0.191s] Level 1:colcon.colcon_core.package_identification:_identify(src/create3_examples/create3_republisher) by extension 'colcon_pkg'
[0.191s] Level 1:colcon.colcon_core.package_identification:_identify(src/create3_examples/create3_republisher) by extensions ['colcon_meta']
[0.191s] Level 1:colcon.colcon_core.package_identification:_identify(src/create3_examples/create3_republisher) by extension 'colcon_meta'
[0.191s] Level 1:colcon.colcon_core.package_identification:_identify(src/create3_examples/create3_republisher) by extensions ['ros']
[0.191s] Level 1:colcon.colcon_core.package_identification:_identify(src/create3_examples/create3_republisher) by extension 'ros'
[0.192s] DEBUG:colcon.colcon_core.package_identification:Package 'src/create3_examples/create3_republisher' with type 'ros.ament_cmake' and name 'create3_republisher'
[0.192s] Level 1:colcon.colcon_core.package_identification:_identify(src/create3_examples/create3_teleop) by extensions ['ignore', 'ignore_ament_install']
[0.192s] Level 1:colcon.colcon_core.package_identification:_identify(src/create3_examples/create3_teleop) by extension 'ignore'
[0.192s] Level 1:colcon.colcon_core.package_identification:_identify(src/create3_examples/create3_teleop) by extension 'ignore_ament_install'
[0.192s] Level 1:colcon.colcon_core.package_identification:_identify(src/create3_examples/create3_teleop) by extensions ['colcon_pkg']
[0.192s] Level 1:colcon.colcon_core.package_identification:_identify(src/create3_examples/create3_teleop) by extension 'colcon_pkg'
[0.192s] Level 1:colcon.colcon_core.package_identification:_identify(src/create3_examples/create3_teleop) by extensions ['colcon_meta']
[0.192s] Level 1:colcon.colcon_core.package_identification:_identify(src/create3_examples/create3_teleop) by extension 'colcon_meta'
[0.192s] Level 1:colcon.colcon_core.package_identification:_identify(src/create3_examples/create3_teleop) by extensions ['ros']
[0.192s] Level 1:colcon.colcon_core.package_identification:_identify(src/create3_examples/create3_teleop) by extension 'ros'
[0.192s] DEBUG:colcon.colcon_core.package_identification:Package 'src/create3_examples/create3_teleop' with type 'ros.ament_python' and name 'create3_teleop'
[0.192s] Level 1:colcon.colcon_core.package_identification:_identify(src/my_first_package) by extensions ['ignore', 'ignore_ament_install']
[0.193s] Level 1:colcon.colcon_core.package_identification:_identify(src/my_first_package) by extension 'ignore'
[0.193s] Level 1:colcon.colcon_core.package_identification:_identify(src/my_first_package) by extension 'ignore_ament_install'
[0.193s] Level 1:colcon.colcon_core.package_identification:_identify(src/my_first_package) by extensions ['colcon_pkg']
[0.193s] Level 1:colcon.colcon_core.package_identification:_identify(src/my_first_package) by extension 'colcon_pkg'
[0.193s] Level 1:colcon.colcon_core.package_identification:_identify(src/my_first_package) by extensions ['colcon_meta']
[0.193s] Level 1:colcon.colcon_core.package_identification:_identify(src/my_first_package) by extension 'colcon_meta'
[0.193s] Level 1:colcon.colcon_core.package_identification:_identify(src/my_first_package) by extensions ['ros']
[0.193s] Level 1:colcon.colcon_core.package_identification:_identify(src/my_first_package) by extension 'ros'
[0.193s] Level 1:colcon.colcon_core.package_identification:_identify(src/my_first_package) by extensions ['cmake', 'python']
[0.193s] Level 1:colcon.colcon_core.package_identification:_identify(src/my_first_package) by extension 'cmake'
[0.193s] Level 1:colcon.colcon_core.package_identification:_identify(src/my_first_package) by extension 'python'
[0.193s] Level 1:colcon.colcon_core.package_identification:_identify(src/my_first_package) by extensions ['python_setup_py']
[0.193s] Level 1:colcon.colcon_core.package_identification:_identify(src/my_first_package) by extension 'python_setup_py'
[0.193s] Level 1:colcon.colcon_core.package_identification:_identify(src/my_first_package/my_first_package) by extensions ['ignore', 'ignore_ament_install']
[0.193s] Level 1:colcon.colcon_core.package_identification:_identify(src/my_first_package/my_first_package) by extension 'ignore'
[0.193s] Level 1:colcon.colcon_core.package_identification:_identify(src/my_first_package/my_first_package) by extension 'ignore_ament_install'
[0.193s] Level 1:colcon.colcon_core.package_identification:_identify(src/my_first_package/my_first_package) by extensions ['colcon_pkg']
[0.193s] Level 1:colcon.colcon_core.package_identification:_identify(src/my_first_package/my_first_package) by extension 'colcon_pkg'
[0.193s] Level 1:colcon.colcon_core.package_identification:_identify(src/my_first_package/my_first_package) by extensions ['colcon_meta']
[0.193s] Level 1:colcon.colcon_core.package_identification:_identify(src/my_first_package/my_first_package) by extension 'colcon_meta'
[0.193s] Level 1:colcon.colcon_core.package_identification:_identify(src/my_first_package/my_first_package) by extensions ['ros']
[0.193s] Level 1:colcon.colcon_core.package_identification:_identify(src/my_first_package/my_first_package) by extension 'ros'
[0.193s] Level 1:colcon.colcon_core.package_identification:_identify(src/my_first_package/my_first_package) by extensions ['cmake', 'python']
[0.193s] Level 1:colcon.colcon_core.package_identification:_identify(src/my_first_package/my_first_package) by extension 'cmake'
[0.193s] Level 1:colcon.colcon_core.package_identification:_identify(src/my_first_package/my_first_package) by extension 'python'
[0.193s] Level 1:colcon.colcon_core.package_identification:_identify(src/my_first_package/my_first_package) by extensions ['python_setup_py']
[0.193s] Level 1:colcon.colcon_core.package_identification:_identify(src/my_first_package/my_first_package) by extension 'python_setup_py'
[0.193s] Level 1:colcon.colcon_core.package_identification:_identify(src/my_robot_navigation) by extensions ['ignore', 'ignore_ament_install']
[0.193s] Level 1:colcon.colcon_core.package_identification:_identify(src/my_robot_navigation) by extension 'ignore'
[0.193s] Level 1:colcon.colcon_core.package_identification:_identify(src/my_robot_navigation) by extension 'ignore_ament_install'
[0.193s] Level 1:colcon.colcon_core.package_identification:_identify(src/my_robot_navigation) by extensions ['colcon_pkg']
[0.193s] Level 1:colcon.colcon_core.package_identification:_identify(src/my_robot_navigation) by extension 'colcon_pkg'
[0.193s] Level 1:colcon.colcon_core.package_identification:_identify(src/my_robot_navigation) by extensions ['colcon_meta']
[0.193s] Level 1:colcon.colcon_core.package_identification:_identify(src/my_robot_navigation) by extension 'colcon_meta'
[0.193s] Level 1:colcon.colcon_core.package_identification:_identify(src/my_robot_navigation) by extensions ['ros']
[0.193s] Level 1:colcon.colcon_core.package_identification:_identify(src/my_robot_navigation) by extension 'ros'
[0.194s] DEBUG:colcon.colcon_core.package_identification:Package 'src/my_robot_navigation' with type 'ros.ament_python' and name 'my_robot_navigation'
[0.194s] Level 1:colcon.colcon_core.package_identification:_identify(src/my_robot_slam) by extensions ['ignore', 'ignore_ament_install']
[0.194s] Level 1:colcon.colcon_core.package_identification:_identify(src/my_robot_slam) by extension 'ignore'
[0.194s] Level 1:colcon.colcon_core.package_identification:_identify(src/my_robot_slam) by extension 'ignore_ament_install'
[0.194s] Level 1:colcon.colcon_core.package_identification:_identify(src/my_robot_slam) by extensions ['colcon_pkg']
[0.194s] Level 1:colcon.colcon_core.package_identification:_identify(src/my_robot_slam) by extension 'colcon_pkg'
[0.194s] Level 1:colcon.colcon_core.package_identification:_identify(src/my_robot_slam) by extensions ['colcon_meta']
[0.194s] Level 1:colcon.colcon_core.package_identification:_identify(src/my_robot_slam) by extension 'colcon_meta'
[0.194s] Level 1:colcon.colcon_core.package_identification:_identify(src/my_robot_slam) by extensions ['ros']
[0.194s] Level 1:colcon.colcon_core.package_identification:_identify(src/my_robot_slam) by extension 'ros'
[0.194s] DEBUG:colcon.colcon_core.package_identification:Package 'src/my_robot_slam' with type 'ros.ament_python' and name 'my_robot_slam'
[0.194s] Level 1:colcon.colcon_core.package_identification:_identify(src/object_detection) by extensions ['ignore', 'ignore_ament_install']
[0.194s] Level 1:colcon.colcon_core.package_identification:_identify(src/object_detection) by extension 'ignore'
[0.194s] Level 1:colcon.colcon_core.package_identification:_identify(src/object_detection) by extension 'ignore_ament_install'
[0.194s] Level 1:colcon.colcon_core.package_identification:_identify(src/object_detection) by extensions ['colcon_pkg']
[0.194s] Level 1:colcon.colcon_core.package_identification:_identify(src/object_detection) by extension 'colcon_pkg'
[0.194s] Level 1:colcon.colcon_core.package_identification:_identify(src/object_detection) by extensions ['colcon_meta']
[0.194s] Level 1:colcon.colcon_core.package_identification:_identify(src/object_detection) by extension 'colcon_meta'
[0.194s] Level 1:colcon.colcon_core.package_identification:_identify(src/object_detection) by extensions ['ros']
[0.194s] Level 1:colcon.colcon_core.package_identification:_identify(src/object_detection) by extension 'ros'
[0.195s] DEBUG:colcon.colcon_core.package_identification:Package 'src/object_detection' with type 'ros.ament_python' and name 'object_detection'
[0.195s] Level 1:colcon.colcon_core.package_identification:_identify(src/pub_sub) by extensions ['ignore', 'ignore_ament_install']
[0.195s] Level 1:colcon.colcon_core.package_identification:_identify(src/pub_sub) by extension 'ignore'
[0.195s] Level 1:colcon.colcon_core.package_identification:_identify(src/pub_sub) by extension 'ignore_ament_install'
[0.195s] Level 1:colcon.colcon_core.package_identification:_identify(src/pub_sub) by extensions ['colcon_pkg']
[0.195s] Level 1:colcon.colcon_core.package_identification:_identify(src/pub_sub) by extension 'colcon_pkg'
[0.195s] Level 1:colcon.colcon_core.package_identification:_identify(src/pub_sub) by extensions ['colcon_meta']
[0.195s] Level 1:colcon.colcon_core.package_identification:_identify(src/pub_sub) by extension 'colcon_meta'
[0.195s] Level 1:colcon.colcon_core.package_identification:_identify(src/pub_sub) by extensions ['ros']
[0.195s] Level 1:colcon.colcon_core.package_identification:_identify(src/pub_sub) by extension 'ros'
[0.195s] DEBUG:colcon.colcon_core.package_identification:Package 'src/pub_sub' with type 'ros.ament_python' and name 'pub_sub'
[0.195s] Level 1:colcon.colcon_core.package_identification:_identify(src/robot_bringup) by extensions ['ignore', 'ignore_ament_install']
[0.195s] Level 1:colcon.colcon_core.package_identification:_identify(src/robot_bringup) by extension 'ignore'
[0.195s] Level 1:colcon.colcon_core.package_identification:_identify(src/robot_bringup) by extension 'ignore_ament_install'
[0.195s] Level 1:colcon.colcon_core.package_identification:_identify(src/robot_bringup) by extensions ['colcon_pkg']
[0.195s] Level 1:colcon.colcon_core.package_identification:_identify(src/robot_bringup) by extension 'colcon_pkg'
[0.195s] Level 1:colcon.colcon_core.package_identification:_identify(src/robot_bringup) by extensions ['colcon_meta']
[0.195s] Level 1:colcon.colcon_core.package_identification:_identify(src/robot_bringup) by extension 'colcon_meta'
[0.196s] Level 1:colcon.colcon_core.package_identification:_identify(src/robot_bringup) by extensions ['ros']
[0.196s] Level 1:colcon.colcon_core.package_identification:_identify(src/robot_bringup) by extension 'ros'
[0.196s] DEBUG:colcon.colcon_core.package_identification:Package 'src/robot_bringup' with type 'ros.ament_python' and name 'robot_bringup'
[0.196s] Level 1:colcon.colcon_core.package_identification:_identify(src/rplidar-ros) by extensions ['ignore', 'ignore_ament_install']
[0.196s] Level 1:colcon.colcon_core.package_identification:_identify(src/rplidar-ros) by extension 'ignore'
[0.196s] Level 1:colcon.colcon_core.package_identification:_identify(src/rplidar-ros) by extension 'ignore_ament_install'
[0.196s] Level 1:colcon.colcon_core.package_identification:_identify(src/rplidar-ros) by extensions ['colcon_pkg']
[0.196s] Level 1:colcon.colcon_core.package_identification:_identify(src/rplidar-ros) by extension 'colcon_pkg'
[0.196s] Level 1:colcon.colcon_core.package_identification:_identify(src/rplidar-ros) by extensions ['colcon_meta']
[0.196s] Level 1:colcon.colcon_core.package_identification:_identify(src/rplidar-ros) by extension 'colcon_meta'
[0.196s] Level 1:colcon.colcon_core.package_identification:_identify(src/rplidar-ros) by extensions ['ros']
[0.196s] Level 1:colcon.colcon_core.package_identification:_identify(src/rplidar-ros) by extension 'ros'
[0.196s] DEBUG:colcon.colcon_core.package_identification:Package 'src/rplidar-ros' with type 'ros.ament_cmake' and name 'rplidar_ros'
[0.196s] Level 1:colcon.colcon_core.package_identification:_identify(src/tag_detection) by extensions ['ignore', 'ignore_ament_install']
[0.197s] Level 1:colcon.colcon_core.package_identification:_identify(src/tag_detection) by extension 'ignore'
[0.197s] Level 1:colcon.colcon_core.package_identification:_identify(src/tag_detection) by extension 'ignore_ament_install'
[0.197s] Level 1:colcon.colcon_core.package_identification:_identify(src/tag_detection) by extensions ['colcon_pkg']
[0.197s] Level 1:colcon.colcon_core.package_identification:_identify(src/tag_detection) by extension 'colcon_pkg'
[0.197s] Level 1:colcon.colcon_core.package_identification:_identify(src/tag_detection) by extensions ['colcon_meta']
[0.197s] Level 1:colcon.colcon_core.package_identification:_identify(src/tag_detection) by extension 'colcon_meta'
[0.197s] Level 1:colcon.colcon_core.package_identification:_identify(src/tag_detection) by extensions ['ros']
[0.197s] Level 1:colcon.colcon_core.package_identification:_identify(src/tag_detection) by extension 'ros'
[0.197s] DEBUG:colcon.colcon_core.package_identification:Package 'src/tag_detection' with type 'ros.ament_python' and name 'tag_detection'
[0.197s] Level 1:colcon.colcon_core.package_identification:_identify(src/teleop) by extensions ['ignore', 'ignore_ament_install']
[0.197s] Level 1:colcon.colcon_core.package_identification:_identify(src/teleop) by extension 'ignore'
[0.197s] Level 1:colcon.colcon_core.package_identification:_identify(src/teleop) by extension 'ignore_ament_install'
[0.197s] Level 1:colcon.colcon_core.package_identification:_identify(src/teleop) by extensions ['colcon_pkg']
[0.197s] Level 1:colcon.colcon_core.package_identification:_identify(src/teleop) by extension 'colcon_pkg'
[0.197s] Level 1:colcon.colcon_core.package_identification:_identify(src/teleop) by extensions ['colcon_meta']
[0.197s] Level 1:colcon.colcon_core.package_identification:_identify(src/teleop) by extension 'colcon_meta'
[0.197s] Level 1:colcon.colcon_core.package_identification:_identify(src/teleop) by extensions ['ros']
[0.197s] Level 1:colcon.colcon_core.package_identification:_identify(src/teleop) by extension 'ros'
[0.198s] DEBUG:colcon.colcon_core.package_identification:Package 'src/teleop' with type 'ros.ament_python' and name 'teleop'
[0.198s] Level 1:colcon.colcon_core.package_identification:_identify(src/webcam_bringup) by extensions ['ignore', 'ignore_ament_install']
[0.198s] Level 1:colcon.colcon_core.package_identification:_identify(src/webcam_bringup) by extension 'ignore'
[0.198s] Level 1:colcon.colcon_core.package_identification:_identify(src/webcam_bringup) by extension 'ignore_ament_install'
[0.198s] Level 1:colcon.colcon_core.package_identification:_identify(src/webcam_bringup) by extensions ['colcon_pkg']
[0.198s] Level 1:colcon.colcon_core.package_identification:_identify(src/webcam_bringup) by extension 'colcon_pkg'
[0.198s] Level 1:colcon.colcon_core.package_identification:_identify(src/webcam_bringup) by extensions ['colcon_meta']
[0.198s] Level 1:colcon.colcon_core.package_identification:_identify(src/webcam_bringup) by extension 'colcon_meta'
[0.198s] Level 1:colcon.colcon_core.package_identification:_identify(src/webcam_bringup) by extensions ['ros']
[0.198s] Level 1:colcon.colcon_core.package_identification:_identify(src/webcam_bringup) by extension 'ros'
[0.198s] DEBUG:colcon.colcon_core.package_identification:Package 'src/webcam_bringup' with type 'ros.ament_python' and name 'webcam_bringup'
[0.198s] Level 1:colcon.colcon_core.package_discovery:discover_packages(recursive) using defaults
[0.198s] Level 1:colcon.colcon_core.package_discovery:discover_packages(ignore) discover
[0.198s] Level 1:colcon.colcon_core.package_discovery:discover_packages(ignore) using defaults
[0.198s] Level 1:colcon.colcon_core.package_discovery:discover_packages(path) discover
[0.198s] Level 1:colcon.colcon_core.package_discovery:discover_packages(path) using defaults
[0.212s] Level 1:colcon.colcon_core.package_discovery:discover_packages(prefix_path) check parameters
[0.212s] Level 1:colcon.colcon_core.package_discovery:discover_packages(prefix_path) discover
[0.212s] WARNING:colcon.colcon_core.prefix_path.colcon:The path '/home/rss/robot_harry/robotik/src/install' in the environment variable COLCON_PREFIX_PATH doesn't exist
[0.212s] WARNING:colcon.colcon_ros.prefix_path.ament:The path '/home/rss/robot_harry/robotik/src/install/webcam_bringup' in the environment variable AMENT_PREFIX_PATH doesn't exist
[0.212s] WARNING:colcon.colcon_ros.prefix_path.ament:The path '/home/rss/robot_harry/robotik/src/install/teleop' in the environment variable AMENT_PREFIX_PATH doesn't exist
[0.212s] WARNING:colcon.colcon_ros.prefix_path.ament:The path '/home/rss/robot_harry/robotik/src/install/tag_detection' in the environment variable AMENT_PREFIX_PATH doesn't exist
[0.212s] WARNING:colcon.colcon_ros.prefix_path.ament:The path '/home/rss/robot_harry/robotik/src/install/create3_lidar_slam' in the environment variable AMENT_PREFIX_PATH doesn't exist
[0.212s] WARNING:colcon.colcon_ros.prefix_path.ament:The path '/home/rss/robot_harry/robotik/src/install/rplidar_ros' in the environment variable AMENT_PREFIX_PATH doesn't exist
[0.212s] WARNING:colcon.colcon_ros.prefix_path.ament:The path '/home/rss/robot_harry/robotik/src/install/robot_bringup' in the environment variable AMENT_PREFIX_PATH doesn't exist
[0.212s] WARNING:colcon.colcon_ros.prefix_path.ament:The path '/home/rss/robot_harry/robotik/src/install/pub_sub' in the environment variable AMENT_PREFIX_PATH doesn't exist
[0.212s] WARNING:colcon.colcon_ros.prefix_path.ament:The path '/home/rss/robot_harry/robotik/src/install/object_detection' in the environment variable AMENT_PREFIX_PATH doesn't exist
[0.212s] WARNING:colcon.colcon_ros.prefix_path.ament:The path '/home/rss/robot_harry/robotik/src/install/my_robot_slam' in the environment variable AMENT_PREFIX_PATH doesn't exist
[0.212s] WARNING:colcon.colcon_ros.prefix_path.ament:The path '/home/rss/robot_harry/robotik/src/install/my_robot_navigation' in the environment variable AMENT_PREFIX_PATH doesn't exist
[0.212s] WARNING:colcon.colcon_ros.prefix_path.ament:The path '/home/rss/robot_harry/robotik/src/install/create3_teleop' in the environment variable AMENT_PREFIX_PATH doesn't exist
[0.212s] WARNING:colcon.colcon_ros.prefix_path.ament:The path '/home/rss/robot_harry/robotik/src/install/create3_republisher' in the environment variable AMENT_PREFIX_PATH doesn't exist
[0.212s] WARNING:colcon.colcon_ros.prefix_path.ament:The path '/home/rss/robot_harry/robotik/src/install/create3_examples_py' in the environment variable AMENT_PREFIX_PATH doesn't exist
[0.212s] WARNING:colcon.colcon_ros.prefix_path.ament:The path '/home/rss/robot_harry/robotik/src/install/create3_coverage' in the environment variable AMENT_PREFIX_PATH doesn't exist
[0.212s] WARNING:colcon.colcon_ros.prefix_path.ament:The path '/home/rss/robot_harry/robotik/src/install/create3_examples_msgs' in the environment variable AMENT_PREFIX_PATH doesn't exist
[0.212s] WARNING:colcon.colcon_ros.prefix_path.ament:The path '/home/rss/robot_harry/robotik/src/install/apriltag_ros' in the environment variable AMENT_PREFIX_PATH doesn't exist
[0.212s] WARNING:colcon.colcon_ros.prefix_path.ament:The path '/home/rss/robot_harry/robotik/src/install/apriltag_msgs' in the environment variable AMENT_PREFIX_PATH doesn't exist
[0.212s] WARNING:colcon.colcon_ros.prefix_path.ament:The path '/home/rss/robot_harry/robotik/install/webcam_bringup' in the environment variable AMENT_PREFIX_PATH doesn't exist
[0.212s] WARNING:colcon.colcon_ros.prefix_path.ament:The path '/home/rss/robot_harry/robotik/install/teleop' in the environment variable AMENT_PREFIX_PATH doesn't exist
[0.212s] WARNING:colcon.colcon_ros.prefix_path.ament:The path '/home/rss/robot_harry/robotik/install/tag_detection' in the environment variable AMENT_PREFIX_PATH doesn't exist
[0.212s] WARNING:colcon.colcon_ros.prefix_path.ament:The path '/home/rss/robot_harry/robotik/install/create3_lidar_slam' in the environment variable AMENT_PREFIX_PATH doesn't exist
[0.212s] WARNING:colcon.colcon_ros.prefix_path.ament:The path '/home/rss/robot_harry/robotik/install/rplidar_ros' in the environment variable AMENT_PREFIX_PATH doesn't exist
[0.213s] WARNING:colcon.colcon_ros.prefix_path.ament:The path '/home/rss/robot_harry/robotik/install/robot_bringup' in the environment variable AMENT_PREFIX_PATH doesn't exist
[0.213s] WARNING:colcon.colcon_ros.prefix_path.ament:The path '/home/rss/robot_harry/robotik/install/pub_sub' in the environment variable AMENT_PREFIX_PATH doesn't exist
[0.213s] WARNING:colcon.colcon_ros.prefix_path.ament:The path '/home/rss/robot_harry/robotik/install/object_detection' in the environment variable AMENT_PREFIX_PATH doesn't exist
[0.213s] WARNING:colcon.colcon_ros.prefix_path.ament:The path '/home/rss/robot_harry/robotik/install/my_robot_slam' in the environment variable AMENT_PREFIX_PATH doesn't exist
[0.213s] WARNING:colcon.colcon_ros.prefix_path.ament:The path '/home/rss/robot_harry/robotik/install/my_robot_navigation' in the environment variable AMENT_PREFIX_PATH doesn't exist
[0.213s] WARNING:colcon.colcon_ros.prefix_path.ament:The path '/home/rss/robot_harry/robotik/install/create3_teleop' in the environment variable AMENT_PREFIX_PATH doesn't exist
[0.213s] WARNING:colcon.colcon_ros.prefix_path.ament:The path '/home/rss/robot_harry/robotik/install/create3_republisher' in the environment variable AMENT_PREFIX_PATH doesn't exist
[0.213s] WARNING:colcon.colcon_ros.prefix_path.ament:The path '/home/rss/robot_harry/robotik/install/create3_examples_py' in the environment variable AMENT_PREFIX_PATH doesn't exist
[0.213s] WARNING:colcon.colcon_ros.prefix_path.ament:The path '/home/rss/robot_harry/robotik/install/create3_coverage' in the environment variable AMENT_PREFIX_PATH doesn't exist
[0.213s] WARNING:colcon.colcon_ros.prefix_path.ament:The path '/home/rss/robot_harry/robotik/install/create3_examples_msgs' in the environment variable AMENT_PREFIX_PATH doesn't exist
[0.213s] WARNING:colcon.colcon_ros.prefix_path.ament:The path '/home/rss/robot_harry/robotik/install/apriltag_ros' in the environment variable AMENT_PREFIX_PATH doesn't exist
[0.213s] WARNING:colcon.colcon_ros.prefix_path.ament:The path '/home/rss/robot_harry/robotik/install/apriltag_msgs' in the environment variable AMENT_PREFIX_PATH doesn't exist
[0.213s] WARNING:colcon.colcon_ros.prefix_path.catkin:The path '/home/rss/robot_harry/robotik/src/install/create3_lidar_slam' in the environment variable CMAKE_PREFIX_PATH doesn't exist
[0.213s] WARNING:colcon.colcon_ros.prefix_path.catkin:The path '/home/rss/robot_harry/robotik/src/install/rplidar_ros' in the environment variable CMAKE_PREFIX_PATH doesn't exist
[0.213s] WARNING:colcon.colcon_ros.prefix_path.catkin:The path '/home/rss/robot_harry/robotik/src/install/create3_republisher' in the environment variable CMAKE_PREFIX_PATH doesn't exist
[0.213s] WARNING:colcon.colcon_ros.prefix_path.catkin:The path '/home/rss/robot_harry/robotik/src/install/create3_coverage' in the environment variable CMAKE_PREFIX_PATH doesn't exist
[0.213s] WARNING:colcon.colcon_ros.prefix_path.catkin:The path '/home/rss/robot_harry/robotik/src/install/create3_examples_msgs' in the environment variable CMAKE_PREFIX_PATH doesn't exist
[0.213s] WARNING:colcon.colcon_ros.prefix_path.catkin:The path '/home/rss/robot_harry/robotik/src/install/apriltag_ros' in the environment variable CMAKE_PREFIX_PATH doesn't exist
[0.213s] WARNING:colcon.colcon_ros.prefix_path.catkin:The path '/home/rss/robot_harry/robotik/src/install/apriltag_msgs' in the environment variable CMAKE_PREFIX_PATH doesn't exist
[0.213s] WARNING:colcon.colcon_ros.prefix_path.catkin:The path '/home/rss/robot_harry/robotik/install/create3_lidar_slam' in the environment variable CMAKE_PREFIX_PATH doesn't exist
[0.213s] WARNING:colcon.colcon_ros.prefix_path.catkin:The path '/home/rss/robot_harry/robotik/install/rplidar_ros' in the environment variable CMAKE_PREFIX_PATH doesn't exist
[0.213s] WARNING:colcon.colcon_ros.prefix_path.catkin:The path '/home/rss/robot_harry/robotik/install/my_robot_slam' in the environment variable CMAKE_PREFIX_PATH doesn't exist
[0.213s] WARNING:colcon.colcon_ros.prefix_path.catkin:The path '/home/rss/robot_harry/robotik/install/create3_republisher' in the environment variable CMAKE_PREFIX_PATH doesn't exist
[0.213s] WARNING:colcon.colcon_ros.prefix_path.catkin:The path '/home/rss/robot_harry/robotik/install/create3_coverage' in the environment variable CMAKE_PREFIX_PATH doesn't exist
[0.213s] WARNING:colcon.colcon_ros.prefix_path.catkin:The path '/home/rss/robot_harry/robotik/install/create3_examples_msgs' in the environment variable CMAKE_PREFIX_PATH doesn't exist
[0.213s] WARNING:colcon.colcon_ros.prefix_path.catkin:The path '/home/rss/robot_harry/robotik/install/apriltag_ros' in the environment variable CMAKE_PREFIX_PATH doesn't exist
[0.213s] WARNING:colcon.colcon_ros.prefix_path.catkin:The path '/home/rss/robot_harry/robotik/install/apriltag_msgs' in the environment variable CMAKE_PREFIX_PATH doesn't exist
[0.213s] DEBUG:colcon.colcon_installed_package_information.package_discovery:Found 0 installed packages in /home/rss/robot_harry/robotik/install
[0.214s] DEBUG:colcon.colcon_installed_package_information.package_discovery:Found 346 installed packages in /opt/ros/humble
[0.215s] Level 1:colcon.colcon_core.package_discovery:discover_packages(prefix_path) using defaults
[0.240s] Level 5:colcon.colcon_core.verb:set package 'apriltag_msgs' build argument 'cmake_args' from command line to 'None'
[0.240s] Level 5:colcon.colcon_core.verb:set package 'apriltag_msgs' build argument 'cmake_target' from command line to 'None'
[0.240s] Level 5:colcon.colcon_core.verb:set package 'apriltag_msgs' build argument 'cmake_target_skip_unavailable' from command line to 'False'
[0.240s] Level 5:colcon.colcon_core.verb:set package 'apriltag_msgs' build argument 'cmake_clean_cache' from command line to 'False'
[0.240s] Level 5:colcon.colcon_core.verb:set package 'apriltag_msgs' build argument 'cmake_clean_first' from command line to 'False'
[0.240s] Level 5:colcon.colcon_core.verb:set package 'apriltag_msgs' build argument 'cmake_force_configure' from command line to 'False'
[0.240s] Level 5:colcon.colcon_core.verb:set package 'apriltag_msgs' build argument 'ament_cmake_args' from command line to 'None'
[0.240s] Level 5:colcon.colcon_core.verb:set package 'apriltag_msgs' build argument 'catkin_cmake_args' from command line to 'None'
[0.240s] Level 5:colcon.colcon_core.verb:set package 'apriltag_msgs' build argument 'catkin_skip_building_tests' from command line to 'False'
[0.240s] DEBUG:colcon.colcon_core.verb:Building package 'apriltag_msgs' with the following arguments: {'ament_cmake_args': None, 'build_base': '/home/rss/robot_harry/robotik/build/apriltag_msgs', 'catkin_cmake_args': None, 'catkin_skip_building_tests': False, 'cmake_args': None, 'cmake_clean_cache': False, 'cmake_clean_first': False, 'cmake_force_configure': False, 'cmake_target': None, 'cmake_target_skip_unavailable': False, 'install_base': '/home/rss/robot_harry/robotik/install/apriltag_msgs', 'merge_install': False, 'path': '/home/rss/robot_harry/robotik/src/apriltag_msgs', 'symlink_install': True, 'test_result_base': None}
[0.241s] Level 5:colcon.colcon_core.verb:set package 'create3_examples_msgs' build argument 'cmake_args' from command line to 'None'
[0.241s] Level 5:colcon.colcon_core.verb:set package 'create3_examples_msgs' build argument 'cmake_target' from command line to 'None'
[0.241s] Level 5:colcon.colcon_core.verb:set package 'create3_examples_msgs' build argument 'cmake_target_skip_unavailable' from command line to 'False'
[0.241s] Level 5:colcon.colcon_core.verb:set package 'create3_examples_msgs' build argument 'cmake_clean_cache' from command line to 'False'
[0.241s] Level 5:colcon.colcon_core.verb:set package 'create3_examples_msgs' build argument 'cmake_clean_first' from command line to 'False'
[0.241s] Level 5:colcon.colcon_core.verb:set package 'create3_examples_msgs' build argument 'cmake_force_configure' from command line to 'False'
[0.241s] Level 5:colcon.colcon_core.verb:set package 'create3_examples_msgs' build argument 'ament_cmake_args' from command line to 'None'
[0.241s] Level 5:colcon.colcon_core.verb:set package 'create3_examples_msgs' build argument 'catkin_cmake_args' from command line to 'None'
[0.241s] Level 5:colcon.colcon_core.verb:set package 'create3_examples_msgs' build argument 'catkin_skip_building_tests' from command line to 'False'
[0.241s] DEBUG:colcon.colcon_core.verb:Building package 'create3_examples_msgs' with the following arguments: {'ament_cmake_args': None, 'build_base': '/home/rss/robot_harry/robotik/build/create3_examples_msgs', 'catkin_cmake_args': None, 'catkin_skip_building_tests': False, 'cmake_args': None, 'cmake_clean_cache': False, 'cmake_clean_first': False, 'cmake_force_configure': False, 'cmake_target': None, 'cmake_target_skip_unavailable': False, 'install_base': '/home/rss/robot_harry/robotik/install/create3_examples_msgs', 'merge_install': False, 'path': '/home/rss/robot_harry/robotik/src/create3_examples/create3_examples_msgs', 'symlink_install': True, 'test_result_base': None}
[0.241s] Level 5:colcon.colcon_core.verb:set package 'create3_examples_py' build argument 'cmake_args' from command line to 'None'
[0.241s] Level 5:colcon.colcon_core.verb:set package 'create3_examples_py' build argument 'cmake_target' from command line to 'None'
[0.241s] Level 5:colcon.colcon_core.verb:set package 'create3_examples_py' build argument 'cmake_target_skip_unavailable' from command line to 'False'
[0.241s] Level 5:colcon.colcon_core.verb:set package 'create3_examples_py' build argument 'cmake_clean_cache' from command line to 'False'
[0.241s] Level 5:colcon.colcon_core.verb:set package 'create3_examples_py' build argument 'cmake_clean_first' from command line to 'False'
[0.241s] Level 5:colcon.colcon_core.verb:set package 'create3_examples_py' build argument 'cmake_force_configure' from command line to 'False'
[0.241s] Level 5:colcon.colcon_core.verb:set package 'create3_examples_py' build argument 'ament_cmake_args' from command line to 'None'
[0.241s] Level 5:colcon.colcon_core.verb:set package 'create3_examples_py' build argument 'catkin_cmake_args' from command line to 'None'
[0.241s] Level 5:colcon.colcon_core.verb:set package 'create3_examples_py' build argument 'catkin_skip_building_tests' from command line to 'False'
[0.241s] DEBUG:colcon.colcon_core.verb:Building package 'create3_examples_py' with the following arguments: {'ament_cmake_args': None, 'build_base': '/home/rss/robot_harry/robotik/build/create3_examples_py', 'catkin_cmake_args': None, 'catkin_skip_building_tests': False, 'cmake_args': None, 'cmake_clean_cache': False, 'cmake_clean_first': False, 'cmake_force_configure': False, 'cmake_target': None, 'cmake_target_skip_unavailable': False, 'install_base': '/home/rss/robot_harry/robotik/install/create3_examples_py', 'merge_install': False, 'path': '/home/rss/robot_harry/robotik/src/create3_examples/create3_examples_py', 'symlink_install': True, 'test_result_base': None}
[0.241s] Level 5:colcon.colcon_core.verb:set package 'create3_republisher' build argument 'cmake_args' from command line to 'None'
[0.241s] Level 5:colcon.colcon_core.verb:set package 'create3_republisher' build argument 'cmake_target' from command line to 'None'
[0.241s] Level 5:colcon.colcon_core.verb:set package 'create3_republisher' build argument 'cmake_target_skip_unavailable' from command line to 'False'
[0.241s] Level 5:colcon.colcon_core.verb:set package 'create3_republisher' build argument 'cmake_clean_cache' from command line to 'False'
[0.241s] Level 5:colcon.colcon_core.verb:set package 'create3_republisher' build argument 'cmake_clean_first' from command line to 'False'
[0.241s] Level 5:colcon.colcon_core.verb:set package 'create3_republisher' build argument 'cmake_force_configure' from command line to 'False'
[0.241s] Level 5:colcon.colcon_core.verb:set package 'create3_republisher' build argument 'ament_cmake_args' from command line to 'None'
[0.241s] Level 5:colcon.colcon_core.verb:set package 'create3_republisher' build argument 'catkin_cmake_args' from command line to 'None'
[0.241s] Level 5:colcon.colcon_core.verb:set package 'create3_republisher' build argument 'catkin_skip_building_tests' from command line to 'False'
[0.241s] DEBUG:colcon.colcon_core.verb:Building package 'create3_republisher' with the following arguments: {'ament_cmake_args': None, 'build_base': '/home/rss/robot_harry/robotik/build/create3_republisher', 'catkin_cmake_args': None, 'catkin_skip_building_tests': False, 'cmake_args': None, 'cmake_clean_cache': False, 'cmake_clean_first': False, 'cmake_force_configure': False, 'cmake_target': None, 'cmake_target_skip_unavailable': False, 'install_base': '/home/rss/robot_harry/robotik/install/create3_republisher', 'merge_install': False, 'path': '/home/rss/robot_harry/robotik/src/create3_examples/create3_republisher', 'symlink_install': True, 'test_result_base': None}
[0.242s] Level 5:colcon.colcon_core.verb:set package 'create3_teleop' build argument 'cmake_args' from command line to 'None'
[0.242s] Level 5:colcon.colcon_core.verb:set package 'create3_teleop' build argument 'cmake_target' from command line to 'None'
[0.242s] Level 5:colcon.colcon_core.verb:set package 'create3_teleop' build argument 'cmake_target_skip_unavailable' from command line to 'False'
[0.242s] Level 5:colcon.colcon_core.verb:set package 'create3_teleop' build argument 'cmake_clean_cache' from command line to 'False'
[0.242s] Level 5:colcon.colcon_core.verb:set package 'create3_teleop' build argument 'cmake_clean_first' from command line to 'False'
[0.242s] Level 5:colcon.colcon_core.verb:set package 'create3_teleop' build argument 'cmake_force_configure' from command line to 'False'
[0.242s] Level 5:colcon.colcon_core.verb:set package 'create3_teleop' build argument 'ament_cmake_args' from command line to 'None'
[0.242s] Level 5:colcon.colcon_core.verb:set package 'create3_teleop' build argument 'catkin_cmake_args' from command line to 'None'
[0.242s] Level 5:colcon.colcon_core.verb:set package 'create3_teleop' build argument 'catkin_skip_building_tests' from command line to 'False'
[0.242s] DEBUG:colcon.colcon_core.verb:Building package 'create3_teleop' with the following arguments: {'ament_cmake_args': None, 'build_base': '/home/rss/robot_harry/robotik/build/create3_teleop', 'catkin_cmake_args': None, 'catkin_skip_building_tests': False, 'cmake_args': None, 'cmake_clean_cache': False, 'cmake_clean_first': False, 'cmake_force_configure': False, 'cmake_target': None, 'cmake_target_skip_unavailable': False, 'install_base': '/home/rss/robot_harry/robotik/install/create3_teleop', 'merge_install': False, 'path': '/home/rss/robot_harry/robotik/src/create3_examples/create3_teleop', 'symlink_install': True, 'test_result_base': None}
[0.242s] Level 5:colcon.colcon_core.verb:set package 'my_robot_navigation' build argument 'cmake_args' from command line to 'None'
[0.242s] Level 5:colcon.colcon_core.verb:set package 'my_robot_navigation' build argument 'cmake_target' from command line to 'None'
[0.242s] Level 5:colcon.colcon_core.verb:set package 'my_robot_navigation' build argument 'cmake_target_skip_unavailable' from command line to 'False'
[0.242s] Level 5:colcon.colcon_core.verb:set package 'my_robot_navigation' build argument 'cmake_clean_cache' from command line to 'False'
[0.242s] Level 5:colcon.colcon_core.verb:set package 'my_robot_navigation' build argument 'cmake_clean_first' from command line to 'False'
[0.242s] Level 5:colcon.colcon_core.verb:set package 'my_robot_navigation' build argument 'cmake_force_configure' from command line to 'False'
[0.242s] Level 5:colcon.colcon_core.verb:set package 'my_robot_navigation' build argument 'ament_cmake_args' from command line to 'None'
[0.242s] Level 5:colcon.colcon_core.verb:set package 'my_robot_navigation' build argument 'catkin_cmake_args' from command line to 'None'
[0.242s] Level 5:colcon.colcon_core.verb:set package 'my_robot_navigation' build argument 'catkin_skip_building_tests' from command line to 'False'
[0.242s] DEBUG:colcon.colcon_core.verb:Building package 'my_robot_navigation' with the following arguments: {'ament_cmake_args': None, 'build_base': '/home/rss/robot_harry/robotik/build/my_robot_navigation', 'catkin_cmake_args': None, 'catkin_skip_building_tests': False, 'cmake_args': None, 'cmake_clean_cache': False, 'cmake_clean_first': False, 'cmake_force_configure': False, 'cmake_target': None, 'cmake_target_skip_unavailable': False, 'install_base': '/home/rss/robot_harry/robotik/install/my_robot_navigation', 'merge_install': False, 'path': '/home/rss/robot_harry/robotik/src/my_robot_navigation', 'symlink_install': True, 'test_result_base': None}
[0.242s] Level 5:colcon.colcon_core.verb:set package 'my_robot_slam' build argument 'cmake_args' from command line to 'None'
[0.242s] Level 5:colcon.colcon_core.verb:set package 'my_robot_slam' build argument 'cmake_target' from command line to 'None'
[0.242s] Level 5:colcon.colcon_core.verb:set package 'my_robot_slam' build argument 'cmake_target_skip_unavailable' from command line to 'False'
[0.242s] Level 5:colcon.colcon_core.verb:set package 'my_robot_slam' build argument 'cmake_clean_cache' from command line to 'False'
[0.242s] Level 5:colcon.colcon_core.verb:set package 'my_robot_slam' build argument 'cmake_clean_first' from command line to 'False'
[0.242s] Level 5:colcon.colcon_core.verb:set package 'my_robot_slam' build argument 'cmake_force_configure' from command line to 'False'
[0.242s] Level 5:colcon.colcon_core.verb:set package 'my_robot_slam' build argument 'ament_cmake_args' from command line to 'None'
[0.242s] Level 5:colcon.colcon_core.verb:set package 'my_robot_slam' build argument 'catkin_cmake_args' from command line to 'None'
[0.242s] Level 5:colcon.colcon_core.verb:set package 'my_robot_slam' build argument 'catkin_skip_building_tests' from command line to 'False'
[0.242s] DEBUG:colcon.colcon_core.verb:Building package 'my_robot_slam' with the following arguments: {'ament_cmake_args': None, 'build_base': '/home/rss/robot_harry/robotik/build/my_robot_slam', 'catkin_cmake_args': None, 'catkin_skip_building_tests': False, 'cmake_args': None, 'cmake_clean_cache': False, 'cmake_clean_first': False, 'cmake_force_configure': False, 'cmake_target': None, 'cmake_target_skip_unavailable': False, 'install_base': '/home/rss/robot_harry/robotik/install/my_robot_slam', 'merge_install': False, 'path': '/home/rss/robot_harry/robotik/src/my_robot_slam', 'symlink_install': True, 'test_result_base': None}
[0.243s] Level 5:colcon.colcon_core.verb:set package 'object_detection' build argument 'cmake_args' from command line to 'None'
[0.243s] Level 5:colcon.colcon_core.verb:set package 'object_detection' build argument 'cmake_target' from command line to 'None'
[0.243s] Level 5:colcon.colcon_core.verb:set package 'object_detection' build argument 'cmake_target_skip_unavailable' from command line to 'False'
[0.243s] Level 5:colcon.colcon_core.verb:set package 'object_detection' build argument 'cmake_clean_cache' from command line to 'False'
[0.243s] Level 5:colcon.colcon_core.verb:set package 'object_detection' build argument 'cmake_clean_first' from command line to 'False'
[0.243s] Level 5:colcon.colcon_core.verb:set package 'object_detection' build argument 'cmake_force_configure' from command line to 'False'
[0.243s] Level 5:colcon.colcon_core.verb:set package 'object_detection' build argument 'ament_cmake_args' from command line to 'None'
[0.243s] Level 5:colcon.colcon_core.verb:set package 'object_detection' build argument 'catkin_cmake_args' from command line to 'None'
[0.243s] Level 5:colcon.colcon_core.verb:set package 'object_detection' build argument 'catkin_skip_building_tests' from command line to 'False'
[0.243s] DEBUG:colcon.colcon_core.verb:Building package 'object_detection' with the following arguments: {'ament_cmake_args': None, 'build_base': '/home/rss/robot_harry/robotik/build/object_detection', 'catkin_cmake_args': None, 'catkin_skip_building_tests': False, 'cmake_args': None, 'cmake_clean_cache': False, 'cmake_clean_first': False, 'cmake_force_configure': False, 'cmake_target': None, 'cmake_target_skip_unavailable': False, 'install_base': '/home/rss/robot_harry/robotik/install/object_detection', 'merge_install': False, 'path': '/home/rss/robot_harry/robotik/src/object_detection', 'symlink_install': True, 'test_result_base': None}
[0.243s] Level 5:colcon.colcon_core.verb:set package 'pub_sub' build argument 'cmake_args' from command line to 'None'
[0.243s] Level 5:colcon.colcon_core.verb:set package 'pub_sub' build argument 'cmake_target' from command line to 'None'
[0.243s] Level 5:colcon.colcon_core.verb:set package 'pub_sub' build argument 'cmake_target_skip_unavailable' from command line to 'False'
[0.243s] Level 5:colcon.colcon_core.verb:set package 'pub_sub' build argument 'cmake_clean_cache' from command line to 'False'
[0.243s] Level 5:colcon.colcon_core.verb:set package 'pub_sub' build argument 'cmake_clean_first' from command line to 'False'
[0.243s] Level 5:colcon.colcon_core.verb:set package 'pub_sub' build argument 'cmake_force_configure' from command line to 'False'
[0.243s] Level 5:colcon.colcon_core.verb:set package 'pub_sub' build argument 'ament_cmake_args' from command line to 'None'
[0.243s] Level 5:colcon.colcon_core.verb:set package 'pub_sub' build argument 'catkin_cmake_args' from command line to 'None'
[0.243s] Level 5:colcon.colcon_core.verb:set package 'pub_sub' build argument 'catkin_skip_building_tests' from command line to 'False'
[0.243s] DEBUG:colcon.colcon_core.verb:Building package 'pub_sub' with the following arguments: {'ament_cmake_args': None, 'build_base': '/home/rss/robot_harry/robotik/build/pub_sub', 'catkin_cmake_args': None, 'catkin_skip_building_tests': False, 'cmake_args': None, 'cmake_clean_cache': False, 'cmake_clean_first': False, 'cmake_force_configure': False, 'cmake_target': None, 'cmake_target_skip_unavailable': False, 'install_base': '/home/rss/robot_harry/robotik/install/pub_sub', 'merge_install': False, 'path': '/home/rss/robot_harry/robotik/src/pub_sub', 'symlink_install': True, 'test_result_base': None}
[0.243s] Level 5:colcon.colcon_core.verb:set package 'robot_bringup' build argument 'cmake_args' from command line to 'None'
[0.243s] Level 5:colcon.colcon_core.verb:set package 'robot_bringup' build argument 'cmake_target' from command line to 'None'
[0.243s] Level 5:colcon.colcon_core.verb:set package 'robot_bringup' build argument 'cmake_target_skip_unavailable' from command line to 'False'
[0.243s] Level 5:colcon.colcon_core.verb:set package 'robot_bringup' build argument 'cmake_clean_cache' from command line to 'False'
[0.243s] Level 5:colcon.colcon_core.verb:set package 'robot_bringup' build argument 'cmake_clean_first' from command line to 'False'
[0.243s] Level 5:colcon.colcon_core.verb:set package 'robot_bringup' build argument 'cmake_force_configure' from command line to 'False'
[0.243s] Level 5:colcon.colcon_core.verb:set package 'robot_bringup' build argument 'ament_cmake_args' from command line to 'None'
[0.243s] Level 5:colcon.colcon_core.verb:set package 'robot_bringup' build argument 'catkin_cmake_args' from command line to 'None'
[0.243s] Level 5:colcon.colcon_core.verb:set package 'robot_bringup' build argument 'catkin_skip_building_tests' from command line to 'False'
[0.243s] DEBUG:colcon.colcon_core.verb:Building package 'robot_bringup' with the following arguments: {'ament_cmake_args': None, 'build_base': '/home/rss/robot_harry/robotik/build/robot_bringup', 'catkin_cmake_args': None, 'catkin_skip_building_tests': False, 'cmake_args': None, 'cmake_clean_cache': False, 'cmake_clean_first': False, 'cmake_force_configure': False, 'cmake_target': None, 'cmake_target_skip_unavailable': False, 'install_base': '/home/rss/robot_harry/robotik/install/robot_bringup', 'merge_install': False, 'path': '/home/rss/robot_harry/robotik/src/robot_bringup', 'symlink_install': True, 'test_result_base': None}
[0.244s] Level 5:colcon.colcon_core.verb:set package 'rplidar_ros' build argument 'cmake_args' from command line to 'None'
[0.244s] Level 5:colcon.colcon_core.verb:set package 'rplidar_ros' build argument 'cmake_target' from command line to 'None'
[0.244s] Level 5:colcon.colcon_core.verb:set package 'rplidar_ros' build argument 'cmake_target_skip_unavailable' from command line to 'False'
[0.244s] Level 5:colcon.colcon_core.verb:set package 'rplidar_ros' build argument 'cmake_clean_cache' from command line to 'False'
[0.244s] Level 5:colcon.colcon_core.verb:set package 'rplidar_ros' build argument 'cmake_clean_first' from command line to 'False'
[0.244s] Level 5:colcon.colcon_core.verb:set package 'rplidar_ros' build argument 'cmake_force_configure' from command line to 'False'
[0.244s] Level 5:colcon.colcon_core.verb:set package 'rplidar_ros' build argument 'ament_cmake_args' from command line to 'None'
[0.244s] Level 5:colcon.colcon_core.verb:set package 'rplidar_ros' build argument 'catkin_cmake_args' from command line to 'None'
[0.244s] Level 5:colcon.colcon_core.verb:set package 'rplidar_ros' build argument 'catkin_skip_building_tests' from command line to 'False'
[0.244s] DEBUG:colcon.colcon_core.verb:Building package 'rplidar_ros' with the following arguments: {'ament_cmake_args': None, 'build_base': '/home/rss/robot_harry/robotik/build/rplidar_ros', 'catkin_cmake_args': None, 'catkin_skip_building_tests': False, 'cmake_args': None, 'cmake_clean_cache': False, 'cmake_clean_first': False, 'cmake_force_configure': False, 'cmake_target': None, 'cmake_target_skip_unavailable': False, 'install_base': '/home/rss/robot_harry/robotik/install/rplidar_ros', 'merge_install': False, 'path': '/home/rss/robot_harry/robotik/src/rplidar-ros', 'symlink_install': True, 'test_result_base': None}
[0.244s] Level 5:colcon.colcon_core.verb:set package 'tag_detection' build argument 'cmake_args' from command line to 'None'
[0.244s] Level 5:colcon.colcon_core.verb:set package 'tag_detection' build argument 'cmake_target' from command line to 'None'
[0.244s] Level 5:colcon.colcon_core.verb:set package 'tag_detection' build argument 'cmake_target_skip_unavailable' from command line to 'False'
[0.244s] Level 5:colcon.colcon_core.verb:set package 'tag_detection' build argument 'cmake_clean_cache' from command line to 'False'
[0.244s] Level 5:colcon.colcon_core.verb:set package 'tag_detection' build argument 'cmake_clean_first' from command line to 'False'
[0.244s] Level 5:colcon.colcon_core.verb:set package 'tag_detection' build argument 'cmake_force_configure' from command line to 'False'
[0.244s] Level 5:colcon.colcon_core.verb:set package 'tag_detection' build argument 'ament_cmake_args' from command line to 'None'
[0.244s] Level 5:colcon.colcon_core.verb:set package 'tag_detection' build argument 'catkin_cmake_args' from command line to 'None'
[0.244s] Level 5:colcon.colcon_core.verb:set package 'tag_detection' build argument 'catkin_skip_building_tests' from command line to 'False'
[0.244s] DEBUG:colcon.colcon_core.verb:Building package 'tag_detection' with the following arguments: {'ament_cmake_args': None, 'build_base': '/home/rss/robot_harry/robotik/build/tag_detection', 'catkin_cmake_args': None, 'catkin_skip_building_tests': False, 'cmake_args': None, 'cmake_clean_cache': False, 'cmake_clean_first': False, 'cmake_force_configure': False, 'cmake_target': None, 'cmake_target_skip_unavailable': False, 'install_base': '/home/rss/robot_harry/robotik/install/tag_detection', 'merge_install': False, 'path': '/home/rss/robot_harry/robotik/src/tag_detection', 'symlink_install': True, 'test_result_base': None}
[0.244s] Level 5:colcon.colcon_core.verb:set package 'teleop' build argument 'cmake_args' from command line to 'None'
[0.244s] Level 5:colcon.colcon_core.verb:set package 'teleop' build argument 'cmake_target' from command line to 'None'
[0.244s] Level 5:colcon.colcon_core.verb:set package 'teleop' build argument 'cmake_target_skip_unavailable' from command line to 'False'
[0.244s] Level 5:colcon.colcon_core.verb:set package 'teleop' build argument 'cmake_clean_cache' from command line to 'False'
[0.244s] Level 5:colcon.colcon_core.verb:set package 'teleop' build argument 'cmake_clean_first' from command line to 'False'
[0.244s] Level 5:colcon.colcon_core.verb:set package 'teleop' build argument 'cmake_force_configure' from command line to 'False'
[0.244s] Level 5:colcon.colcon_core.verb:set package 'teleop' build argument 'ament_cmake_args' from command line to 'None'
[0.244s] Level 5:colcon.colcon_core.verb:set package 'teleop' build argument 'catkin_cmake_args' from command line to 'None'
[0.244s] Level 5:colcon.colcon_core.verb:set package 'teleop' build argument 'catkin_skip_building_tests' from command line to 'False'
[0.244s] DEBUG:colcon.colcon_core.verb:Building package 'teleop' with the following arguments: {'ament_cmake_args': None, 'build_base': '/home/rss/robot_harry/robotik/build/teleop', 'catkin_cmake_args': None, 'catkin_skip_building_tests': False, 'cmake_args': None, 'cmake_clean_cache': False, 'cmake_clean_first': False, 'cmake_force_configure': False, 'cmake_target': None, 'cmake_target_skip_unavailable': False, 'install_base': '/home/rss/robot_harry/robotik/install/teleop', 'merge_install': False, 'path': '/home/rss/robot_harry/robotik/src/teleop', 'symlink_install': True, 'test_result_base': None}
[0.245s] Level 5:colcon.colcon_core.verb:set package 'webcam_bringup' build argument 'cmake_args' from command line to 'None'
[0.245s] Level 5:colcon.colcon_core.verb:set package 'webcam_bringup' build argument 'cmake_target' from command line to 'None'
[0.245s] Level 5:colcon.colcon_core.verb:set package 'webcam_bringup' build argument 'cmake_target_skip_unavailable' from command line to 'False'
[0.245s] Level 5:colcon.colcon_core.verb:set package 'webcam_bringup' build argument 'cmake_clean_cache' from command line to 'False'
[0.245s] Level 5:colcon.colcon_core.verb:set package 'webcam_bringup' build argument 'cmake_clean_first' from command line to 'False'
[0.245s] Level 5:colcon.colcon_core.verb:set package 'webcam_bringup' build argument 'cmake_force_configure' from command line to 'False'
[0.245s] Level 5:colcon.colcon_core.verb:set package 'webcam_bringup' build argument 'ament_cmake_args' from command line to 'None'
[0.245s] Level 5:colcon.colcon_core.verb:set package 'webcam_bringup' build argument 'catkin_cmake_args' from command line to 'None'
[0.245s] Level 5:colcon.colcon_core.verb:set package 'webcam_bringup' build argument 'catkin_skip_building_tests' from command line to 'False'
[0.245s] DEBUG:colcon.colcon_core.verb:Building package 'webcam_bringup' with the following arguments: {'ament_cmake_args': None, 'build_base': '/home/rss/robot_harry/robotik/build/webcam_bringup', 'catkin_cmake_args': None, 'catkin_skip_building_tests': False, 'cmake_args': None, 'cmake_clean_cache': False, 'cmake_clean_first': False, 'cmake_force_configure': False, 'cmake_target': None, 'cmake_target_skip_unavailable': False, 'install_base': '/home/rss/robot_harry/robotik/install/webcam_bringup', 'merge_install': False, 'path': '/home/rss/robot_harry/robotik/src/webcam_bringup', 'symlink_install': True, 'test_result_base': None}
[0.245s] Level 5:colcon.colcon_core.verb:set package 'apriltag_ros' build argument 'cmake_args' from command line to 'None'
[0.245s] Level 5:colcon.colcon_core.verb:set package 'apriltag_ros' build argument 'cmake_target' from command line to 'None'
[0.245s] Level 5:colcon.colcon_core.verb:set package 'apriltag_ros' build argument 'cmake_target_skip_unavailable' from command line to 'False'
[0.245s] Level 5:colcon.colcon_core.verb:set package 'apriltag_ros' build argument 'cmake_clean_cache' from command line to 'False'
[0.245s] Level 5:colcon.colcon_core.verb:set package 'apriltag_ros' build argument 'cmake_clean_first' from command line to 'False'
[0.245s] Level 5:colcon.colcon_core.verb:set package 'apriltag_ros' build argument 'cmake_force_configure' from command line to 'False'
[0.245s] Level 5:colcon.colcon_core.verb:set package 'apriltag_ros' build argument 'ament_cmake_args' from command line to 'None'
[0.245s] Level 5:colcon.colcon_core.verb:set package 'apriltag_ros' build argument 'catkin_cmake_args' from command line to 'None'
[0.245s] Level 5:colcon.colcon_core.verb:set package 'apriltag_ros' build argument 'catkin_skip_building_tests' from command line to 'False'
[0.245s] DEBUG:colcon.colcon_core.verb:Building package 'apriltag_ros' with the following arguments: {'ament_cmake_args': None, 'build_base': '/home/rss/robot_harry/robotik/build/apriltag_ros', 'catkin_cmake_args': None, 'catkin_skip_building_tests': False, 'cmake_args': None, 'cmake_clean_cache': False, 'cmake_clean_first': False, 'cmake_force_configure': False, 'cmake_target': None, 'cmake_target_skip_unavailable': False, 'install_base': '/home/rss/robot_harry/robotik/install/apriltag_ros', 'merge_install': False, 'path': '/home/rss/robot_harry/robotik/src/apriltag_ros', 'symlink_install': True, 'test_result_base': None}
[0.245s] Level 5:colcon.colcon_core.verb:set package 'create3_coverage' build argument 'cmake_args' from command line to 'None'
[0.245s] Level 5:colcon.colcon_core.verb:set package 'create3_coverage' build argument 'cmake_target' from command line to 'None'
[0.245s] Level 5:colcon.colcon_core.verb:set package 'create3_coverage' build argument 'cmake_target_skip_unavailable' from command line to 'False'
[0.245s] Level 5:colcon.colcon_core.verb:set package 'create3_coverage' build argument 'cmake_clean_cache' from command line to 'False'
[0.245s] Level 5:colcon.colcon_core.verb:set package 'create3_coverage' build argument 'cmake_clean_first' from command line to 'False'
[0.245s] Level 5:colcon.colcon_core.verb:set package 'create3_coverage' build argument 'cmake_force_configure' from command line to 'False'
[0.245s] Level 5:colcon.colcon_core.verb:set package 'create3_coverage' build argument 'ament_cmake_args' from command line to 'None'
[0.245s] Level 5:colcon.colcon_core.verb:set package 'create3_coverage' build argument 'catkin_cmake_args' from command line to 'None'
[0.245s] Level 5:colcon.colcon_core.verb:set package 'create3_coverage' build argument 'catkin_skip_building_tests' from command line to 'False'
[0.245s] DEBUG:colcon.colcon_core.verb:Building package 'create3_coverage' with the following arguments: {'ament_cmake_args': None, 'build_base': '/home/rss/robot_harry/robotik/build/create3_coverage', 'catkin_cmake_args': None, 'catkin_skip_building_tests': False, 'cmake_args': None, 'cmake_clean_cache': False, 'cmake_clean_first': False, 'cmake_force_configure': False, 'cmake_target': None, 'cmake_target_skip_unavailable': False, 'install_base': '/home/rss/robot_harry/robotik/install/create3_coverage', 'merge_install': False, 'path': '/home/rss/robot_harry/robotik/src/create3_examples/create3_coverage', 'symlink_install': True, 'test_result_base': None}
[0.246s] Level 5:colcon.colcon_core.verb:set package 'create3_lidar_slam' build argument 'cmake_args' from command line to 'None'
[0.246s] Level 5:colcon.colcon_core.verb:set package 'create3_lidar_slam' build argument 'cmake_target' from command line to 'None'
[0.246s] Level 5:colcon.colcon_core.verb:set package 'create3_lidar_slam' build argument 'cmake_target_skip_unavailable' from command line to 'False'
[0.246s] Level 5:colcon.colcon_core.verb:set package 'create3_lidar_slam' build argument 'cmake_clean_cache' from command line to 'False'
[0.246s] Level 5:colcon.colcon_core.verb:set package 'create3_lidar_slam' build argument 'cmake_clean_first' from command line to 'False'
[0.246s] Level 5:colcon.colcon_core.verb:set package 'create3_lidar_slam' build argument 'cmake_force_configure' from command line to 'False'
[0.246s] Level 5:colcon.colcon_core.verb:set package 'create3_lidar_slam' build argument 'ament_cmake_args' from command line to 'None'
[0.246s] Level 5:colcon.colcon_core.verb:set package 'create3_lidar_slam' build argument 'catkin_cmake_args' from command line to 'None'
[0.246s] Level 5:colcon.colcon_core.verb:set package 'create3_lidar_slam' build argument 'catkin_skip_building_tests' from command line to 'False'
[0.246s] DEBUG:colcon.colcon_core.verb:Building package 'create3_lidar_slam' with the following arguments: {'ament_cmake_args': None, 'build_base': '/home/rss/robot_harry/robotik/build/create3_lidar_slam', 'catkin_cmake_args': None, 'catkin_skip_building_tests': False, 'cmake_args': None, 'cmake_clean_cache': False, 'cmake_clean_first': False, 'cmake_force_configure': False, 'cmake_target': None, 'cmake_target_skip_unavailable': False, 'install_base': '/home/rss/robot_harry/robotik/install/create3_lidar_slam', 'merge_install': False, 'path': '/home/rss/robot_harry/robotik/src/create3_examples/create3_lidar_slam', 'symlink_install': True, 'test_result_base': None}
[0.246s] INFO:colcon.colcon_core.executor:Executing jobs using 'parallel' executor
[0.247s] DEBUG:colcon.colcon_parallel_executor.executor.parallel:run_until_complete
[0.247s] INFO:colcon.colcon_ros.task.ament_cmake.build:Building ROS package in '/home/rss/robot_harry/robotik/src/apriltag_msgs' with build type 'ament_cmake'
[0.247s] INFO:colcon.colcon_cmake.task.cmake.build:Building CMake package in '/home/rss/robot_harry/robotik/src/apriltag_msgs'
[0.248s] INFO:colcon.colcon_core.plugin_system:Skipping extension 'colcon_core.shell.bat': Not used on non-Windows systems
[0.248s] INFO:colcon.colcon_core.shell:Skip shell extension 'powershell' for command environment: Not usable outside of PowerShell
[0.248s] DEBUG:colcon.colcon_core.shell:Skip shell extension 'dsv' for command environment
[0.250s] INFO:colcon.colcon_ros.task.ament_cmake.build:Building ROS package in '/home/rss/robot_harry/robotik/src/create3_examples/create3_examples_msgs' with build type 'ament_cmake'
[0.250s] INFO:colcon.colcon_cmake.task.cmake.build:Building CMake package in '/home/rss/robot_harry/robotik/src/create3_examples/create3_examples_msgs'
[0.251s] INFO:colcon.colcon_core.shell:Skip shell extension 'powershell' for command environment: Not usable outside of PowerShell
[0.251s] DEBUG:colcon.colcon_core.shell:Skip shell extension 'dsv' for command environment
[0.252s] INFO:colcon.colcon_ros.task.ament_cmake.build:Building ROS package in '/home/rss/robot_harry/robotik/src/rplidar-ros' with build type 'ament_cmake'
[0.252s] INFO:colcon.colcon_cmake.task.cmake.build:Building CMake package in '/home/rss/robot_harry/robotik/src/rplidar-ros'
[0.253s] INFO:colcon.colcon_core.shell:Skip shell extension 'powershell' for command environment: Not usable outside of PowerShell
[0.253s] DEBUG:colcon.colcon_core.shell:Skip shell extension 'dsv' for command environment
[0.254s] INFO:colcon.colcon_ros.task.ament_python.build:Building ROS package in '/home/rss/robot_harry/robotik/src/create3_examples/create3_examples_py' with build type 'ament_python'
[0.254s] Level 1:colcon.colcon_core.shell:create_environment_hook('create3_examples_py', 'ament_prefix_path')
[0.254s] INFO:colcon.colcon_core.shell:Creating environment hook '/home/rss/robot_harry/robotik/install/create3_examples_py/share/create3_examples_py/hook/ament_prefix_path.ps1'
[0.255s] INFO:colcon.colcon_core.shell:Creating environment descriptor '/home/rss/robot_harry/robotik/install/create3_examples_py/share/create3_examples_py/hook/ament_prefix_path.dsv'
[0.255s] INFO:colcon.colcon_core.shell:Creating environment hook '/home/rss/robot_harry/robotik/install/create3_examples_py/share/create3_examples_py/hook/ament_prefix_path.sh'
[0.256s] INFO:colcon.colcon_core.shell:Skip shell extension 'powershell' for command environment: Not usable outside of PowerShell
[0.256s] DEBUG:colcon.colcon_core.shell:Skip shell extension 'dsv' for command environment
[0.257s] INFO:colcon.colcon_ros.task.ament_cmake.build:Building ROS package in '/home/rss/robot_harry/robotik/src/create3_examples/create3_republisher' with build type 'ament_cmake'
[0.257s] INFO:colcon.colcon_cmake.task.cmake.build:Building CMake package in '/home/rss/robot_harry/robotik/src/create3_examples/create3_republisher'
[0.257s] INFO:colcon.colcon_core.shell:Skip shell extension 'powershell' for command environment: Not usable outside of PowerShell
[0.257s] DEBUG:colcon.colcon_core.shell:Skip shell extension 'dsv' for command environment
[0.260s] INFO:colcon.colcon_ros.task.ament_python.build:Building ROS package in '/home/rss/robot_harry/robotik/src/create3_examples/create3_teleop' with build type 'ament_python'
[0.260s] Level 1:colcon.colcon_core.shell:create_environment_hook('create3_teleop', 'ament_prefix_path')
[0.261s] INFO:colcon.colcon_core.shell:Creating environment hook '/home/rss/robot_harry/robotik/install/create3_teleop/share/create3_teleop/hook/ament_prefix_path.ps1'
[0.261s] INFO:colcon.colcon_core.shell:Creating environment descriptor '/home/rss/robot_harry/robotik/install/create3_teleop/share/create3_teleop/hook/ament_prefix_path.dsv'
[0.261s] INFO:colcon.colcon_core.shell:Creating environment hook '/home/rss/robot_harry/robotik/install/create3_teleop/share/create3_teleop/hook/ament_prefix_path.sh'
[0.261s] INFO:colcon.colcon_core.shell:Skip shell extension 'powershell' for command environment: Not usable outside of PowerShell
[0.261s] DEBUG:colcon.colcon_core.shell:Skip shell extension 'dsv' for command environment
[0.263s] INFO:colcon.colcon_ros.task.ament_python.build:Building ROS package in '/home/rss/robot_harry/robotik/src/my_robot_navigation' with build type 'ament_python'
[0.263s] Level 1:colcon.colcon_core.shell:create_environment_hook('my_robot_navigation', 'ament_prefix_path')
[0.263s] INFO:colcon.colcon_core.shell:Creating environment hook '/home/rss/robot_harry/robotik/install/my_robot_navigation/share/my_robot_navigation/hook/ament_prefix_path.ps1'
[0.264s] INFO:colcon.colcon_core.shell:Creating environment descriptor '/home/rss/robot_harry/robotik/install/my_robot_navigation/share/my_robot_navigation/hook/ament_prefix_path.dsv'
[0.264s] INFO:colcon.colcon_core.shell:Creating environment hook '/home/rss/robot_harry/robotik/install/my_robot_navigation/share/my_robot_navigation/hook/ament_prefix_path.sh'
[0.264s] INFO:colcon.colcon_core.shell:Skip shell extension 'powershell' for command environment: Not usable outside of PowerShell
[0.264s] DEBUG:colcon.colcon_core.shell:Skip shell extension 'dsv' for command environment
[0.266s] INFO:colcon.colcon_ros.task.ament_python.build:Building ROS package in '/home/rss/robot_harry/robotik/src/my_robot_slam' with build type 'ament_python'
[0.266s] Level 1:colcon.colcon_core.shell:create_environment_hook('my_robot_slam', 'ament_prefix_path')
[0.266s] INFO:colcon.colcon_core.shell:Creating environment hook '/home/rss/robot_harry/robotik/install/my_robot_slam/share/my_robot_slam/hook/ament_prefix_path.ps1'
[0.266s] INFO:colcon.colcon_core.shell:Creating environment descriptor '/home/rss/robot_harry/robotik/install/my_robot_slam/share/my_robot_slam/hook/ament_prefix_path.dsv'
[0.267s] INFO:colcon.colcon_core.shell:Creating environment hook '/home/rss/robot_harry/robotik/install/my_robot_slam/share/my_robot_slam/hook/ament_prefix_path.sh'
[0.267s] INFO:colcon.colcon_core.shell:Skip shell extension 'powershell' for command environment: Not usable outside of PowerShell
[0.267s] DEBUG:colcon.colcon_core.shell:Skip shell extension 'dsv' for command environment
[0.272s] DEBUG:colcon.colcon_core.event_handler.log_command:Invoking command in '/home/rss/robot_harry/robotik/build/apriltag_msgs': CMAKE_PREFIX_PATH=${CMAKE_PREFIX_PATH}:/home/rss/robot_harry/robotik/src/install/webcam_bringup:/home/rss/robot_harry/robotik/src/install/teleop:/home/rss/robot_harry/robotik/src/install/tag_detection:/home/rss/robot_harry/robotik/src/install/robot_bringup:/home/rss/robot_harry/robotik/src/install/pub_sub:/home/rss/robot_harry/robotik/src/install/object_detection:/home/rss/robot_harry/robotik/src/install/my_robot_slam:/home/rss/robot_harry/robotik/src/install/my_robot_navigation:/home/rss/robot_harry/robotik/src/install/create3_teleop:/home/rss/robot_harry/robotik/src/install/create3_examples_py:/home/rss/robot_harry/robotik/install/webcam_bringup:/home/rss/robot_harry/robotik/install/teleop:/home/rss/robot_harry/robotik/install/tag_detection:/home/rss/robot_harry/robotik/install/robot_bringup:/home/rss/robot_harry/robotik/install/pub_sub:/home/rss/robot_harry/robotik/install/object_detection:/home/rss/robot_harry/robotik/install/my_robot_navigation:/home/rss/robot_harry/robotik/install/create3_teleop:/home/rss/robot_harry/robotik/install/create3_examples_py:/opt/ros/humble /usr/bin/cmake /home/rss/robot_harry/robotik/src/apriltag_msgs -DAMENT_CMAKE_SYMLINK_INSTALL=1 -DCMAKE_INSTALL_PREFIX=/home/rss/robot_harry/robotik/install/apriltag_msgs
[0.273s] DEBUG:colcon.colcon_core.event_handler.log_command:Invoking command in '/home/rss/robot_harry/robotik/build/create3_examples_msgs': CMAKE_PREFIX_PATH=${CMAKE_PREFIX_PATH}:/home/rss/robot_harry/robotik/src/install/webcam_bringup:/home/rss/robot_harry/robotik/src/install/teleop:/home/rss/robot_harry/robotik/src/install/tag_detection:/home/rss/robot_harry/robotik/src/install/robot_bringup:/home/rss/robot_harry/robotik/src/install/pub_sub:/home/rss/robot_harry/robotik/src/install/object_detection:/home/rss/robot_harry/robotik/src/install/my_robot_slam:/home/rss/robot_harry/robotik/src/install/my_robot_navigation:/home/rss/robot_harry/robotik/src/install/create3_teleop:/home/rss/robot_harry/robotik/src/install/create3_examples_py:/home/rss/robot_harry/robotik/install/webcam_bringup:/home/rss/robot_harry/robotik/install/teleop:/home/rss/robot_harry/robotik/install/tag_detection:/home/rss/robot_harry/robotik/install/robot_bringup:/home/rss/robot_harry/robotik/install/pub_sub:/home/rss/robot_harry/robotik/install/object_detection:/home/rss/robot_harry/robotik/install/my_robot_navigation:/home/rss/robot_harry/robotik/install/create3_teleop:/home/rss/robot_harry/robotik/install/create3_examples_py:/opt/ros/humble /usr/bin/cmake /home/rss/robot_harry/robotik/src/create3_examples/create3_examples_msgs -DAMENT_CMAKE_SYMLINK_INSTALL=1 -DCMAKE_INSTALL_PREFIX=/home/rss/robot_harry/robotik/install/create3_examples_msgs
[0.276s] DEBUG:colcon.colcon_core.event_handler.log_command:Invoking command in '/home/rss/robot_harry/robotik/build/rplidar_ros': CMAKE_PREFIX_PATH=${CMAKE_PREFIX_PATH}:/home/rss/robot_harry/robotik/src/install/webcam_bringup:/home/rss/robot_harry/robotik/src/install/teleop:/home/rss/robot_harry/robotik/src/install/tag_detection:/home/rss/robot_harry/robotik/src/install/robot_bringup:/home/rss/robot_harry/robotik/src/install/pub_sub:/home/rss/robot_harry/robotik/src/install/object_detection:/home/rss/robot_harry/robotik/src/install/my_robot_slam:/home/rss/robot_harry/robotik/src/install/my_robot_navigation:/home/rss/robot_harry/robotik/src/install/create3_teleop:/home/rss/robot_harry/robotik/src/install/create3_examples_py:/home/rss/robot_harry/robotik/install/webcam_bringup:/home/rss/robot_harry/robotik/install/teleop:/home/rss/robot_harry/robotik/install/tag_detection:/home/rss/robot_harry/robotik/install/robot_bringup:/home/rss/robot_harry/robotik/install/pub_sub:/home/rss/robot_harry/robotik/install/object_detection:/home/rss/robot_harry/robotik/install/my_robot_navigation:/home/rss/robot_harry/robotik/install/create3_teleop:/home/rss/robot_harry/robotik/install/create3_examples_py:/opt/ros/humble /usr/bin/cmake /home/rss/robot_harry/robotik/src/rplidar-ros -DAMENT_CMAKE_SYMLINK_INSTALL=1 -DCMAKE_INSTALL_PREFIX=/home/rss/robot_harry/robotik/install/rplidar_ros
[0.462s] INFO:colcon.colcon_core.task.python.build:Building Python package in '/home/rss/robot_harry/robotik/src/create3_examples/create3_examples_py'
[0.463s] INFO:colcon.colcon_core.shell:Skip shell extension 'powershell' for command environment: Not usable outside of PowerShell
[0.463s] DEBUG:colcon.colcon_core.shell:Skip shell extension 'dsv' for command environment
[0.467s] DEBUG:colcon.colcon_core.event_handler.log_command:Invoking command in '/home/rss/robot_harry/robotik/build/create3_republisher': CMAKE_PREFIX_PATH=${CMAKE_PREFIX_PATH}:/home/rss/robot_harry/robotik/src/install/webcam_bringup:/home/rss/robot_harry/robotik/src/install/teleop:/home/rss/robot_harry/robotik/src/install/tag_detection:/home/rss/robot_harry/robotik/src/install/robot_bringup:/home/rss/robot_harry/robotik/src/install/pub_sub:/home/rss/robot_harry/robotik/src/install/object_detection:/home/rss/robot_harry/robotik/src/install/my_robot_slam:/home/rss/robot_harry/robotik/src/install/my_robot_navigation:/home/rss/robot_harry/robotik/src/install/create3_teleop:/home/rss/robot_harry/robotik/src/install/create3_examples_py:/home/rss/robot_harry/robotik/install/webcam_bringup:/home/rss/robot_harry/robotik/install/teleop:/home/rss/robot_harry/robotik/install/tag_detection:/home/rss/robot_harry/robotik/install/robot_bringup:/home/rss/robot_harry/robotik/install/pub_sub:/home/rss/robot_harry/robotik/install/object_detection:/home/rss/robot_harry/robotik/install/my_robot_navigation:/home/rss/robot_harry/robotik/install/create3_teleop:/home/rss/robot_harry/robotik/install/create3_examples_py:/opt/ros/humble /usr/bin/cmake /home/rss/robot_harry/robotik/src/create3_examples/create3_republisher -DAMENT_CMAKE_SYMLINK_INSTALL=1 -DCMAKE_INSTALL_PREFIX=/home/rss/robot_harry/robotik/install/create3_republisher
[0.685s] INFO:colcon.colcon_core.task.python.build:Building Python package in '/home/rss/robot_harry/robotik/src/create3_examples/create3_teleop'
[0.685s] INFO:colcon.colcon_core.shell:Skip shell extension 'powershell' for command environment: Not usable outside of PowerShell
[0.685s] DEBUG:colcon.colcon_core.shell:Skip shell extension 'dsv' for command environment
[0.950s] INFO:colcon.colcon_core.task.python.build:Building Python package in '/home/rss/robot_harry/robotik/src/my_robot_navigation'
[0.950s] INFO:colcon.colcon_core.shell:Skip shell extension 'powershell' for command environment: Not usable outside of PowerShell
[0.950s] DEBUG:colcon.colcon_core.shell:Skip shell extension 'dsv' for command environment
[1.174s] INFO:colcon.colcon_core.task.python.build:Building Python package in '/home/rss/robot_harry/robotik/src/my_robot_slam'
[1.175s] INFO:colcon.colcon_core.shell:Skip shell extension 'powershell' for command environment: Not usable outside of PowerShell
[1.175s] DEBUG:colcon.colcon_core.shell:Skip shell extension 'dsv' for command environment
[1.365s] DEBUG:colcon.colcon_core.event_handler.log_command:Invoked command in '/home/rss/robot_harry/robotik/build/rplidar_ros' returned '0': CMAKE_PREFIX_PATH=${CMAKE_PREFIX_PATH}:/home/rss/robot_harry/robotik/src/install/webcam_bringup:/home/rss/robot_harry/robotik/src/install/teleop:/home/rss/robot_harry/robotik/src/install/tag_detection:/home/rss/robot_harry/robotik/src/install/robot_bringup:/home/rss/robot_harry/robotik/src/install/pub_sub:/home/rss/robot_harry/robotik/src/install/object_detection:/home/rss/robot_harry/robotik/src/install/my_robot_slam:/home/rss/robot_harry/robotik/src/install/my_robot_navigation:/home/rss/robot_harry/robotik/src/install/create3_teleop:/home/rss/robot_harry/robotik/src/install/create3_examples_py:/home/rss/robot_harry/robotik/install/webcam_bringup:/home/rss/robot_harry/robotik/install/teleop:/home/rss/robot_harry/robotik/install/tag_detection:/home/rss/robot_harry/robotik/install/robot_bringup:/home/rss/robot_harry/robotik/install/pub_sub:/home/rss/robot_harry/robotik/install/object_detection:/home/rss/robot_harry/robotik/install/my_robot_navigation:/home/rss/robot_harry/robotik/install/create3_teleop:/home/rss/robot_harry/robotik/install/create3_examples_py:/opt/ros/humble /usr/bin/cmake /home/rss/robot_harry/robotik/src/rplidar-ros -DAMENT_CMAKE_SYMLINK_INSTALL=1 -DCMAKE_INSTALL_PREFIX=/home/rss/robot_harry/robotik/install/rplidar_ros
[1.366s] DEBUG:colcon.colcon_core.event_handler.log_command:Invoking command in '/home/rss/robot_harry/robotik/build/rplidar_ros': CMAKE_PREFIX_PATH=${CMAKE_PREFIX_PATH}:/home/rss/robot_harry/robotik/src/install/webcam_bringup:/home/rss/robot_harry/robotik/src/install/teleop:/home/rss/robot_harry/robotik/src/install/tag_detection:/home/rss/robot_harry/robotik/src/install/robot_bringup:/home/rss/robot_harry/robotik/src/install/pub_sub:/home/rss/robot_harry/robotik/src/install/object_detection:/home/rss/robot_harry/robotik/src/install/my_robot_slam:/home/rss/robot_harry/robotik/src/install/my_robot_navigation:/home/rss/robot_harry/robotik/src/install/create3_teleop:/home/rss/robot_harry/robotik/src/install/create3_examples_py:/home/rss/robot_harry/robotik/install/webcam_bringup:/home/rss/robot_harry/robotik/install/teleop:/home/rss/robot_harry/robotik/install/tag_detection:/home/rss/robot_harry/robotik/install/robot_bringup:/home/rss/robot_harry/robotik/install/pub_sub:/home/rss/robot_harry/robotik/install/object_detection:/home/rss/robot_harry/robotik/install/my_robot_navigation:/home/rss/robot_harry/robotik/install/create3_teleop:/home/rss/robot_harry/robotik/install/create3_examples_py:/opt/ros/humble /usr/bin/cmake --build /home/rss/robot_harry/robotik/build/rplidar_ros -- -j8 -l8
[1.687s] DEBUG:colcon.colcon_core.event_handler.log_command:Invoking command in '/home/rss/robot_harry/robotik/build/my_robot_navigation': PYTHONPATH=/home/rss/robot_harry/robotik/build/my_robot_navigation/prefix_override:/usr/lib/python3/dist-packages/colcon_core/task/python/colcon_distutils_commands:/home/rss/robot_harry/robotik/install/my_robot_navigation/lib/python3.10/site-packages:${PYTHONPATH} /usr/bin/python3 -W ignore:setup.py install is deprecated -W ignore:easy_install command is deprecated setup.py develop --editable --build-directory /home/rss/robot_harry/robotik/build/my_robot_navigation/build --no-deps symlink_data
[1.757s] DEBUG:colcon.colcon_core.event_handler.log_command:Invoking command in '/home/rss/robot_harry/robotik/build/create3_examples_py': PYTHONPATH=/home/rss/robot_harry/robotik/build/create3_examples_py/prefix_override:/usr/lib/python3/dist-packages/colcon_core/task/python/colcon_distutils_commands:/home/rss/robot_harry/robotik/install/create3_examples_py/lib/python3.10/site-packages:${PYTHONPATH} /usr/bin/python3 -W ignore:setup.py install is deprecated -W ignore:easy_install command is deprecated setup.py develop --editable --build-directory /home/rss/robot_harry/robotik/build/create3_examples_py/build --no-deps symlink_data
[1.766s] DEBUG:colcon.colcon_core.event_handler.log_command:Invoking command in '/home/rss/robot_harry/robotik/build/my_robot_slam': PYTHONPATH=/home/rss/robot_harry/robotik/build/my_robot_slam/prefix_override:/usr/lib/python3/dist-packages/colcon_core/task/python/colcon_distutils_commands:/home/rss/robot_harry/robotik/install/my_robot_slam/lib/python3.10/site-packages:${PYTHONPATH} /usr/bin/python3 -W ignore:setup.py install is deprecated -W ignore:easy_install command is deprecated setup.py develop --editable --build-directory /home/rss/robot_harry/robotik/build/my_robot_slam/build --no-deps symlink_data
[1.930s] DEBUG:colcon.colcon_core.event_handler.log_command:Invoking command in '/home/rss/robot_harry/robotik/build/create3_teleop': PYTHONPATH=/home/rss/robot_harry/robotik/build/create3_teleop/prefix_override:/usr/lib/python3/dist-packages/colcon_core/task/python/colcon_distutils_commands:/home/rss/robot_harry/robotik/install/create3_teleop/lib/python3.10/site-packages:${PYTHONPATH} /usr/bin/python3 -W ignore:setup.py install is deprecated -W ignore:easy_install command is deprecated setup.py develop --editable --build-directory /home/rss/robot_harry/robotik/build/create3_teleop/build --no-deps symlink_data
[2.085s] DEBUG:colcon.colcon_core.event_handler.log_command:Invoked command in '/home/rss/robot_harry/robotik/build/create3_republisher' returned '0': CMAKE_PREFIX_PATH=${CMAKE_PREFIX_PATH}:/home/rss/robot_harry/robotik/src/install/webcam_bringup:/home/rss/robot_harry/robotik/src/install/teleop:/home/rss/robot_harry/robotik/src/install/tag_detection:/home/rss/robot_harry/robotik/src/install/robot_bringup:/home/rss/robot_harry/robotik/src/install/pub_sub:/home/rss/robot_harry/robotik/src/install/object_detection:/home/rss/robot_harry/robotik/src/install/my_robot_slam:/home/rss/robot_harry/robotik/src/install/my_robot_navigation:/home/rss/robot_harry/robotik/src/install/create3_teleop:/home/rss/robot_harry/robotik/src/install/create3_examples_py:/home/rss/robot_harry/robotik/install/webcam_bringup:/home/rss/robot_harry/robotik/install/teleop:/home/rss/robot_harry/robotik/install/tag_detection:/home/rss/robot_harry/robotik/install/robot_bringup:/home/rss/robot_harry/robotik/install/pub_sub:/home/rss/robot_harry/robotik/install/object_detection:/home/rss/robot_harry/robotik/install/my_robot_navigation:/home/rss/robot_harry/robotik/install/create3_teleop:/home/rss/robot_harry/robotik/install/create3_examples_py:/opt/ros/humble /usr/bin/cmake /home/rss/robot_harry/robotik/src/create3_examples/create3_republisher -DAMENT_CMAKE_SYMLINK_INSTALL=1 -DCMAKE_INSTALL_PREFIX=/home/rss/robot_harry/robotik/install/create3_republisher
[2.089s] DEBUG:colcon.colcon_core.event_handler.log_command:Invoking command in '/home/rss/robot_harry/robotik/build/create3_republisher': CMAKE_PREFIX_PATH=${CMAKE_PREFIX_PATH}:/home/rss/robot_harry/robotik/src/install/webcam_bringup:/home/rss/robot_harry/robotik/src/install/teleop:/home/rss/robot_harry/robotik/src/install/tag_detection:/home/rss/robot_harry/robotik/src/install/robot_bringup:/home/rss/robot_harry/robotik/src/install/pub_sub:/home/rss/robot_harry/robotik/src/install/object_detection:/home/rss/robot_harry/robotik/src/install/my_robot_slam:/home/rss/robot_harry/robotik/src/install/my_robot_navigation:/home/rss/robot_harry/robotik/src/install/create3_teleop:/home/rss/robot_harry/robotik/src/install/create3_examples_py:/home/rss/robot_harry/robotik/install/webcam_bringup:/home/rss/robot_harry/robotik/install/teleop:/home/rss/robot_harry/robotik/install/tag_detection:/home/rss/robot_harry/robotik/install/robot_bringup:/home/rss/robot_harry/robotik/install/pub_sub:/home/rss/robot_harry/robotik/install/object_detection:/home/rss/robot_harry/robotik/install/my_robot_navigation:/home/rss/robot_harry/robotik/install/create3_teleop:/home/rss/robot_harry/robotik/install/create3_examples_py:/opt/ros/humble /usr/bin/cmake --build /home/rss/robot_harry/robotik/build/create3_republisher -- -j8 -l8
[2.249s] DEBUG:colcon.colcon_core.event_handler.log_command:Invoked command in '/home/rss/robot_harry/robotik/build/create3_examples_msgs' returned '0': CMAKE_PREFIX_PATH=${CMAKE_PREFIX_PATH}:/home/rss/robot_harry/robotik/src/install/webcam_bringup:/home/rss/robot_harry/robotik/src/install/teleop:/home/rss/robot_harry/robotik/src/install/tag_detection:/home/rss/robot_harry/robotik/src/install/robot_bringup:/home/rss/robot_harry/robotik/src/install/pub_sub:/home/rss/robot_harry/robotik/src/install/object_detection:/home/rss/robot_harry/robotik/src/install/my_robot_slam:/home/rss/robot_harry/robotik/src/install/my_robot_navigation:/home/rss/robot_harry/robotik/src/install/create3_teleop:/home/rss/robot_harry/robotik/src/install/create3_examples_py:/home/rss/robot_harry/robotik/install/webcam_bringup:/home/rss/robot_harry/robotik/install/teleop:/home/rss/robot_harry/robotik/install/tag_detection:/home/rss/robot_harry/robotik/install/robot_bringup:/home/rss/robot_harry/robotik/install/pub_sub:/home/rss/robot_harry/robotik/install/object_detection:/home/rss/robot_harry/robotik/install/my_robot_navigation:/home/rss/robot_harry/robotik/install/create3_teleop:/home/rss/robot_harry/robotik/install/create3_examples_py:/opt/ros/humble /usr/bin/cmake /home/rss/robot_harry/robotik/src/create3_examples/create3_examples_msgs -DAMENT_CMAKE_SYMLINK_INSTALL=1 -DCMAKE_INSTALL_PREFIX=/home/rss/robot_harry/robotik/install/create3_examples_msgs
[2.250s] DEBUG:colcon.colcon_core.event_handler.log_command:Invoking command in '/home/rss/robot_harry/robotik/build/create3_examples_msgs': CMAKE_PREFIX_PATH=${CMAKE_PREFIX_PATH}:/home/rss/robot_harry/robotik/src/install/webcam_bringup:/home/rss/robot_harry/robotik/src/install/teleop:/home/rss/robot_harry/robotik/src/install/tag_detection:/home/rss/robot_harry/robotik/src/install/robot_bringup:/home/rss/robot_harry/robotik/src/install/pub_sub:/home/rss/robot_harry/robotik/src/install/object_detection:/home/rss/robot_harry/robotik/src/install/my_robot_slam:/home/rss/robot_harry/robotik/src/install/my_robot_navigation:/home/rss/robot_harry/robotik/src/install/create3_teleop:/home/rss/robot_harry/robotik/src/install/create3_examples_py:/home/rss/robot_harry/robotik/install/webcam_bringup:/home/rss/robot_harry/robotik/install/teleop:/home/rss/robot_harry/robotik/install/tag_detection:/home/rss/robot_harry/robotik/install/robot_bringup:/home/rss/robot_harry/robotik/install/pub_sub:/home/rss/robot_harry/robotik/install/object_detection:/home/rss/robot_harry/robotik/install/my_robot_navigation:/home/rss/robot_harry/robotik/install/create3_teleop:/home/rss/robot_harry/robotik/install/create3_examples_py:/opt/ros/humble /usr/bin/cmake --build /home/rss/robot_harry/robotik/build/create3_examples_msgs -- -j8 -l8
[2.516s] DEBUG:colcon.colcon_core.event_handler.log_command:Invoked command in '/home/rss/robot_harry/robotik/build/apriltag_msgs' returned '0': CMAKE_PREFIX_PATH=${CMAKE_PREFIX_PATH}:/home/rss/robot_harry/robotik/src/install/webcam_bringup:/home/rss/robot_harry/robotik/src/install/teleop:/home/rss/robot_harry/robotik/src/install/tag_detection:/home/rss/robot_harry/robotik/src/install/robot_bringup:/home/rss/robot_harry/robotik/src/install/pub_sub:/home/rss/robot_harry/robotik/src/install/object_detection:/home/rss/robot_harry/robotik/src/install/my_robot_slam:/home/rss/robot_harry/robotik/src/install/my_robot_navigation:/home/rss/robot_harry/robotik/src/install/create3_teleop:/home/rss/robot_harry/robotik/src/install/create3_examples_py:/home/rss/robot_harry/robotik/install/webcam_bringup:/home/rss/robot_harry/robotik/install/teleop:/home/rss/robot_harry/robotik/install/tag_detection:/home/rss/robot_harry/robotik/install/robot_bringup:/home/rss/robot_harry/robotik/install/pub_sub:/home/rss/robot_harry/robotik/install/object_detection:/home/rss/robot_harry/robotik/install/my_robot_navigation:/home/rss/robot_harry/robotik/install/create3_teleop:/home/rss/robot_harry/robotik/install/create3_examples_py:/opt/ros/humble /usr/bin/cmake /home/rss/robot_harry/robotik/src/apriltag_msgs -DAMENT_CMAKE_SYMLINK_INSTALL=1 -DCMAKE_INSTALL_PREFIX=/home/rss/robot_harry/robotik/install/apriltag_msgs
[2.516s] DEBUG:colcon.colcon_core.event_handler.log_command:Invoking command in '/home/rss/robot_harry/robotik/build/apriltag_msgs': CMAKE_PREFIX_PATH=${CMAKE_PREFIX_PATH}:/home/rss/robot_harry/robotik/src/install/webcam_bringup:/home/rss/robot_harry/robotik/src/install/teleop:/home/rss/robot_harry/robotik/src/install/tag_detection:/home/rss/robot_harry/robotik/src/install/robot_bringup:/home/rss/robot_harry/robotik/src/install/pub_sub:/home/rss/robot_harry/robotik/src/install/object_detection:/home/rss/robot_harry/robotik/src/install/my_robot_slam:/home/rss/robot_harry/robotik/src/install/my_robot_navigation:/home/rss/robot_harry/robotik/src/install/create3_teleop:/home/rss/robot_harry/robotik/src/install/create3_examples_py:/home/rss/robot_harry/robotik/install/webcam_bringup:/home/rss/robot_harry/robotik/install/teleop:/home/rss/robot_harry/robotik/install/tag_detection:/home/rss/robot_harry/robotik/install/robot_bringup:/home/rss/robot_harry/robotik/install/pub_sub:/home/rss/robot_harry/robotik/install/object_detection:/home/rss/robot_harry/robotik/install/my_robot_navigation:/home/rss/robot_harry/robotik/install/create3_teleop:/home/rss/robot_harry/robotik/install/create3_examples_py:/opt/ros/humble /usr/bin/cmake --build /home/rss/robot_harry/robotik/build/apriltag_msgs -- -j8 -l8
[3.140s] Level 1:colcon.colcon_core.shell:create_environment_hook('create3_teleop', 'pythonpath_develop')
[3.140s] INFO:colcon.colcon_core.shell:Creating environment hook '/home/rss/robot_harry/robotik/build/create3_teleop/share/create3_teleop/hook/pythonpath_develop.ps1'
[3.141s] DEBUG:colcon.colcon_core.event_handler.log_command:Invoked command in '/home/rss/robot_harry/robotik/build/create3_teleop' returned '0': PYTHONPATH=/home/rss/robot_harry/robotik/build/create3_teleop/prefix_override:/usr/lib/python3/dist-packages/colcon_core/task/python/colcon_distutils_commands:/home/rss/robot_harry/robotik/install/create3_teleop/lib/python3.10/site-packages:${PYTHONPATH} /usr/bin/python3 -W ignore:setup.py install is deprecated -W ignore:easy_install command is deprecated setup.py develop --editable --build-directory /home/rss/robot_harry/robotik/build/create3_teleop/build --no-deps symlink_data
[3.141s] INFO:colcon.colcon_core.shell:Creating environment descriptor '/home/rss/robot_harry/robotik/build/create3_teleop/share/create3_teleop/hook/pythonpath_develop.dsv'
[3.142s] INFO:colcon.colcon_core.shell:Creating environment hook '/home/rss/robot_harry/robotik/build/create3_teleop/share/create3_teleop/hook/pythonpath_develop.sh'
[3.145s] Level 1:colcon.colcon_core.environment:checking '/home/rss/robot_harry/robotik/install/create3_teleop' for CMake module files
[3.145s] Level 1:colcon.colcon_core.environment:checking '/home/rss/robot_harry/robotik/install/create3_teleop' for CMake config files
[3.146s] Level 1:colcon.colcon_core.environment:checking '/home/rss/robot_harry/robotik/install/create3_teleop/lib'
[3.146s] Level 1:colcon.colcon_core.environment:checking '/home/rss/robot_harry/robotik/install/create3_teleop/bin'
[3.146s] Level 1:colcon.colcon_core.environment:checking '/home/rss/robot_harry/robotik/install/create3_teleop/lib/pkgconfig/create3_teleop.pc'
[3.146s] Level 1:colcon.colcon_core.environment:checking '/home/rss/robot_harry/robotik/install/create3_teleop/lib/python3.10/site-packages'
[3.146s] Level 1:colcon.colcon_core.shell:create_environment_hook('create3_teleop', 'pythonpath')
[3.147s] INFO:colcon.colcon_core.shell:Creating environment hook '/home/rss/robot_harry/robotik/install/create3_teleop/share/create3_teleop/hook/pythonpath.ps1'
[3.147s] INFO:colcon.colcon_core.shell:Creating environment descriptor '/home/rss/robot_harry/robotik/install/create3_teleop/share/create3_teleop/hook/pythonpath.dsv'
[3.147s] INFO:colcon.colcon_core.shell:Creating environment hook '/home/rss/robot_harry/robotik/install/create3_teleop/share/create3_teleop/hook/pythonpath.sh'
[3.148s] Level 1:colcon.colcon_core.environment:checking '/home/rss/robot_harry/robotik/install/create3_teleop/bin'
[3.148s] Level 1:colcon.colcon_core.environment:create_environment_scripts_only(create3_teleop)
[3.148s] INFO:colcon.colcon_core.shell:Creating package script '/home/rss/robot_harry/robotik/install/create3_teleop/share/create3_teleop/package.ps1'
[3.149s] INFO:colcon.colcon_core.shell:Creating package descriptor '/home/rss/robot_harry/robotik/install/create3_teleop/share/create3_teleop/package.dsv'
[3.150s] INFO:colcon.colcon_core.shell:Creating package script '/home/rss/robot_harry/robotik/install/create3_teleop/share/create3_teleop/package.sh'
[3.151s] INFO:colcon.colcon_core.shell:Creating package script '/home/rss/robot_harry/robotik/install/create3_teleop/share/create3_teleop/package.bash'
[3.151s] INFO:colcon.colcon_core.shell:Creating package script '/home/rss/robot_harry/robotik/install/create3_teleop/share/create3_teleop/package.zsh'
[3.152s] Level 1:colcon.colcon_core.environment:create_file_with_runtime_dependencies(/home/rss/robot_harry/robotik/install/create3_teleop/share/colcon-core/packages/create3_teleop)
[3.153s] INFO:colcon.colcon_ros.task.ament_python.build:Building ROS package in '/home/rss/robot_harry/robotik/src/object_detection' with build type 'ament_python'
[3.153s] Level 1:colcon.colcon_core.shell:create_environment_hook('object_detection', 'ament_prefix_path')
[3.154s] INFO:colcon.colcon_core.shell:Creating environment hook '/home/rss/robot_harry/robotik/install/object_detection/share/object_detection/hook/ament_prefix_path.ps1'
[3.155s] INFO:colcon.colcon_core.shell:Creating environment descriptor '/home/rss/robot_harry/robotik/install/object_detection/share/object_detection/hook/ament_prefix_path.dsv'
[3.156s] INFO:colcon.colcon_core.shell:Creating environment hook '/home/rss/robot_harry/robotik/install/object_detection/share/object_detection/hook/ament_prefix_path.sh'
[3.157s] INFO:colcon.colcon_core.shell:Skip shell extension 'powershell' for command environment: Not usable outside of PowerShell
[3.157s] DEBUG:colcon.colcon_core.shell:Skip shell extension 'dsv' for command environment
[3.667s] INFO:colcon.colcon_core.task.python.build:Building Python package in '/home/rss/robot_harry/robotik/src/object_detection'
[3.667s] INFO:colcon.colcon_core.shell:Skip shell extension 'powershell' for command environment: Not usable outside of PowerShell
[3.667s] DEBUG:colcon.colcon_core.shell:Skip shell extension 'dsv' for command environment
[3.687s] Level 1:colcon.colcon_core.shell:create_environment_hook('my_robot_slam', 'pythonpath_develop')
[3.687s] INFO:colcon.colcon_core.shell:Creating environment hook '/home/rss/robot_harry/robotik/build/my_robot_slam/share/my_robot_slam/hook/pythonpath_develop.ps1'
[3.693s] DEBUG:colcon.colcon_core.event_handler.log_command:Invoked command in '/home/rss/robot_harry/robotik/build/my_robot_slam' returned '0': PYTHONPATH=/home/rss/robot_harry/robotik/build/my_robot_slam/prefix_override:/usr/lib/python3/dist-packages/colcon_core/task/python/colcon_distutils_commands:/home/rss/robot_harry/robotik/install/my_robot_slam/lib/python3.10/site-packages:${PYTHONPATH} /usr/bin/python3 -W ignore:setup.py install is deprecated -W ignore:easy_install command is deprecated setup.py develop --editable --build-directory /home/rss/robot_harry/robotik/build/my_robot_slam/build --no-deps symlink_data
[3.694s] INFO:colcon.colcon_core.shell:Creating environment descriptor '/home/rss/robot_harry/robotik/build/my_robot_slam/share/my_robot_slam/hook/pythonpath_develop.dsv'
[3.697s] INFO:colcon.colcon_core.shell:Creating environment hook '/home/rss/robot_harry/robotik/build/my_robot_slam/share/my_robot_slam/hook/pythonpath_develop.sh'
[3.699s] Level 1:colcon.colcon_core.environment:checking '/home/rss/robot_harry/robotik/install/my_robot_slam' for CMake module files
[3.699s] Level 1:colcon.colcon_core.environment:checking '/home/rss/robot_harry/robotik/install/my_robot_slam' for CMake config files
[3.699s] Level 1:colcon.colcon_core.environment:checking '/home/rss/robot_harry/robotik/install/my_robot_slam/lib'
[3.700s] Level 1:colcon.colcon_core.environment:checking '/home/rss/robot_harry/robotik/install/my_robot_slam/bin'
[3.700s] Level 1:colcon.colcon_core.environment:checking '/home/rss/robot_harry/robotik/install/my_robot_slam/lib/pkgconfig/my_robot_slam.pc'
[3.701s] Level 1:colcon.colcon_core.environment:checking '/home/rss/robot_harry/robotik/install/my_robot_slam/lib/python3.10/site-packages'
[3.701s] Level 1:colcon.colcon_core.shell:create_environment_hook('my_robot_slam', 'pythonpath')
[3.701s] INFO:colcon.colcon_core.shell:Creating environment hook '/home/rss/robot_harry/robotik/install/my_robot_slam/share/my_robot_slam/hook/pythonpath.ps1'
[3.702s] INFO:colcon.colcon_core.shell:Creating environment descriptor '/home/rss/robot_harry/robotik/install/my_robot_slam/share/my_robot_slam/hook/pythonpath.dsv'
[3.702s] INFO:colcon.colcon_core.shell:Creating environment hook '/home/rss/robot_harry/robotik/install/my_robot_slam/share/my_robot_slam/hook/pythonpath.sh'
[3.706s] Level 1:colcon.colcon_core.environment:checking '/home/rss/robot_harry/robotik/install/my_robot_slam/bin'
[3.706s] Level 1:colcon.colcon_core.environment:create_environment_scripts_only(my_robot_slam)
[3.707s] INFO:colcon.colcon_core.shell:Creating package script '/home/rss/robot_harry/robotik/install/my_robot_slam/share/my_robot_slam/package.ps1'
[3.707s] INFO:colcon.colcon_core.shell:Creating package descriptor '/home/rss/robot_harry/robotik/install/my_robot_slam/share/my_robot_slam/package.dsv'
[3.708s] INFO:colcon.colcon_core.shell:Creating package script '/home/rss/robot_harry/robotik/install/my_robot_slam/share/my_robot_slam/package.sh'
[3.708s] INFO:colcon.colcon_core.shell:Creating package script '/home/rss/robot_harry/robotik/install/my_robot_slam/share/my_robot_slam/package.bash'
[3.708s] INFO:colcon.colcon_core.shell:Creating package script '/home/rss/robot_harry/robotik/install/my_robot_slam/share/my_robot_slam/package.zsh'
[3.709s] Level 1:colcon.colcon_core.environment:create_file_with_runtime_dependencies(/home/rss/robot_harry/robotik/install/my_robot_slam/share/colcon-core/packages/my_robot_slam)
[3.715s] INFO:colcon.colcon_ros.task.ament_python.build:Building ROS package in '/home/rss/robot_harry/robotik/src/pub_sub' with build type 'ament_python'
[3.715s] Level 1:colcon.colcon_core.shell:create_environment_hook('pub_sub', 'ament_prefix_path')
[3.715s] INFO:colcon.colcon_core.shell:Creating environment hook '/home/rss/robot_harry/robotik/install/pub_sub/share/pub_sub/hook/ament_prefix_path.ps1'
[3.718s] INFO:colcon.colcon_core.shell:Creating environment descriptor '/home/rss/robot_harry/robotik/install/pub_sub/share/pub_sub/hook/ament_prefix_path.dsv'
[3.719s] INFO:colcon.colcon_core.shell:Creating environment hook '/home/rss/robot_harry/robotik/install/pub_sub/share/pub_sub/hook/ament_prefix_path.sh'
[3.724s] INFO:colcon.colcon_core.shell:Skip shell extension 'powershell' for command environment: Not usable outside of PowerShell
[3.724s] DEBUG:colcon.colcon_core.shell:Skip shell extension 'dsv' for command environment
[3.739s] Level 1:colcon.colcon_core.shell:create_environment_hook('create3_examples_py', 'pythonpath_develop')
[3.740s] INFO:colcon.colcon_core.shell:Creating environment hook '/home/rss/robot_harry/robotik/build/create3_examples_py/share/create3_examples_py/hook/pythonpath_develop.ps1'
[3.740s] DEBUG:colcon.colcon_core.event_handler.log_command:Invoked command in '/home/rss/robot_harry/robotik/build/create3_examples_py' returned '0': PYTHONPATH=/home/rss/robot_harry/robotik/build/create3_examples_py/prefix_override:/usr/lib/python3/dist-packages/colcon_core/task/python/colcon_distutils_commands:/home/rss/robot_harry/robotik/install/create3_examples_py/lib/python3.10/site-packages:${PYTHONPATH} /usr/bin/python3 -W ignore:setup.py install is deprecated -W ignore:easy_install command is deprecated setup.py develop --editable --build-directory /home/rss/robot_harry/robotik/build/create3_examples_py/build --no-deps symlink_data
[3.741s] INFO:colcon.colcon_core.shell:Creating environment descriptor '/home/rss/robot_harry/robotik/build/create3_examples_py/share/create3_examples_py/hook/pythonpath_develop.dsv'
[3.741s] INFO:colcon.colcon_core.shell:Creating environment hook '/home/rss/robot_harry/robotik/build/create3_examples_py/share/create3_examples_py/hook/pythonpath_develop.sh'
[3.742s] Level 1:colcon.colcon_core.environment:checking '/home/rss/robot_harry/robotik/install/create3_examples_py' for CMake module files
[3.742s] Level 1:colcon.colcon_core.environment:checking '/home/rss/robot_harry/robotik/install/create3_examples_py' for CMake config files
[3.743s] Level 1:colcon.colcon_core.environment:checking '/home/rss/robot_harry/robotik/install/create3_examples_py/lib'
[3.743s] Level 1:colcon.colcon_core.environment:checking '/home/rss/robot_harry/robotik/install/create3_examples_py/bin'
[3.743s] Level 1:colcon.colcon_core.environment:checking '/home/rss/robot_harry/robotik/install/create3_examples_py/lib/pkgconfig/create3_examples_py.pc'
[3.743s] Level 1:colcon.colcon_core.environment:checking '/home/rss/robot_harry/robotik/install/create3_examples_py/lib/python3.10/site-packages'
[3.743s] Level 1:colcon.colcon_core.shell:create_environment_hook('create3_examples_py', 'pythonpath')
[3.743s] INFO:colcon.colcon_core.shell:Creating environment hook '/home/rss/robot_harry/robotik/install/create3_examples_py/share/create3_examples_py/hook/pythonpath.ps1'
[3.744s] INFO:colcon.colcon_core.shell:Creating environment descriptor '/home/rss/robot_harry/robotik/install/create3_examples_py/share/create3_examples_py/hook/pythonpath.dsv'
[3.751s] INFO:colcon.colcon_core.shell:Creating environment hook '/home/rss/robot_harry/robotik/install/create3_examples_py/share/create3_examples_py/hook/pythonpath.sh'
[3.752s] Level 1:colcon.colcon_core.environment:checking '/home/rss/robot_harry/robotik/install/create3_examples_py/bin'
[3.752s] Level 1:colcon.colcon_core.environment:create_environment_scripts_only(create3_examples_py)
[3.753s] INFO:colcon.colcon_core.shell:Creating package script '/home/rss/robot_harry/robotik/install/create3_examples_py/share/create3_examples_py/package.ps1'
[3.753s] INFO:colcon.colcon_core.shell:Creating package descriptor '/home/rss/robot_harry/robotik/install/create3_examples_py/share/create3_examples_py/package.dsv'
[3.754s] INFO:colcon.colcon_core.shell:Creating package script '/home/rss/robot_harry/robotik/install/create3_examples_py/share/create3_examples_py/package.sh'
[3.754s] INFO:colcon.colcon_core.shell:Creating package script '/home/rss/robot_harry/robotik/install/create3_examples_py/share/create3_examples_py/package.bash'
[3.755s] INFO:colcon.colcon_core.shell:Creating package script '/home/rss/robot_harry/robotik/install/create3_examples_py/share/create3_examples_py/package.zsh'
[3.755s] Level 1:colcon.colcon_core.environment:create_file_with_runtime_dependencies(/home/rss/robot_harry/robotik/install/create3_examples_py/share/colcon-core/packages/create3_examples_py)
[3.770s] INFO:colcon.colcon_ros.task.ament_python.build:Building ROS package in '/home/rss/robot_harry/robotik/src/robot_bringup' with build type 'ament_python'
[3.770s] Level 1:colcon.colcon_core.shell:create_environment_hook('robot_bringup', 'ament_prefix_path')
[3.770s] INFO:colcon.colcon_core.shell:Creating environment hook '/home/rss/robot_harry/robotik/install/robot_bringup/share/robot_bringup/hook/ament_prefix_path.ps1'
[3.774s] INFO:colcon.colcon_core.shell:Creating environment descriptor '/home/rss/robot_harry/robotik/install/robot_bringup/share/robot_bringup/hook/ament_prefix_path.dsv'
[3.774s] INFO:colcon.colcon_core.shell:Creating environment hook '/home/rss/robot_harry/robotik/install/robot_bringup/share/robot_bringup/hook/ament_prefix_path.sh'
[3.777s] INFO:colcon.colcon_core.shell:Skip shell extension 'powershell' for command environment: Not usable outside of PowerShell
[3.777s] DEBUG:colcon.colcon_core.shell:Skip shell extension 'dsv' for command environment
[4.312s] INFO:colcon.colcon_core.task.python.build:Building Python package in '/home/rss/robot_harry/robotik/src/pub_sub'
[4.312s] INFO:colcon.colcon_core.shell:Skip shell extension 'powershell' for command environment: Not usable outside of PowerShell
[4.312s] DEBUG:colcon.colcon_core.shell:Skip shell extension 'dsv' for command environment
[5.224s] INFO:colcon.colcon_core.task.python.build:Building Python package in '/home/rss/robot_harry/robotik/src/robot_bringup'
[5.225s] INFO:colcon.colcon_core.shell:Skip shell extension 'powershell' for command environment: Not usable outside of PowerShell
[5.225s] DEBUG:colcon.colcon_core.shell:Skip shell extension 'dsv' for command environment
[5.290s] DEBUG:colcon.colcon_core.event_handler.log_command:Invoking command in '/home/rss/robot_harry/robotik/build/object_detection': PYTHONPATH=/home/rss/robot_harry/robotik/build/object_detection/prefix_override:/usr/lib/python3/dist-packages/colcon_core/task/python/colcon_distutils_commands:/home/rss/robot_harry/robotik/install/object_detection/lib/python3.10/site-packages:${PYTHONPATH} /usr/bin/python3 -W ignore:setup.py install is deprecated -W ignore:easy_install command is deprecated setup.py develop --editable --build-directory /home/rss/robot_harry/robotik/build/object_detection/build --no-deps symlink_data
[5.300s] Level 1:colcon.colcon_core.shell:create_environment_hook('my_robot_navigation', 'pythonpath_develop')
[5.300s] INFO:colcon.colcon_core.shell:Creating environment hook '/home/rss/robot_harry/robotik/build/my_robot_navigation/share/my_robot_navigation/hook/pythonpath_develop.ps1'
[5.301s] DEBUG:colcon.colcon_core.event_handler.log_command:Invoked command in '/home/rss/robot_harry/robotik/build/my_robot_navigation' returned '0': PYTHONPATH=/home/rss/robot_harry/robotik/build/my_robot_navigation/prefix_override:/usr/lib/python3/dist-packages/colcon_core/task/python/colcon_distutils_commands:/home/rss/robot_harry/robotik/install/my_robot_navigation/lib/python3.10/site-packages:${PYTHONPATH} /usr/bin/python3 -W ignore:setup.py install is deprecated -W ignore:easy_install command is deprecated setup.py develop --editable --build-directory /home/rss/robot_harry/robotik/build/my_robot_navigation/build --no-deps symlink_data
[5.302s] INFO:colcon.colcon_core.shell:Creating environment descriptor '/home/rss/robot_harry/robotik/build/my_robot_navigation/share/my_robot_navigation/hook/pythonpath_develop.dsv'
[5.302s] INFO:colcon.colcon_core.shell:Creating environment hook '/home/rss/robot_harry/robotik/build/my_robot_navigation/share/my_robot_navigation/hook/pythonpath_develop.sh'
[5.303s] Level 1:colcon.colcon_core.environment:checking '/home/rss/robot_harry/robotik/install/my_robot_navigation' for CMake module files
[5.316s] Level 1:colcon.colcon_core.environment:checking '/home/rss/robot_harry/robotik/install/my_robot_navigation' for CMake config files
[5.316s] Level 1:colcon.colcon_core.environment:checking '/home/rss/robot_harry/robotik/install/my_robot_navigation/lib'
[5.316s] Level 1:colcon.colcon_core.environment:checking '/home/rss/robot_harry/robotik/install/my_robot_navigation/bin'
[5.316s] Level 1:colcon.colcon_core.environment:checking '/home/rss/robot_harry/robotik/install/my_robot_navigation/lib/pkgconfig/my_robot_navigation.pc'
[5.317s] Level 1:colcon.colcon_core.environment:checking '/home/rss/robot_harry/robotik/install/my_robot_navigation/lib/python3.10/site-packages'
[5.317s] Level 1:colcon.colcon_core.shell:create_environment_hook('my_robot_navigation', 'pythonpath')
[5.317s] INFO:colcon.colcon_core.shell:Creating environment hook '/home/rss/robot_harry/robotik/install/my_robot_navigation/share/my_robot_navigation/hook/pythonpath.ps1'
[5.318s] INFO:colcon.colcon_core.shell:Creating environment descriptor '/home/rss/robot_harry/robotik/install/my_robot_navigation/share/my_robot_navigation/hook/pythonpath.dsv'
[5.318s] INFO:colcon.colcon_core.shell:Creating environment hook '/home/rss/robot_harry/robotik/install/my_robot_navigation/share/my_robot_navigation/hook/pythonpath.sh'
[5.329s] Level 1:colcon.colcon_core.environment:checking '/home/rss/robot_harry/robotik/install/my_robot_navigation/bin'
[5.329s] Level 1:colcon.colcon_core.environment:create_environment_scripts_only(my_robot_navigation)
[5.330s] INFO:colcon.colcon_core.shell:Creating package script '/home/rss/robot_harry/robotik/install/my_robot_navigation/share/my_robot_navigation/package.ps1'
[5.331s] INFO:colcon.colcon_core.shell:Creating package descriptor '/home/rss/robot_harry/robotik/install/my_robot_navigation/share/my_robot_navigation/package.dsv'
[5.331s] INFO:colcon.colcon_core.shell:Creating package script '/home/rss/robot_harry/robotik/install/my_robot_navigation/share/my_robot_navigation/package.sh'
[5.332s] INFO:colcon.colcon_core.shell:Creating package script '/home/rss/robot_harry/robotik/install/my_robot_navigation/share/my_robot_navigation/package.bash'
[5.347s] INFO:colcon.colcon_core.shell:Creating package script '/home/rss/robot_harry/robotik/install/my_robot_navigation/share/my_robot_navigation/package.zsh'
[5.348s] Level 1:colcon.colcon_core.environment:create_file_with_runtime_dependencies(/home/rss/robot_harry/robotik/install/my_robot_navigation/share/colcon-core/packages/my_robot_navigation)
[5.379s] INFO:colcon.colcon_ros.task.ament_python.build:Building ROS package in '/home/rss/robot_harry/robotik/src/tag_detection' with build type 'ament_python'
[5.379s] Level 1:colcon.colcon_core.shell:create_environment_hook('tag_detection', 'ament_prefix_path')
[5.379s] INFO:colcon.colcon_core.shell:Creating environment hook '/home/rss/robot_harry/robotik/install/tag_detection/share/tag_detection/hook/ament_prefix_path.ps1'
[5.381s] INFO:colcon.colcon_core.shell:Creating environment descriptor '/home/rss/robot_harry/robotik/install/tag_detection/share/tag_detection/hook/ament_prefix_path.dsv'
[5.382s] INFO:colcon.colcon_core.shell:Creating environment hook '/home/rss/robot_harry/robotik/install/tag_detection/share/tag_detection/hook/ament_prefix_path.sh'
[5.384s] INFO:colcon.colcon_core.shell:Skip shell extension 'powershell' for command environment: Not usable outside of PowerShell
[5.384s] DEBUG:colcon.colcon_core.shell:Skip shell extension 'dsv' for command environment
[7.429s] INFO:colcon.colcon_core.task.python.build:Building Python package in '/home/rss/robot_harry/robotik/src/tag_detection'
[7.429s] INFO:colcon.colcon_core.shell:Skip shell extension 'powershell' for command environment: Not usable outside of PowerShell
[7.429s] DEBUG:colcon.colcon_core.shell:Skip shell extension 'dsv' for command environment
[7.458s] DEBUG:colcon.colcon_core.event_handler.log_command:Invoking command in '/home/rss/robot_harry/robotik/build/robot_bringup': PYTHONPATH=/home/rss/robot_harry/robotik/build/robot_bringup/prefix_override:/usr/lib/python3/dist-packages/colcon_core/task/python/colcon_distutils_commands:/home/rss/robot_harry/robotik/install/robot_bringup/lib/python3.10/site-packages:${PYTHONPATH} /usr/bin/python3 -W ignore:setup.py install is deprecated -W ignore:easy_install command is deprecated setup.py develop --editable --build-directory /home/rss/robot_harry/robotik/build/robot_bringup/build --no-deps symlink_data
[7.475s] DEBUG:colcon.colcon_core.event_handler.log_command:Invoking command in '/home/rss/robot_harry/robotik/build/pub_sub': PYTHONPATH=/home/rss/robot_harry/robotik/build/pub_sub/prefix_override:/usr/lib/python3/dist-packages/colcon_core/task/python/colcon_distutils_commands:/home/rss/robot_harry/robotik/install/pub_sub/lib/python3.10/site-packages:${PYTHONPATH} /usr/bin/python3 -W ignore:setup.py install is deprecated -W ignore:easy_install command is deprecated setup.py develop --editable --build-directory /home/rss/robot_harry/robotik/build/pub_sub/build --no-deps symlink_data
[7.623s] Level 1:colcon.colcon_core.shell:create_environment_hook('object_detection', 'pythonpath_develop')
[7.623s] INFO:colcon.colcon_core.shell:Creating environment hook '/home/rss/robot_harry/robotik/build/object_detection/share/object_detection/hook/pythonpath_develop.ps1'
[7.624s] INFO:colcon.colcon_core.shell:Creating environment descriptor '/home/rss/robot_harry/robotik/build/object_detection/share/object_detection/hook/pythonpath_develop.dsv'
[7.624s] INFO:colcon.colcon_core.shell:Creating environment hook '/home/rss/robot_harry/robotik/build/object_detection/share/object_detection/hook/pythonpath_develop.sh'
[7.625s] Level 1:colcon.colcon_core.environment:checking '/home/rss/robot_harry/robotik/install/object_detection' for CMake module files
[7.625s] Level 1:colcon.colcon_core.environment:checking '/home/rss/robot_harry/robotik/install/object_detection' for CMake config files
[7.626s] Level 1:colcon.colcon_core.environment:checking '/home/rss/robot_harry/robotik/install/object_detection/lib'
[7.626s] Level 1:colcon.colcon_core.environment:checking '/home/rss/robot_harry/robotik/install/object_detection/bin'
[7.626s] Level 1:colcon.colcon_core.environment:checking '/home/rss/robot_harry/robotik/install/object_detection/lib/pkgconfig/object_detection.pc'
[7.626s] Level 1:colcon.colcon_core.environment:checking '/home/rss/robot_harry/robotik/install/object_detection/lib/python3.10/site-packages'
[7.626s] Level 1:colcon.colcon_core.shell:create_environment_hook('object_detection', 'pythonpath')
[7.640s] DEBUG:colcon.colcon_core.event_handler.log_command:Invoked command in '/home/rss/robot_harry/robotik/build/object_detection' returned '0': PYTHONPATH=/home/rss/robot_harry/robotik/build/object_detection/prefix_override:/usr/lib/python3/dist-packages/colcon_core/task/python/colcon_distutils_commands:/home/rss/robot_harry/robotik/install/object_detection/lib/python3.10/site-packages:${PYTHONPATH} /usr/bin/python3 -W ignore:setup.py install is deprecated -W ignore:easy_install command is deprecated setup.py develop --editable --build-directory /home/rss/robot_harry/robotik/build/object_detection/build --no-deps symlink_data
[7.640s] INFO:colcon.colcon_core.shell:Creating environment hook '/home/rss/robot_harry/robotik/install/object_detection/share/object_detection/hook/pythonpath.ps1'
[7.641s] INFO:colcon.colcon_core.shell:Creating environment descriptor '/home/rss/robot_harry/robotik/install/object_detection/share/object_detection/hook/pythonpath.dsv'
[7.641s] INFO:colcon.colcon_core.shell:Creating environment hook '/home/rss/robot_harry/robotik/install/object_detection/share/object_detection/hook/pythonpath.sh'
[7.642s] Level 1:colcon.colcon_core.environment:checking '/home/rss/robot_harry/robotik/install/object_detection/bin'
[7.642s] Level 1:colcon.colcon_core.environment:create_environment_scripts_only(object_detection)
[7.642s] INFO:colcon.colcon_core.shell:Creating package script '/home/rss/robot_harry/robotik/install/object_detection/share/object_detection/package.ps1'
[7.643s] INFO:colcon.colcon_core.shell:Creating package descriptor '/home/rss/robot_harry/robotik/install/object_detection/share/object_detection/package.dsv'
[7.653s] INFO:colcon.colcon_core.shell:Creating package script '/home/rss/robot_harry/robotik/install/object_detection/share/object_detection/package.sh'
[7.653s] INFO:colcon.colcon_core.shell:Creating package script '/home/rss/robot_harry/robotik/install/object_detection/share/object_detection/package.bash'
[7.654s] INFO:colcon.colcon_core.shell:Creating package script '/home/rss/robot_harry/robotik/install/object_detection/share/object_detection/package.zsh'
[7.654s] Level 1:colcon.colcon_core.environment:create_file_with_runtime_dependencies(/home/rss/robot_harry/robotik/install/object_detection/share/colcon-core/packages/object_detection)
[7.658s] INFO:colcon.colcon_ros.task.ament_python.build:Building ROS package in '/home/rss/robot_harry/robotik/src/teleop' with build type 'ament_python'
[7.660s] Level 1:colcon.colcon_core.shell:create_environment_hook('teleop', 'ament_prefix_path')
[7.660s] INFO:colcon.colcon_core.shell:Creating environment hook '/home/rss/robot_harry/robotik/install/teleop/share/teleop/hook/ament_prefix_path.ps1'
[7.666s] INFO:colcon.colcon_core.shell:Creating environment descriptor '/home/rss/robot_harry/robotik/install/teleop/share/teleop/hook/ament_prefix_path.dsv'
[7.666s] INFO:colcon.colcon_core.shell:Creating environment hook '/home/rss/robot_harry/robotik/install/teleop/share/teleop/hook/ament_prefix_path.sh'
[7.667s] INFO:colcon.colcon_core.shell:Skip shell extension 'powershell' for command environment: Not usable outside of PowerShell
[7.667s] DEBUG:colcon.colcon_core.shell:Skip shell extension 'dsv' for command environment
[8.045s] INFO:colcon.colcon_core.task.python.build:Building Python package in '/home/rss/robot_harry/robotik/src/teleop'
[8.045s] INFO:colcon.colcon_core.shell:Skip shell extension 'powershell' for command environment: Not usable outside of PowerShell
[8.045s] DEBUG:colcon.colcon_core.shell:Skip shell extension 'dsv' for command environment
[8.589s] DEBUG:colcon.colcon_core.event_handler.log_command:Invoking command in '/home/rss/robot_harry/robotik/build/tag_detection': PYTHONPATH=/home/rss/robot_harry/robotik/build/tag_detection/prefix_override:/usr/lib/python3/dist-packages/colcon_core/task/python/colcon_distutils_commands:/home/rss/robot_harry/robotik/install/tag_detection/lib/python3.10/site-packages:${PYTHONPATH} /usr/bin/python3 -W ignore:setup.py install is deprecated -W ignore:easy_install command is deprecated setup.py develop --editable --build-directory /home/rss/robot_harry/robotik/build/tag_detection/build --no-deps symlink_data
[8.980s] Level 1:colcon.colcon_core.shell:create_environment_hook('robot_bringup', 'pythonpath_develop')
[8.980s] INFO:colcon.colcon_core.shell:Creating environment hook '/home/rss/robot_harry/robotik/build/robot_bringup/share/robot_bringup/hook/pythonpath_develop.ps1'
[8.982s] INFO:colcon.colcon_core.shell:Creating environment descriptor '/home/rss/robot_harry/robotik/build/robot_bringup/share/robot_bringup/hook/pythonpath_develop.dsv'
[8.982s] INFO:colcon.colcon_core.shell:Creating environment hook '/home/rss/robot_harry/robotik/build/robot_bringup/share/robot_bringup/hook/pythonpath_develop.sh'
[8.983s] Level 1:colcon.colcon_core.environment:checking '/home/rss/robot_harry/robotik/install/robot_bringup' for CMake module files
[8.983s] Level 1:colcon.colcon_core.environment:checking '/home/rss/robot_harry/robotik/install/robot_bringup' for CMake config files
[8.984s] DEBUG:colcon.colcon_core.event_handler.log_command:Invoked command in '/home/rss/robot_harry/robotik/build/robot_bringup' returned '0': PYTHONPATH=/home/rss/robot_harry/robotik/build/robot_bringup/prefix_override:/usr/lib/python3/dist-packages/colcon_core/task/python/colcon_distutils_commands:/home/rss/robot_harry/robotik/install/robot_bringup/lib/python3.10/site-packages:${PYTHONPATH} /usr/bin/python3 -W ignore:setup.py install is deprecated -W ignore:easy_install command is deprecated setup.py develop --editable --build-directory /home/rss/robot_harry/robotik/build/robot_bringup/build --no-deps symlink_data
[8.985s] Level 1:colcon.colcon_core.environment:checking '/home/rss/robot_harry/robotik/install/robot_bringup/lib'
[8.985s] Level 1:colcon.colcon_core.environment:checking '/home/rss/robot_harry/robotik/install/robot_bringup/bin'
[8.985s] Level 1:colcon.colcon_core.environment:checking '/home/rss/robot_harry/robotik/install/robot_bringup/lib/pkgconfig/robot_bringup.pc'
[8.985s] Level 1:colcon.colcon_core.environment:checking '/home/rss/robot_harry/robotik/install/robot_bringup/lib/python3.10/site-packages'
[8.985s] Level 1:colcon.colcon_core.shell:create_environment_hook('robot_bringup', 'pythonpath')
[8.987s] INFO:colcon.colcon_core.shell:Creating environment hook '/home/rss/robot_harry/robotik/install/robot_bringup/share/robot_bringup/hook/pythonpath.ps1'
[8.988s] INFO:colcon.colcon_core.shell:Creating environment descriptor '/home/rss/robot_harry/robotik/install/robot_bringup/share/robot_bringup/hook/pythonpath.dsv'
[8.992s] INFO:colcon.colcon_core.shell:Creating environment hook '/home/rss/robot_harry/robotik/install/robot_bringup/share/robot_bringup/hook/pythonpath.sh'
[8.995s] Level 1:colcon.colcon_core.environment:checking '/home/rss/robot_harry/robotik/install/robot_bringup/bin'
[8.995s] Level 1:colcon.colcon_core.environment:create_environment_scripts_only(robot_bringup)
[8.996s] INFO:colcon.colcon_core.shell:Creating package script '/home/rss/robot_harry/robotik/install/robot_bringup/share/robot_bringup/package.ps1'
[8.999s] INFO:colcon.colcon_core.shell:Creating package descriptor '/home/rss/robot_harry/robotik/install/robot_bringup/share/robot_bringup/package.dsv'
[9.000s] INFO:colcon.colcon_core.shell:Creating package script '/home/rss/robot_harry/robotik/install/robot_bringup/share/robot_bringup/package.sh'
[9.000s] INFO:colcon.colcon_core.shell:Creating package script '/home/rss/robot_harry/robotik/install/robot_bringup/share/robot_bringup/package.bash'
[9.000s] INFO:colcon.colcon_core.shell:Creating package script '/home/rss/robot_harry/robotik/install/robot_bringup/share/robot_bringup/package.zsh'
[9.001s] Level 1:colcon.colcon_core.environment:create_file_with_runtime_dependencies(/home/rss/robot_harry/robotik/install/robot_bringup/share/colcon-core/packages/robot_bringup)
[9.005s] INFO:colcon.colcon_ros.task.ament_python.build:Building ROS package in '/home/rss/robot_harry/robotik/src/webcam_bringup' with build type 'ament_python'
[9.006s] Level 1:colcon.colcon_core.shell:create_environment_hook('webcam_bringup', 'ament_prefix_path')
[9.006s] INFO:colcon.colcon_core.shell:Creating environment hook '/home/rss/robot_harry/robotik/install/webcam_bringup/share/webcam_bringup/hook/ament_prefix_path.ps1'
[9.011s] INFO:colcon.colcon_core.shell:Creating environment descriptor '/home/rss/robot_harry/robotik/install/webcam_bringup/share/webcam_bringup/hook/ament_prefix_path.dsv'
[9.012s] INFO:colcon.colcon_core.shell:Creating environment hook '/home/rss/robot_harry/robotik/install/webcam_bringup/share/webcam_bringup/hook/ament_prefix_path.sh'
[9.013s] INFO:colcon.colcon_core.shell:Skip shell extension 'powershell' for command environment: Not usable outside of PowerShell
[9.013s] DEBUG:colcon.colcon_core.shell:Skip shell extension 'dsv' for command environment
[9.653s] INFO:colcon.colcon_core.task.python.build:Building Python package in '/home/rss/robot_harry/robotik/src/webcam_bringup'
[9.654s] INFO:colcon.colcon_core.shell:Skip shell extension 'powershell' for command environment: Not usable outside of PowerShell
[9.654s] DEBUG:colcon.colcon_core.shell:Skip shell extension 'dsv' for command environment
[9.681s] DEBUG:colcon.colcon_core.event_handler.log_command:Invoking command in '/home/rss/robot_harry/robotik/build/teleop': PYTHONPATH=/home/rss/robot_harry/robotik/build/teleop/prefix_override:/usr/lib/python3/dist-packages/colcon_core/task/python/colcon_distutils_commands:/home/rss/robot_harry/robotik/install/teleop/lib/python3.10/site-packages:${PYTHONPATH} /usr/bin/python3 -W ignore:setup.py install is deprecated -W ignore:easy_install command is deprecated setup.py develop --editable --build-directory /home/rss/robot_harry/robotik/build/teleop/build --no-deps symlink_data
[9.688s] Level 1:colcon.colcon_core.shell:create_environment_hook('pub_sub', 'pythonpath_develop')
[9.689s] INFO:colcon.colcon_core.shell:Creating environment hook '/home/rss/robot_harry/robotik/build/pub_sub/share/pub_sub/hook/pythonpath_develop.ps1'
[9.690s] DEBUG:colcon.colcon_core.event_handler.log_command:Invoked command in '/home/rss/robot_harry/robotik/build/pub_sub' returned '0': PYTHONPATH=/home/rss/robot_harry/robotik/build/pub_sub/prefix_override:/usr/lib/python3/dist-packages/colcon_core/task/python/colcon_distutils_commands:/home/rss/robot_harry/robotik/install/pub_sub/lib/python3.10/site-packages:${PYTHONPATH} /usr/bin/python3 -W ignore:setup.py install is deprecated -W ignore:easy_install command is deprecated setup.py develop --editable --build-directory /home/rss/robot_harry/robotik/build/pub_sub/build --no-deps symlink_data
[9.692s] INFO:colcon.colcon_core.shell:Creating environment descriptor '/home/rss/robot_harry/robotik/build/pub_sub/share/pub_sub/hook/pythonpath_develop.dsv'
[9.692s] INFO:colcon.colcon_core.shell:Creating environment hook '/home/rss/robot_harry/robotik/build/pub_sub/share/pub_sub/hook/pythonpath_develop.sh'
[9.693s] Level 1:colcon.colcon_core.environment:checking '/home/rss/robot_harry/robotik/install/pub_sub' for CMake module files
[9.697s] Level 1:colcon.colcon_core.environment:checking '/home/rss/robot_harry/robotik/install/pub_sub' for CMake config files
[9.698s] Level 1:colcon.colcon_core.environment:checking '/home/rss/robot_harry/robotik/install/pub_sub/lib'
[9.698s] Level 1:colcon.colcon_core.environment:checking '/home/rss/robot_harry/robotik/install/pub_sub/bin'
[9.698s] Level 1:colcon.colcon_core.environment:checking '/home/rss/robot_harry/robotik/install/pub_sub/lib/pkgconfig/pub_sub.pc'
[9.702s] Level 1:colcon.colcon_core.environment:checking '/home/rss/robot_harry/robotik/install/pub_sub/lib/python3.10/site-packages'
[9.702s] Level 1:colcon.colcon_core.shell:create_environment_hook('pub_sub', 'pythonpath')
[9.703s] INFO:colcon.colcon_core.shell:Creating environment hook '/home/rss/robot_harry/robotik/install/pub_sub/share/pub_sub/hook/pythonpath.ps1'
[9.704s] INFO:colcon.colcon_core.shell:Creating environment descriptor '/home/rss/robot_harry/robotik/install/pub_sub/share/pub_sub/hook/pythonpath.dsv'
[9.707s] INFO:colcon.colcon_core.shell:Creating environment hook '/home/rss/robot_harry/robotik/install/pub_sub/share/pub_sub/hook/pythonpath.sh'
[9.709s] Level 1:colcon.colcon_core.environment:checking '/home/rss/robot_harry/robotik/install/pub_sub/bin'
[9.709s] Level 1:colcon.colcon_core.environment:create_environment_scripts_only(pub_sub)
[9.712s] INFO:colcon.colcon_core.shell:Creating package script '/home/rss/robot_harry/robotik/install/pub_sub/share/pub_sub/package.ps1'
[9.713s] INFO:colcon.colcon_core.shell:Creating package descriptor '/home/rss/robot_harry/robotik/install/pub_sub/share/pub_sub/package.dsv'
[9.714s] INFO:colcon.colcon_core.shell:Creating package script '/home/rss/robot_harry/robotik/install/pub_sub/share/pub_sub/package.sh'
[9.718s] INFO:colcon.colcon_core.shell:Creating package script '/home/rss/robot_harry/robotik/install/pub_sub/share/pub_sub/package.bash'
[9.719s] INFO:colcon.colcon_core.shell:Creating package script '/home/rss/robot_harry/robotik/install/pub_sub/share/pub_sub/package.zsh'
[9.720s] Level 1:colcon.colcon_core.environment:create_file_with_runtime_dependencies(/home/rss/robot_harry/robotik/install/pub_sub/share/colcon-core/packages/pub_sub)
[9.876s] Level 1:colcon.colcon_core.shell:create_environment_hook('tag_detection', 'pythonpath_develop')
[9.877s] INFO:colcon.colcon_core.shell:Creating environment hook '/home/rss/robot_harry/robotik/build/tag_detection/share/tag_detection/hook/pythonpath_develop.ps1'
[9.877s] DEBUG:colcon.colcon_core.event_handler.log_command:Invoked command in '/home/rss/robot_harry/robotik/build/tag_detection' returned '0': PYTHONPATH=/home/rss/robot_harry/robotik/build/tag_detection/prefix_override:/usr/lib/python3/dist-packages/colcon_core/task/python/colcon_distutils_commands:/home/rss/robot_harry/robotik/install/tag_detection/lib/python3.10/site-packages:${PYTHONPATH} /usr/bin/python3 -W ignore:setup.py install is deprecated -W ignore:easy_install command is deprecated setup.py develop --editable --build-directory /home/rss/robot_harry/robotik/build/tag_detection/build --no-deps symlink_data
[9.878s] INFO:colcon.colcon_core.shell:Creating environment descriptor '/home/rss/robot_harry/robotik/build/tag_detection/share/tag_detection/hook/pythonpath_develop.dsv'
[9.878s] INFO:colcon.colcon_core.shell:Creating environment hook '/home/rss/robot_harry/robotik/build/tag_detection/share/tag_detection/hook/pythonpath_develop.sh'
[9.879s] Level 1:colcon.colcon_core.environment:checking '/home/rss/robot_harry/robotik/install/tag_detection' for CMake module files
[9.879s] Level 1:colcon.colcon_core.environment:checking '/home/rss/robot_harry/robotik/install/tag_detection' for CMake config files
[9.880s] Level 1:colcon.colcon_core.environment:checking '/home/rss/robot_harry/robotik/install/tag_detection/lib'
[9.880s] Level 1:colcon.colcon_core.environment:checking '/home/rss/robot_harry/robotik/install/tag_detection/bin'
[9.880s] Level 1:colcon.colcon_core.environment:checking '/home/rss/robot_harry/robotik/install/tag_detection/lib/pkgconfig/tag_detection.pc'
[9.880s] Level 1:colcon.colcon_core.environment:checking '/home/rss/robot_harry/robotik/install/tag_detection/lib/python3.10/site-packages'
[9.880s] Level 1:colcon.colcon_core.shell:create_environment_hook('tag_detection', 'pythonpath')
[9.880s] INFO:colcon.colcon_core.shell:Creating environment hook '/home/rss/robot_harry/robotik/install/tag_detection/share/tag_detection/hook/pythonpath.ps1'
[9.881s] INFO:colcon.colcon_core.shell:Creating environment descriptor '/home/rss/robot_harry/robotik/install/tag_detection/share/tag_detection/hook/pythonpath.dsv'
[9.881s] INFO:colcon.colcon_core.shell:Creating environment hook '/home/rss/robot_harry/robotik/install/tag_detection/share/tag_detection/hook/pythonpath.sh'
[9.888s] Level 1:colcon.colcon_core.environment:checking '/home/rss/robot_harry/robotik/install/tag_detection/bin'
[9.888s] Level 1:colcon.colcon_core.environment:create_environment_scripts_only(tag_detection)
[9.893s] INFO:colcon.colcon_core.shell:Creating package script '/home/rss/robot_harry/robotik/install/tag_detection/share/tag_detection/package.ps1'
[9.894s] INFO:colcon.colcon_core.shell:Creating package descriptor '/home/rss/robot_harry/robotik/install/tag_detection/share/tag_detection/package.dsv'
[9.899s] INFO:colcon.colcon_core.shell:Creating package script '/home/rss/robot_harry/robotik/install/tag_detection/share/tag_detection/package.sh'
[9.899s] INFO:colcon.colcon_core.shell:Creating package script '/home/rss/robot_harry/robotik/install/tag_detection/share/tag_detection/package.bash'
[9.900s] INFO:colcon.colcon_core.shell:Creating package script '/home/rss/robot_harry/robotik/install/tag_detection/share/tag_detection/package.zsh'
[9.900s] Level 1:colcon.colcon_core.environment:create_file_with_runtime_dependencies(/home/rss/robot_harry/robotik/install/tag_detection/share/colcon-core/packages/tag_detection)
[10.761s] DEBUG:colcon.colcon_core.event_handler.log_command:Invoking command in '/home/rss/robot_harry/robotik/build/webcam_bringup': PYTHONPATH=/home/rss/robot_harry/robotik/build/webcam_bringup/prefix_override:/usr/lib/python3/dist-packages/colcon_core/task/python/colcon_distutils_commands:/home/rss/robot_harry/robotik/install/webcam_bringup/lib/python3.10/site-packages:${PYTHONPATH} /usr/bin/python3 -W ignore:setup.py install is deprecated -W ignore:easy_install command is deprecated setup.py develop --editable --build-directory /home/rss/robot_harry/robotik/build/webcam_bringup/build --no-deps symlink_data
[10.790s] Level 1:colcon.colcon_core.shell:create_environment_hook('teleop', 'pythonpath_develop')
[10.791s] INFO:colcon.colcon_core.shell:Creating environment hook '/home/rss/robot_harry/robotik/build/teleop/share/teleop/hook/pythonpath_develop.ps1'
[10.791s] DEBUG:colcon.colcon_core.event_handler.log_command:Invoked command in '/home/rss/robot_harry/robotik/build/teleop' returned '0': PYTHONPATH=/home/rss/robot_harry/robotik/build/teleop/prefix_override:/usr/lib/python3/dist-packages/colcon_core/task/python/colcon_distutils_commands:/home/rss/robot_harry/robotik/install/teleop/lib/python3.10/site-packages:${PYTHONPATH} /usr/bin/python3 -W ignore:setup.py install is deprecated -W ignore:easy_install command is deprecated setup.py develop --editable --build-directory /home/rss/robot_harry/robotik/build/teleop/build --no-deps symlink_data
[10.793s] INFO:colcon.colcon_core.shell:Creating environment descriptor '/home/rss/robot_harry/robotik/build/teleop/share/teleop/hook/pythonpath_develop.dsv'
[10.793s] INFO:colcon.colcon_core.shell:Creating environment hook '/home/rss/robot_harry/robotik/build/teleop/share/teleop/hook/pythonpath_develop.sh'
[10.794s] Level 1:colcon.colcon_core.environment:checking '/home/rss/robot_harry/robotik/install/teleop' for CMake module files
[10.794s] Level 1:colcon.colcon_core.environment:checking '/home/rss/robot_harry/robotik/install/teleop' for CMake config files
[10.795s] Level 1:colcon.colcon_core.environment:checking '/home/rss/robot_harry/robotik/install/teleop/lib'
[10.795s] Level 1:colcon.colcon_core.environment:checking '/home/rss/robot_harry/robotik/install/teleop/bin'
[10.795s] Level 1:colcon.colcon_core.environment:checking '/home/rss/robot_harry/robotik/install/teleop/lib/pkgconfig/teleop.pc'
[10.795s] Level 1:colcon.colcon_core.environment:checking '/home/rss/robot_harry/robotik/install/teleop/lib/python3.10/site-packages'
[10.795s] Level 1:colcon.colcon_core.shell:create_environment_hook('teleop', 'pythonpath')
[10.795s] INFO:colcon.colcon_core.shell:Creating environment hook '/home/rss/robot_harry/robotik/install/teleop/share/teleop/hook/pythonpath.ps1'
[10.796s] INFO:colcon.colcon_core.shell:Creating environment descriptor '/home/rss/robot_harry/robotik/install/teleop/share/teleop/hook/pythonpath.dsv'
[10.800s] INFO:colcon.colcon_core.shell:Creating environment hook '/home/rss/robot_harry/robotik/install/teleop/share/teleop/hook/pythonpath.sh'
[10.801s] Level 1:colcon.colcon_core.environment:checking '/home/rss/robot_harry/robotik/install/teleop/bin'
[10.801s] Level 1:colcon.colcon_core.environment:create_environment_scripts_only(teleop)
[10.802s] INFO:colcon.colcon_core.shell:Creating package script '/home/rss/robot_harry/robotik/install/teleop/share/teleop/package.ps1'
[10.802s] INFO:colcon.colcon_core.shell:Creating package descriptor '/home/rss/robot_harry/robotik/install/teleop/share/teleop/package.dsv'
[10.803s] INFO:colcon.colcon_core.shell:Creating package script '/home/rss/robot_harry/robotik/install/teleop/share/teleop/package.sh'
[10.808s] INFO:colcon.colcon_core.shell:Creating package script '/home/rss/robot_harry/robotik/install/teleop/share/teleop/package.bash'
[10.808s] INFO:colcon.colcon_core.shell:Creating package script '/home/rss/robot_harry/robotik/install/teleop/share/teleop/package.zsh'
[10.809s] Level 1:colcon.colcon_core.environment:create_file_with_runtime_dependencies(/home/rss/robot_harry/robotik/install/teleop/share/colcon-core/packages/teleop)
[11.507s] Level 1:colcon.colcon_core.shell:create_environment_hook('webcam_bringup', 'pythonpath_develop')
[11.507s] INFO:colcon.colcon_core.shell:Creating environment hook '/home/rss/robot_harry/robotik/build/webcam_bringup/share/webcam_bringup/hook/pythonpath_develop.ps1'
[11.508s] DEBUG:colcon.colcon_core.event_handler.log_command:Invoked command in '/home/rss/robot_harry/robotik/build/webcam_bringup' returned '0': PYTHONPATH=/home/rss/robot_harry/robotik/build/webcam_bringup/prefix_override:/usr/lib/python3/dist-packages/colcon_core/task/python/colcon_distutils_commands:/home/rss/robot_harry/robotik/install/webcam_bringup/lib/python3.10/site-packages:${PYTHONPATH} /usr/bin/python3 -W ignore:setup.py install is deprecated -W ignore:easy_install command is deprecated setup.py develop --editable --build-directory /home/rss/robot_harry/robotik/build/webcam_bringup/build --no-deps symlink_data
[11.511s] INFO:colcon.colcon_core.shell:Creating environment descriptor '/home/rss/robot_harry/robotik/build/webcam_bringup/share/webcam_bringup/hook/pythonpath_develop.dsv'
[11.511s] INFO:colcon.colcon_core.shell:Creating environment hook '/home/rss/robot_harry/robotik/build/webcam_bringup/share/webcam_bringup/hook/pythonpath_develop.sh'
[11.512s] Level 1:colcon.colcon_core.environment:checking '/home/rss/robot_harry/robotik/install/webcam_bringup' for CMake module files
[11.512s] Level 1:colcon.colcon_core.environment:checking '/home/rss/robot_harry/robotik/install/webcam_bringup' for CMake config files
[11.513s] Level 1:colcon.colcon_core.environment:checking '/home/rss/robot_harry/robotik/install/webcam_bringup/lib'
[11.513s] Level 1:colcon.colcon_core.environment:checking '/home/rss/robot_harry/robotik/install/webcam_bringup/bin'
[11.513s] Level 1:colcon.colcon_core.environment:checking '/home/rss/robot_harry/robotik/install/webcam_bringup/lib/pkgconfig/webcam_bringup.pc'
[11.513s] Level 1:colcon.colcon_core.environment:checking '/home/rss/robot_harry/robotik/install/webcam_bringup/lib/python3.10/site-packages'
[11.513s] Level 1:colcon.colcon_core.shell:create_environment_hook('webcam_bringup', 'pythonpath')
[11.514s] INFO:colcon.colcon_core.shell:Creating environment hook '/home/rss/robot_harry/robotik/install/webcam_bringup/share/webcam_bringup/hook/pythonpath.ps1'
[11.515s] INFO:colcon.colcon_core.shell:Creating environment descriptor '/home/rss/robot_harry/robotik/install/webcam_bringup/share/webcam_bringup/hook/pythonpath.dsv'
[11.516s] INFO:colcon.colcon_core.shell:Creating environment hook '/home/rss/robot_harry/robotik/install/webcam_bringup/share/webcam_bringup/hook/pythonpath.sh'
[11.516s] Level 1:colcon.colcon_core.environment:checking '/home/rss/robot_harry/robotik/install/webcam_bringup/bin'
[11.516s] Level 1:colcon.colcon_core.environment:create_environment_scripts_only(webcam_bringup)
[11.517s] INFO:colcon.colcon_core.shell:Creating package script '/home/rss/robot_harry/robotik/install/webcam_bringup/share/webcam_bringup/package.ps1'
[11.517s] INFO:colcon.colcon_core.shell:Creating package descriptor '/home/rss/robot_harry/robotik/install/webcam_bringup/share/webcam_bringup/package.dsv'
[11.518s] INFO:colcon.colcon_core.shell:Creating package script '/home/rss/robot_harry/robotik/install/webcam_bringup/share/webcam_bringup/package.sh'
[11.518s] INFO:colcon.colcon_core.shell:Creating package script '/home/rss/robot_harry/robotik/install/webcam_bringup/share/webcam_bringup/package.bash'
[11.519s] INFO:colcon.colcon_core.shell:Creating package script '/home/rss/robot_harry/robotik/install/webcam_bringup/share/webcam_bringup/package.zsh'
[11.519s] Level 1:colcon.colcon_core.environment:create_file_with_runtime_dependencies(/home/rss/robot_harry/robotik/install/webcam_bringup/share/colcon-core/packages/webcam_bringup)
[11.765s] DEBUG:colcon.colcon_core.event_handler.log_command:Invoked command in '/home/rss/robot_harry/robotik/build/create3_examples_msgs' returned '0': CMAKE_PREFIX_PATH=${CMAKE_PREFIX_PATH}:/home/rss/robot_harry/robotik/src/install/webcam_bringup:/home/rss/robot_harry/robotik/src/install/teleop:/home/rss/robot_harry/robotik/src/install/tag_detection:/home/rss/robot_harry/robotik/src/install/robot_bringup:/home/rss/robot_harry/robotik/src/install/pub_sub:/home/rss/robot_harry/robotik/src/install/object_detection:/home/rss/robot_harry/robotik/src/install/my_robot_slam:/home/rss/robot_harry/robotik/src/install/my_robot_navigation:/home/rss/robot_harry/robotik/src/install/create3_teleop:/home/rss/robot_harry/robotik/src/install/create3_examples_py:/home/rss/robot_harry/robotik/install/webcam_bringup:/home/rss/robot_harry/robotik/install/teleop:/home/rss/robot_harry/robotik/install/tag_detection:/home/rss/robot_harry/robotik/install/robot_bringup:/home/rss/robot_harry/robotik/install/pub_sub:/home/rss/robot_harry/robotik/install/object_detection:/home/rss/robot_harry/robotik/install/my_robot_navigation:/home/rss/robot_harry/robotik/install/create3_teleop:/home/rss/robot_harry/robotik/install/create3_examples_py:/opt/ros/humble /usr/bin/cmake --build /home/rss/robot_harry/robotik/build/create3_examples_msgs -- -j8 -l8
[11.773s] DEBUG:colcon.colcon_core.event_handler.log_command:Invoking command in '/home/rss/robot_harry/robotik/build/create3_examples_msgs': CMAKE_PREFIX_PATH=${CMAKE_PREFIX_PATH}:/home/rss/robot_harry/robotik/src/install/webcam_bringup:/home/rss/robot_harry/robotik/src/install/teleop:/home/rss/robot_harry/robotik/src/install/tag_detection:/home/rss/robot_harry/robotik/src/install/robot_bringup:/home/rss/robot_harry/robotik/src/install/pub_sub:/home/rss/robot_harry/robotik/src/install/object_detection:/home/rss/robot_harry/robotik/src/install/my_robot_slam:/home/rss/robot_harry/robotik/src/install/my_robot_navigation:/home/rss/robot_harry/robotik/src/install/create3_teleop:/home/rss/robot_harry/robotik/src/install/create3_examples_py:/home/rss/robot_harry/robotik/install/webcam_bringup:/home/rss/robot_harry/robotik/install/teleop:/home/rss/robot_harry/robotik/install/tag_detection:/home/rss/robot_harry/robotik/install/robot_bringup:/home/rss/robot_harry/robotik/install/pub_sub:/home/rss/robot_harry/robotik/install/object_detection:/home/rss/robot_harry/robotik/install/my_robot_navigation:/home/rss/robot_harry/robotik/install/create3_teleop:/home/rss/robot_harry/robotik/install/create3_examples_py:/opt/ros/humble /usr/bin/cmake --install /home/rss/robot_harry/robotik/build/create3_examples_msgs
[11.797s] DEBUG:colcon.colcon_core.event_handler.log_command:Invoked command in '/home/rss/robot_harry/robotik/build/apriltag_msgs' returned '0': CMAKE_PREFIX_PATH=${CMAKE_PREFIX_PATH}:/home/rss/robot_harry/robotik/src/install/webcam_bringup:/home/rss/robot_harry/robotik/src/install/teleop:/home/rss/robot_harry/robotik/src/install/tag_detection:/home/rss/robot_harry/robotik/src/install/robot_bringup:/home/rss/robot_harry/robotik/src/install/pub_sub:/home/rss/robot_harry/robotik/src/install/object_detection:/home/rss/robot_harry/robotik/src/install/my_robot_slam:/home/rss/robot_harry/robotik/src/install/my_robot_navigation:/home/rss/robot_harry/robotik/src/install/create3_teleop:/home/rss/robot_harry/robotik/src/install/create3_examples_py:/home/rss/robot_harry/robotik/install/webcam_bringup:/home/rss/robot_harry/robotik/install/teleop:/home/rss/robot_harry/robotik/install/tag_detection:/home/rss/robot_harry/robotik/install/robot_bringup:/home/rss/robot_harry/robotik/install/pub_sub:/home/rss/robot_harry/robotik/install/object_detection:/home/rss/robot_harry/robotik/install/my_robot_navigation:/home/rss/robot_harry/robotik/install/create3_teleop:/home/rss/robot_harry/robotik/install/create3_examples_py:/opt/ros/humble /usr/bin/cmake --build /home/rss/robot_harry/robotik/build/apriltag_msgs -- -j8 -l8
[11.799s] DEBUG:colcon.colcon_core.event_handler.log_command:Invoking command in '/home/rss/robot_harry/robotik/build/apriltag_msgs': CMAKE_PREFIX_PATH=${CMAKE_PREFIX_PATH}:/home/rss/robot_harry/robotik/src/install/webcam_bringup:/home/rss/robot_harry/robotik/src/install/teleop:/home/rss/robot_harry/robotik/src/install/tag_detection:/home/rss/robot_harry/robotik/src/install/robot_bringup:/home/rss/robot_harry/robotik/src/install/pub_sub:/home/rss/robot_harry/robotik/src/install/object_detection:/home/rss/robot_harry/robotik/src/install/my_robot_slam:/home/rss/robot_harry/robotik/src/install/my_robot_navigation:/home/rss/robot_harry/robotik/src/install/create3_teleop:/home/rss/robot_harry/robotik/src/install/create3_examples_py:/home/rss/robot_harry/robotik/install/webcam_bringup:/home/rss/robot_harry/robotik/install/teleop:/home/rss/robot_harry/robotik/install/tag_detection:/home/rss/robot_harry/robotik/install/robot_bringup:/home/rss/robot_harry/robotik/install/pub_sub:/home/rss/robot_harry/robotik/install/object_detection:/home/rss/robot_harry/robotik/install/my_robot_navigation:/home/rss/robot_harry/robotik/install/create3_teleop:/home/rss/robot_harry/robotik/install/create3_examples_py:/opt/ros/humble /usr/bin/cmake --install /home/rss/robot_harry/robotik/build/apriltag_msgs
[12.450s] Level 1:colcon.colcon_core.environment:create_environment_scripts_only(create3_examples_msgs)
[12.451s] Level 1:colcon.colcon_core.environment:checking '/home/rss/robot_harry/robotik/install/create3_examples_msgs' for CMake module files
[12.452s] DEBUG:colcon.colcon_core.event_handler.log_command:Invoked command in '/home/rss/robot_harry/robotik/build/create3_examples_msgs' returned '0': CMAKE_PREFIX_PATH=${CMAKE_PREFIX_PATH}:/home/rss/robot_harry/robotik/src/install/webcam_bringup:/home/rss/robot_harry/robotik/src/install/teleop:/home/rss/robot_harry/robotik/src/install/tag_detection:/home/rss/robot_harry/robotik/src/install/robot_bringup:/home/rss/robot_harry/robotik/src/install/pub_sub:/home/rss/robot_harry/robotik/src/install/object_detection:/home/rss/robot_harry/robotik/src/install/my_robot_slam:/home/rss/robot_harry/robotik/src/install/my_robot_navigation:/home/rss/robot_harry/robotik/src/install/create3_teleop:/home/rss/robot_harry/robotik/src/install/create3_examples_py:/home/rss/robot_harry/robotik/install/webcam_bringup:/home/rss/robot_harry/robotik/install/teleop:/home/rss/robot_harry/robotik/install/tag_detection:/home/rss/robot_harry/robotik/install/robot_bringup:/home/rss/robot_harry/robotik/install/pub_sub:/home/rss/robot_harry/robotik/install/object_detection:/home/rss/robot_harry/robotik/install/my_robot_navigation:/home/rss/robot_harry/robotik/install/create3_teleop:/home/rss/robot_harry/robotik/install/create3_examples_py:/opt/ros/humble /usr/bin/cmake --install /home/rss/robot_harry/robotik/build/create3_examples_msgs
[12.453s] Level 1:colcon.colcon_core.environment:checking '/home/rss/robot_harry/robotik/install/create3_examples_msgs' for CMake config files
[12.454s] Level 1:colcon.colcon_core.shell:create_environment_hook('create3_examples_msgs', 'cmake_prefix_path')
[12.456s] INFO:colcon.colcon_core.shell:Creating environment hook '/home/rss/robot_harry/robotik/install/create3_examples_msgs/share/create3_examples_msgs/hook/cmake_prefix_path.ps1'
[12.457s] INFO:colcon.colcon_core.shell:Creating environment descriptor '/home/rss/robot_harry/robotik/install/create3_examples_msgs/share/create3_examples_msgs/hook/cmake_prefix_path.dsv'
[12.457s] INFO:colcon.colcon_core.shell:Creating environment hook '/home/rss/robot_harry/robotik/install/create3_examples_msgs/share/create3_examples_msgs/hook/cmake_prefix_path.sh'
[12.458s] Level 1:colcon.colcon_core.environment:checking '/home/rss/robot_harry/robotik/install/create3_examples_msgs/lib'
[12.458s] Level 1:colcon.colcon_core.shell:create_environment_hook('create3_examples_msgs', 'ld_library_path_lib')
[12.458s] INFO:colcon.colcon_core.shell:Creating environment hook '/home/rss/robot_harry/robotik/install/create3_examples_msgs/share/create3_examples_msgs/hook/ld_library_path_lib.ps1'
[12.459s] INFO:colcon.colcon_core.shell:Creating environment descriptor '/home/rss/robot_harry/robotik/install/create3_examples_msgs/share/create3_examples_msgs/hook/ld_library_path_lib.dsv'
[12.459s] INFO:colcon.colcon_core.shell:Creating environment hook '/home/rss/robot_harry/robotik/install/create3_examples_msgs/share/create3_examples_msgs/hook/ld_library_path_lib.sh'
[12.459s] Level 1:colcon.colcon_core.environment:checking '/home/rss/robot_harry/robotik/install/create3_examples_msgs/bin'
[12.459s] Level 1:colcon.colcon_core.environment:checking '/home/rss/robot_harry/robotik/install/create3_examples_msgs/lib/pkgconfig/create3_examples_msgs.pc'
[12.460s] Level 1:colcon.colcon_core.environment:checking '/home/rss/robot_harry/robotik/install/create3_examples_msgs/lib/python3.10/site-packages'
[12.460s] Level 1:colcon.colcon_core.environment:checking '/home/rss/robot_harry/robotik/install/create3_examples_msgs/bin'
[12.460s] INFO:colcon.colcon_core.shell:Creating package script '/home/rss/robot_harry/robotik/install/create3_examples_msgs/share/create3_examples_msgs/package.ps1'
[12.461s] INFO:colcon.colcon_core.shell:Creating package descriptor '/home/rss/robot_harry/robotik/install/create3_examples_msgs/share/create3_examples_msgs/package.dsv'
[12.461s] INFO:colcon.colcon_core.shell:Creating package script '/home/rss/robot_harry/robotik/install/create3_examples_msgs/share/create3_examples_msgs/package.sh'
[12.462s] INFO:colcon.colcon_core.shell:Creating package script '/home/rss/robot_harry/robotik/install/create3_examples_msgs/share/create3_examples_msgs/package.bash'
[12.463s] INFO:colcon.colcon_core.shell:Creating package script '/home/rss/robot_harry/robotik/install/create3_examples_msgs/share/create3_examples_msgs/package.zsh'
[12.463s] Level 1:colcon.colcon_core.environment:create_file_with_runtime_dependencies(/home/rss/robot_harry/robotik/install/create3_examples_msgs/share/colcon-core/packages/create3_examples_msgs)
[12.464s] Level 1:colcon.colcon_core.environment:create_environment_scripts_only(create3_examples_msgs)
[12.464s] Level 1:colcon.colcon_core.environment:checking '/home/rss/robot_harry/robotik/install/create3_examples_msgs' for CMake module files
[12.466s] Level 1:colcon.colcon_core.environment:checking '/home/rss/robot_harry/robotik/install/create3_examples_msgs' for CMake config files
[12.467s] Level 1:colcon.colcon_core.shell:create_environment_hook('create3_examples_msgs', 'cmake_prefix_path')
[12.467s] INFO:colcon.colcon_core.shell:Creating environment hook '/home/rss/robot_harry/robotik/install/create3_examples_msgs/share/create3_examples_msgs/hook/cmake_prefix_path.ps1'
[12.469s] INFO:colcon.colcon_core.shell:Creating environment descriptor '/home/rss/robot_harry/robotik/install/create3_examples_msgs/share/create3_examples_msgs/hook/cmake_prefix_path.dsv'
[12.469s] INFO:colcon.colcon_core.shell:Creating environment hook '/home/rss/robot_harry/robotik/install/create3_examples_msgs/share/create3_examples_msgs/hook/cmake_prefix_path.sh'
[12.470s] Level 1:colcon.colcon_core.environment:checking '/home/rss/robot_harry/robotik/install/create3_examples_msgs/lib'
[12.470s] Level 1:colcon.colcon_core.shell:create_environment_hook('create3_examples_msgs', 'ld_library_path_lib')
[12.470s] INFO:colcon.colcon_core.shell:Creating environment hook '/home/rss/robot_harry/robotik/install/create3_examples_msgs/share/create3_examples_msgs/hook/ld_library_path_lib.ps1'
[12.471s] INFO:colcon.colcon_core.shell:Creating environment descriptor '/home/rss/robot_harry/robotik/install/create3_examples_msgs/share/create3_examples_msgs/hook/ld_library_path_lib.dsv'
[12.471s] INFO:colcon.colcon_core.shell:Creating environment hook '/home/rss/robot_harry/robotik/install/create3_examples_msgs/share/create3_examples_msgs/hook/ld_library_path_lib.sh'
[12.471s] Level 1:colcon.colcon_core.environment:checking '/home/rss/robot_harry/robotik/install/create3_examples_msgs/bin'
[12.471s] Level 1:colcon.colcon_core.environment:checking '/home/rss/robot_harry/robotik/install/create3_examples_msgs/lib/pkgconfig/create3_examples_msgs.pc'
[12.472s] Level 1:colcon.colcon_core.environment:checking '/home/rss/robot_harry/robotik/install/create3_examples_msgs/lib/python3.10/site-packages'
[12.472s] Level 1:colcon.colcon_core.environment:checking '/home/rss/robot_harry/robotik/install/create3_examples_msgs/bin'
[12.472s] INFO:colcon.colcon_core.shell:Creating package script '/home/rss/robot_harry/robotik/install/create3_examples_msgs/share/create3_examples_msgs/package.ps1'
[12.473s] INFO:colcon.colcon_core.shell:Creating package descriptor '/home/rss/robot_harry/robotik/install/create3_examples_msgs/share/create3_examples_msgs/package.dsv'
[12.474s] INFO:colcon.colcon_core.shell:Creating package script '/home/rss/robot_harry/robotik/install/create3_examples_msgs/share/create3_examples_msgs/package.sh'
[12.474s] INFO:colcon.colcon_core.shell:Creating package script '/home/rss/robot_harry/robotik/install/create3_examples_msgs/share/create3_examples_msgs/package.bash'
[12.474s] INFO:colcon.colcon_core.shell:Creating package script '/home/rss/robot_harry/robotik/install/create3_examples_msgs/share/create3_examples_msgs/package.zsh'
[12.475s] Level 1:colcon.colcon_core.environment:create_file_with_runtime_dependencies(/home/rss/robot_harry/robotik/install/create3_examples_msgs/share/colcon-core/packages/create3_examples_msgs)
[12.475s] INFO:colcon.colcon_ros.task.ament_cmake.build:Building ROS package in '/home/rss/robot_harry/robotik/src/create3_examples/create3_coverage' with build type 'ament_cmake'
[12.475s] INFO:colcon.colcon_cmake.task.cmake.build:Building CMake package in '/home/rss/robot_harry/robotik/src/create3_examples/create3_coverage'
[12.475s] INFO:colcon.colcon_core.shell:Skip shell extension 'powershell' for command environment: Not usable outside of PowerShell
[12.476s] DEBUG:colcon.colcon_core.shell:Skip shell extension 'dsv' for command environment
[12.494s] DEBUG:colcon.colcon_core.event_handler.log_command:Invoking command in '/home/rss/robot_harry/robotik/build/create3_coverage': CMAKE_PREFIX_PATH=/home/rss/robot_harry/robotik/install/create3_examples_msgs:/home/rss/robot_harry/robotik/src/install/create3_lidar_slam:/home/rss/robot_harry/robotik/src/install/rplidar_ros:/home/rss/robot_harry/robotik/src/install/create3_republisher:/home/rss/robot_harry/robotik/src/install/create3_coverage:/home/rss/robot_harry/robotik/src/install/create3_examples_msgs:/home/rss/robot_harry/robotik/src/install/apriltag_ros:/home/rss/robot_harry/robotik/src/install/apriltag_msgs:/home/rss/robot_harry/robotik/install/create3_lidar_slam:/home/rss/robot_harry/robotik/install/rplidar_ros:/home/rss/robot_harry/robotik/install/my_robot_slam:/home/rss/robot_harry/robotik/install/create3_republisher:/home/rss/robot_harry/robotik/install/create3_coverage:/home/rss/robot_harry/robotik/install/apriltag_ros:/home/rss/robot_harry/robotik/install/apriltag_msgs:/home/rss/robot_harry/robotik/src/install/webcam_bringup:/home/rss/robot_harry/robotik/src/install/teleop:/home/rss/robot_harry/robotik/src/install/tag_detection:/home/rss/robot_harry/robotik/src/install/robot_bringup:/home/rss/robot_harry/robotik/src/install/pub_sub:/home/rss/robot_harry/robotik/src/install/object_detection:/home/rss/robot_harry/robotik/src/install/my_robot_slam:/home/rss/robot_harry/robotik/src/install/my_robot_navigation:/home/rss/robot_harry/robotik/src/install/create3_teleop:/home/rss/robot_harry/robotik/src/install/create3_examples_py:/home/rss/robot_harry/robotik/install/webcam_bringup:/home/rss/robot_harry/robotik/install/teleop:/home/rss/robot_harry/robotik/install/tag_detection:/home/rss/robot_harry/robotik/install/robot_bringup:/home/rss/robot_harry/robotik/install/pub_sub:/home/rss/robot_harry/robotik/install/object_detection:/home/rss/robot_harry/robotik/install/my_robot_navigation:/home/rss/robot_harry/robotik/install/create3_teleop:/home/rss/robot_harry/robotik/install/create3_examples_py:/opt/ros/humble LD_LIBRARY_PATH=/home/rss/robot_harry/robotik/install/create3_examples_msgs/lib:/home/rss/robot_harry/robotik/src/install/create3_coverage/lib:/home/rss/robot_harry/robotik/src/install/create3_examples_msgs/lib:/home/rss/robot_harry/robotik/src/install/apriltag_ros/lib:/home/rss/robot_harry/robotik/src/install/apriltag_msgs/lib:/home/rss/robot_harry/robotik/install/create3_coverage/lib:/home/rss/robot_harry/robotik/install/apriltag_ros/lib:/home/rss/robot_harry/robotik/install/apriltag_msgs/lib:/opt/ros/humble/opt/rviz_ogre_vendor/lib:/opt/ros/humble/lib/x86_64-linux-gnu:/opt/ros/humble/lib /usr/bin/cmake /home/rss/robot_harry/robotik/src/create3_examples/create3_coverage -DAMENT_CMAKE_SYMLINK_INSTALL=1 -DCMAKE_INSTALL_PREFIX=/home/rss/robot_harry/robotik/install/create3_coverage
[12.776s] Level 1:colcon.colcon_core.environment:create_environment_scripts_only(apriltag_msgs)
[12.776s] Level 1:colcon.colcon_core.environment:checking '/home/rss/robot_harry/robotik/install/apriltag_msgs' for CMake module files
[12.777s] Level 1:colcon.colcon_core.environment:checking '/home/rss/robot_harry/robotik/install/apriltag_msgs' for CMake config files
[12.778s] Level 1:colcon.colcon_core.shell:create_environment_hook('apriltag_msgs', 'cmake_prefix_path')
[12.778s] INFO:colcon.colcon_core.shell:Creating environment hook '/home/rss/robot_harry/robotik/install/apriltag_msgs/share/apriltag_msgs/hook/cmake_prefix_path.ps1'
[12.779s] INFO:colcon.colcon_core.shell:Creating environment descriptor '/home/rss/robot_harry/robotik/install/apriltag_msgs/share/apriltag_msgs/hook/cmake_prefix_path.dsv'
[12.779s] INFO:colcon.colcon_core.shell:Creating environment hook '/home/rss/robot_harry/robotik/install/apriltag_msgs/share/apriltag_msgs/hook/cmake_prefix_path.sh'
[12.780s] Level 1:colcon.colcon_core.environment:checking '/home/rss/robot_harry/robotik/install/apriltag_msgs/lib'
[12.780s] Level 1:colcon.colcon_core.shell:create_environment_hook('apriltag_msgs', 'ld_library_path_lib')
[12.780s] INFO:colcon.colcon_core.shell:Creating environment hook '/home/rss/robot_harry/robotik/install/apriltag_msgs/share/apriltag_msgs/hook/ld_library_path_lib.ps1'
[12.780s] DEBUG:colcon.colcon_core.event_handler.log_command:Invoked command in '/home/rss/robot_harry/robotik/build/apriltag_msgs' returned '0': CMAKE_PREFIX_PATH=${CMAKE_PREFIX_PATH}:/home/rss/robot_harry/robotik/src/install/webcam_bringup:/home/rss/robot_harry/robotik/src/install/teleop:/home/rss/robot_harry/robotik/src/install/tag_detection:/home/rss/robot_harry/robotik/src/install/robot_bringup:/home/rss/robot_harry/robotik/src/install/pub_sub:/home/rss/robot_harry/robotik/src/install/object_detection:/home/rss/robot_harry/robotik/src/install/my_robot_slam:/home/rss/robot_harry/robotik/src/install/my_robot_navigation:/home/rss/robot_harry/robotik/src/install/create3_teleop:/home/rss/robot_harry/robotik/src/install/create3_examples_py:/home/rss/robot_harry/robotik/install/webcam_bringup:/home/rss/robot_harry/robotik/install/teleop:/home/rss/robot_harry/robotik/install/tag_detection:/home/rss/robot_harry/robotik/install/robot_bringup:/home/rss/robot_harry/robotik/install/pub_sub:/home/rss/robot_harry/robotik/install/object_detection:/home/rss/robot_harry/robotik/install/my_robot_navigation:/home/rss/robot_harry/robotik/install/create3_teleop:/home/rss/robot_harry/robotik/install/create3_examples_py:/opt/ros/humble /usr/bin/cmake --install /home/rss/robot_harry/robotik/build/apriltag_msgs
[12.781s] INFO:colcon.colcon_core.shell:Creating environment descriptor '/home/rss/robot_harry/robotik/install/apriltag_msgs/share/apriltag_msgs/hook/ld_library_path_lib.dsv'
[12.781s] INFO:colcon.colcon_core.shell:Creating environment hook '/home/rss/robot_harry/robotik/install/apriltag_msgs/share/apriltag_msgs/hook/ld_library_path_lib.sh'
[12.783s] Level 1:colcon.colcon_core.environment:checking '/home/rss/robot_harry/robotik/install/apriltag_msgs/bin'
[12.783s] Level 1:colcon.colcon_core.environment:checking '/home/rss/robot_harry/robotik/install/apriltag_msgs/lib/pkgconfig/apriltag_msgs.pc'
[12.783s] Level 1:colcon.colcon_core.environment:checking '/home/rss/robot_harry/robotik/install/apriltag_msgs/lib/python3.10/site-packages'
[12.783s] Level 1:colcon.colcon_core.environment:checking '/home/rss/robot_harry/robotik/install/apriltag_msgs/bin'
[12.784s] INFO:colcon.colcon_core.shell:Creating package script '/home/rss/robot_harry/robotik/install/apriltag_msgs/share/apriltag_msgs/package.ps1'
[12.784s] INFO:colcon.colcon_core.shell:Creating package descriptor '/home/rss/robot_harry/robotik/install/apriltag_msgs/share/apriltag_msgs/package.dsv'
[12.785s] INFO:colcon.colcon_core.shell:Creating package script '/home/rss/robot_harry/robotik/install/apriltag_msgs/share/apriltag_msgs/package.sh'
[12.785s] INFO:colcon.colcon_core.shell:Creating package script '/home/rss/robot_harry/robotik/install/apriltag_msgs/share/apriltag_msgs/package.bash'
[12.785s] INFO:colcon.colcon_core.shell:Creating package script '/home/rss/robot_harry/robotik/install/apriltag_msgs/share/apriltag_msgs/package.zsh'
[12.786s] Level 1:colcon.colcon_core.environment:create_file_with_runtime_dependencies(/home/rss/robot_harry/robotik/install/apriltag_msgs/share/colcon-core/packages/apriltag_msgs)
[12.786s] Level 1:colcon.colcon_core.environment:create_environment_scripts_only(apriltag_msgs)
[12.787s] Level 1:colcon.colcon_core.environment:checking '/home/rss/robot_harry/robotik/install/apriltag_msgs' for CMake module files
[12.787s] Level 1:colcon.colcon_core.environment:checking '/home/rss/robot_harry/robotik/install/apriltag_msgs' for CMake config files
[12.788s] Level 1:colcon.colcon_core.shell:create_environment_hook('apriltag_msgs', 'cmake_prefix_path')
[12.788s] INFO:colcon.colcon_core.shell:Creating environment hook '/home/rss/robot_harry/robotik/install/apriltag_msgs/share/apriltag_msgs/hook/cmake_prefix_path.ps1'
[12.789s] INFO:colcon.colcon_core.shell:Creating environment descriptor '/home/rss/robot_harry/robotik/install/apriltag_msgs/share/apriltag_msgs/hook/cmake_prefix_path.dsv'
[12.789s] INFO:colcon.colcon_core.shell:Creating environment hook '/home/rss/robot_harry/robotik/install/apriltag_msgs/share/apriltag_msgs/hook/cmake_prefix_path.sh'
[12.790s] Level 1:colcon.colcon_core.environment:checking '/home/rss/robot_harry/robotik/install/apriltag_msgs/lib'
[12.790s] Level 1:colcon.colcon_core.shell:create_environment_hook('apriltag_msgs', 'ld_library_path_lib')
[12.790s] INFO:colcon.colcon_core.shell:Creating environment hook '/home/rss/robot_harry/robotik/install/apriltag_msgs/share/apriltag_msgs/hook/ld_library_path_lib.ps1'
[12.791s] INFO:colcon.colcon_core.shell:Creating environment descriptor '/home/rss/robot_harry/robotik/install/apriltag_msgs/share/apriltag_msgs/hook/ld_library_path_lib.dsv'
[12.791s] INFO:colcon.colcon_core.shell:Creating environment hook '/home/rss/robot_harry/robotik/install/apriltag_msgs/share/apriltag_msgs/hook/ld_library_path_lib.sh'
[12.792s] Level 1:colcon.colcon_core.environment:checking '/home/rss/robot_harry/robotik/install/apriltag_msgs/bin'
[12.792s] Level 1:colcon.colcon_core.environment:checking '/home/rss/robot_harry/robotik/install/apriltag_msgs/lib/pkgconfig/apriltag_msgs.pc'
[12.792s] Level 1:colcon.colcon_core.environment:checking '/home/rss/robot_harry/robotik/install/apriltag_msgs/lib/python3.10/site-packages'
[12.792s] Level 1:colcon.colcon_core.environment:checking '/home/rss/robot_harry/robotik/install/apriltag_msgs/bin'
[12.792s] INFO:colcon.colcon_core.shell:Creating package script '/home/rss/robot_harry/robotik/install/apriltag_msgs/share/apriltag_msgs/package.ps1'
[12.793s] INFO:colcon.colcon_core.shell:Creating package descriptor '/home/rss/robot_harry/robotik/install/apriltag_msgs/share/apriltag_msgs/package.dsv'
[12.793s] INFO:colcon.colcon_core.shell:Creating package script '/home/rss/robot_harry/robotik/install/apriltag_msgs/share/apriltag_msgs/package.sh'
[12.793s] INFO:colcon.colcon_core.shell:Creating package script '/home/rss/robot_harry/robotik/install/apriltag_msgs/share/apriltag_msgs/package.bash'
[12.794s] INFO:colcon.colcon_core.shell:Creating package script '/home/rss/robot_harry/robotik/install/apriltag_msgs/share/apriltag_msgs/package.zsh'
[12.794s] Level 1:colcon.colcon_core.environment:create_file_with_runtime_dependencies(/home/rss/robot_harry/robotik/install/apriltag_msgs/share/colcon-core/packages/apriltag_msgs)
[12.794s] INFO:colcon.colcon_ros.task.ament_cmake.build:Building ROS package in '/home/rss/robot_harry/robotik/src/apriltag_ros' with build type 'ament_cmake'
[12.794s] INFO:colcon.colcon_cmake.task.cmake.build:Building CMake package in '/home/rss/robot_harry/robotik/src/apriltag_ros'
[12.795s] INFO:colcon.colcon_core.shell:Skip shell extension 'powershell' for command environment: Not usable outside of PowerShell
[12.795s] DEBUG:colcon.colcon_core.shell:Skip shell extension 'dsv' for command environment
[12.803s] DEBUG:colcon.colcon_core.event_handler.log_command:Invoking command in '/home/rss/robot_harry/robotik/build/apriltag_ros': CMAKE_PREFIX_PATH=/home/rss/robot_harry/robotik/install/apriltag_msgs:/home/rss/robot_harry/robotik/src/install/create3_lidar_slam:/home/rss/robot_harry/robotik/src/install/rplidar_ros:/home/rss/robot_harry/robotik/src/install/create3_republisher:/home/rss/robot_harry/robotik/src/install/create3_coverage:/home/rss/robot_harry/robotik/src/install/create3_examples_msgs:/home/rss/robot_harry/robotik/src/install/apriltag_ros:/home/rss/robot_harry/robotik/src/install/apriltag_msgs:/home/rss/robot_harry/robotik/install/create3_lidar_slam:/home/rss/robot_harry/robotik/install/rplidar_ros:/home/rss/robot_harry/robotik/install/my_robot_slam:/home/rss/robot_harry/robotik/install/create3_republisher:/home/rss/robot_harry/robotik/install/create3_coverage:/home/rss/robot_harry/robotik/install/create3_examples_msgs:/home/rss/robot_harry/robotik/install/apriltag_ros:/home/rss/robot_harry/robotik/src/install/webcam_bringup:/home/rss/robot_harry/robotik/src/install/teleop:/home/rss/robot_harry/robotik/src/install/tag_detection:/home/rss/robot_harry/robotik/src/install/robot_bringup:/home/rss/robot_harry/robotik/src/install/pub_sub:/home/rss/robot_harry/robotik/src/install/object_detection:/home/rss/robot_harry/robotik/src/install/my_robot_slam:/home/rss/robot_harry/robotik/src/install/my_robot_navigation:/home/rss/robot_harry/robotik/src/install/create3_teleop:/home/rss/robot_harry/robotik/src/install/create3_examples_py:/home/rss/robot_harry/robotik/install/webcam_bringup:/home/rss/robot_harry/robotik/install/teleop:/home/rss/robot_harry/robotik/install/tag_detection:/home/rss/robot_harry/robotik/install/robot_bringup:/home/rss/robot_harry/robotik/install/pub_sub:/home/rss/robot_harry/robotik/install/object_detection:/home/rss/robot_harry/robotik/install/my_robot_navigation:/home/rss/robot_harry/robotik/install/create3_teleop:/home/rss/robot_harry/robotik/install/create3_examples_py:/opt/ros/humble LD_LIBRARY_PATH=/home/rss/robot_harry/robotik/install/apriltag_msgs/lib:/home/rss/robot_harry/robotik/src/install/create3_coverage/lib:/home/rss/robot_harry/robotik/src/install/create3_examples_msgs/lib:/home/rss/robot_harry/robotik/src/install/apriltag_ros/lib:/home/rss/robot_harry/robotik/src/install/apriltag_msgs/lib:/home/rss/robot_harry/robotik/install/create3_coverage/lib:/home/rss/robot_harry/robotik/install/create3_examples_msgs/lib:/home/rss/robot_harry/robotik/install/apriltag_ros/lib:/opt/ros/humble/opt/rviz_ogre_vendor/lib:/opt/ros/humble/lib/x86_64-linux-gnu:/opt/ros/humble/lib /usr/bin/cmake /home/rss/robot_harry/robotik/src/apriltag_ros -DAMENT_CMAKE_SYMLINK_INSTALL=1 -DCMAKE_INSTALL_PREFIX=/home/rss/robot_harry/robotik/install/apriltag_ros
[13.942s] DEBUG:colcon.colcon_core.event_handler.log_command:Invoked command in '/home/rss/robot_harry/robotik/build/create3_coverage' returned '0': CMAKE_PREFIX_PATH=/home/rss/robot_harry/robotik/install/create3_examples_msgs:/home/rss/robot_harry/robotik/src/install/create3_lidar_slam:/home/rss/robot_harry/robotik/src/install/rplidar_ros:/home/rss/robot_harry/robotik/src/install/create3_republisher:/home/rss/robot_harry/robotik/src/install/create3_coverage:/home/rss/robot_harry/robotik/src/install/create3_examples_msgs:/home/rss/robot_harry/robotik/src/install/apriltag_ros:/home/rss/robot_harry/robotik/src/install/apriltag_msgs:/home/rss/robot_harry/robotik/install/create3_lidar_slam:/home/rss/robot_harry/robotik/install/rplidar_ros:/home/rss/robot_harry/robotik/install/my_robot_slam:/home/rss/robot_harry/robotik/install/create3_republisher:/home/rss/robot_harry/robotik/install/create3_coverage:/home/rss/robot_harry/robotik/install/apriltag_ros:/home/rss/robot_harry/robotik/install/apriltag_msgs:/home/rss/robot_harry/robotik/src/install/webcam_bringup:/home/rss/robot_harry/robotik/src/install/teleop:/home/rss/robot_harry/robotik/src/install/tag_detection:/home/rss/robot_harry/robotik/src/install/robot_bringup:/home/rss/robot_harry/robotik/src/install/pub_sub:/home/rss/robot_harry/robotik/src/install/object_detection:/home/rss/robot_harry/robotik/src/install/my_robot_slam:/home/rss/robot_harry/robotik/src/install/my_robot_navigation:/home/rss/robot_harry/robotik/src/install/create3_teleop:/home/rss/robot_harry/robotik/src/install/create3_examples_py:/home/rss/robot_harry/robotik/install/webcam_bringup:/home/rss/robot_harry/robotik/install/teleop:/home/rss/robot_harry/robotik/install/tag_detection:/home/rss/robot_harry/robotik/install/robot_bringup:/home/rss/robot_harry/robotik/install/pub_sub:/home/rss/robot_harry/robotik/install/object_detection:/home/rss/robot_harry/robotik/install/my_robot_navigation:/home/rss/robot_harry/robotik/install/create3_teleop:/home/rss/robot_harry/robotik/install/create3_examples_py:/opt/ros/humble LD_LIBRARY_PATH=/home/rss/robot_harry/robotik/install/create3_examples_msgs/lib:/home/rss/robot_harry/robotik/src/install/create3_coverage/lib:/home/rss/robot_harry/robotik/src/install/create3_examples_msgs/lib:/home/rss/robot_harry/robotik/src/install/apriltag_ros/lib:/home/rss/robot_harry/robotik/src/install/apriltag_msgs/lib:/home/rss/robot_harry/robotik/install/create3_coverage/lib:/home/rss/robot_harry/robotik/install/apriltag_ros/lib:/home/rss/robot_harry/robotik/install/apriltag_msgs/lib:/opt/ros/humble/opt/rviz_ogre_vendor/lib:/opt/ros/humble/lib/x86_64-linux-gnu:/opt/ros/humble/lib /usr/bin/cmake /home/rss/robot_harry/robotik/src/create3_examples/create3_coverage -DAMENT_CMAKE_SYMLINK_INSTALL=1 -DCMAKE_INSTALL_PREFIX=/home/rss/robot_harry/robotik/install/create3_coverage
[13.944s] DEBUG:colcon.colcon_core.event_handler.log_command:Invoking command in '/home/rss/robot_harry/robotik/build/create3_coverage': CMAKE_PREFIX_PATH=/home/rss/robot_harry/robotik/install/create3_examples_msgs:/home/rss/robot_harry/robotik/src/install/create3_lidar_slam:/home/rss/robot_harry/robotik/src/install/rplidar_ros:/home/rss/robot_harry/robotik/src/install/create3_republisher:/home/rss/robot_harry/robotik/src/install/create3_coverage:/home/rss/robot_harry/robotik/src/install/create3_examples_msgs:/home/rss/robot_harry/robotik/src/install/apriltag_ros:/home/rss/robot_harry/robotik/src/install/apriltag_msgs:/home/rss/robot_harry/robotik/install/create3_lidar_slam:/home/rss/robot_harry/robotik/install/rplidar_ros:/home/rss/robot_harry/robotik/install/my_robot_slam:/home/rss/robot_harry/robotik/install/create3_republisher:/home/rss/robot_harry/robotik/install/create3_coverage:/home/rss/robot_harry/robotik/install/apriltag_ros:/home/rss/robot_harry/robotik/install/apriltag_msgs:/home/rss/robot_harry/robotik/src/install/webcam_bringup:/home/rss/robot_harry/robotik/src/install/teleop:/home/rss/robot_harry/robotik/src/install/tag_detection:/home/rss/robot_harry/robotik/src/install/robot_bringup:/home/rss/robot_harry/robotik/src/install/pub_sub:/home/rss/robot_harry/robotik/src/install/object_detection:/home/rss/robot_harry/robotik/src/install/my_robot_slam:/home/rss/robot_harry/robotik/src/install/my_robot_navigation:/home/rss/robot_harry/robotik/src/install/create3_teleop:/home/rss/robot_harry/robotik/src/install/create3_examples_py:/home/rss/robot_harry/robotik/install/webcam_bringup:/home/rss/robot_harry/robotik/install/teleop:/home/rss/robot_harry/robotik/install/tag_detection:/home/rss/robot_harry/robotik/install/robot_bringup:/home/rss/robot_harry/robotik/install/pub_sub:/home/rss/robot_harry/robotik/install/object_detection:/home/rss/robot_harry/robotik/install/my_robot_navigation:/home/rss/robot_harry/robotik/install/create3_teleop:/home/rss/robot_harry/robotik/install/create3_examples_py:/opt/ros/humble LD_LIBRARY_PATH=/home/rss/robot_harry/robotik/install/create3_examples_msgs/lib:/home/rss/robot_harry/robotik/src/install/create3_coverage/lib:/home/rss/robot_harry/robotik/src/install/create3_examples_msgs/lib:/home/rss/robot_harry/robotik/src/install/apriltag_ros/lib:/home/rss/robot_harry/robotik/src/install/apriltag_msgs/lib:/home/rss/robot_harry/robotik/install/create3_coverage/lib:/home/rss/robot_harry/robotik/install/apriltag_ros/lib:/home/rss/robot_harry/robotik/install/apriltag_msgs/lib:/opt/ros/humble/opt/rviz_ogre_vendor/lib:/opt/ros/humble/lib/x86_64-linux-gnu:/opt/ros/humble/lib /usr/bin/cmake --build /home/rss/robot_harry/robotik/build/create3_coverage -- -j8 -l8
[14.272s] DEBUG:colcon.colcon_core.event_handler.log_command:Invoked command in '/home/rss/robot_harry/robotik/build/apriltag_ros' returned '0': CMAKE_PREFIX_PATH=/home/rss/robot_harry/robotik/install/apriltag_msgs:/home/rss/robot_harry/robotik/src/install/create3_lidar_slam:/home/rss/robot_harry/robotik/src/install/rplidar_ros:/home/rss/robot_harry/robotik/src/install/create3_republisher:/home/rss/robot_harry/robotik/src/install/create3_coverage:/home/rss/robot_harry/robotik/src/install/create3_examples_msgs:/home/rss/robot_harry/robotik/src/install/apriltag_ros:/home/rss/robot_harry/robotik/src/install/apriltag_msgs:/home/rss/robot_harry/robotik/install/create3_lidar_slam:/home/rss/robot_harry/robotik/install/rplidar_ros:/home/rss/robot_harry/robotik/install/my_robot_slam:/home/rss/robot_harry/robotik/install/create3_republisher:/home/rss/robot_harry/robotik/install/create3_coverage:/home/rss/robot_harry/robotik/install/create3_examples_msgs:/home/rss/robot_harry/robotik/install/apriltag_ros:/home/rss/robot_harry/robotik/src/install/webcam_bringup:/home/rss/robot_harry/robotik/src/install/teleop:/home/rss/robot_harry/robotik/src/install/tag_detection:/home/rss/robot_harry/robotik/src/install/robot_bringup:/home/rss/robot_harry/robotik/src/install/pub_sub:/home/rss/robot_harry/robotik/src/install/object_detection:/home/rss/robot_harry/robotik/src/install/my_robot_slam:/home/rss/robot_harry/robotik/src/install/my_robot_navigation:/home/rss/robot_harry/robotik/src/install/create3_teleop:/home/rss/robot_harry/robotik/src/install/create3_examples_py:/home/rss/robot_harry/robotik/install/webcam_bringup:/home/rss/robot_harry/robotik/install/teleop:/home/rss/robot_harry/robotik/install/tag_detection:/home/rss/robot_harry/robotik/install/robot_bringup:/home/rss/robot_harry/robotik/install/pub_sub:/home/rss/robot_harry/robotik/install/object_detection:/home/rss/robot_harry/robotik/install/my_robot_navigation:/home/rss/robot_harry/robotik/install/create3_teleop:/home/rss/robot_harry/robotik/install/create3_examples_py:/opt/ros/humble LD_LIBRARY_PATH=/home/rss/robot_harry/robotik/install/apriltag_msgs/lib:/home/rss/robot_harry/robotik/src/install/create3_coverage/lib:/home/rss/robot_harry/robotik/src/install/create3_examples_msgs/lib:/home/rss/robot_harry/robotik/src/install/apriltag_ros/lib:/home/rss/robot_harry/robotik/src/install/apriltag_msgs/lib:/home/rss/robot_harry/robotik/install/create3_coverage/lib:/home/rss/robot_harry/robotik/install/create3_examples_msgs/lib:/home/rss/robot_harry/robotik/install/apriltag_ros/lib:/opt/ros/humble/opt/rviz_ogre_vendor/lib:/opt/ros/humble/lib/x86_64-linux-gnu:/opt/ros/humble/lib /usr/bin/cmake /home/rss/robot_harry/robotik/src/apriltag_ros -DAMENT_CMAKE_SYMLINK_INSTALL=1 -DCMAKE_INSTALL_PREFIX=/home/rss/robot_harry/robotik/install/apriltag_ros
[14.282s] DEBUG:colcon.colcon_core.event_handler.log_command:Invoking command in '/home/rss/robot_harry/robotik/build/apriltag_ros': CMAKE_PREFIX_PATH=/home/rss/robot_harry/robotik/install/apriltag_msgs:/home/rss/robot_harry/robotik/src/install/create3_lidar_slam:/home/rss/robot_harry/robotik/src/install/rplidar_ros:/home/rss/robot_harry/robotik/src/install/create3_republisher:/home/rss/robot_harry/robotik/src/install/create3_coverage:/home/rss/robot_harry/robotik/src/install/create3_examples_msgs:/home/rss/robot_harry/robotik/src/install/apriltag_ros:/home/rss/robot_harry/robotik/src/install/apriltag_msgs:/home/rss/robot_harry/robotik/install/create3_lidar_slam:/home/rss/robot_harry/robotik/install/rplidar_ros:/home/rss/robot_harry/robotik/install/my_robot_slam:/home/rss/robot_harry/robotik/install/create3_republisher:/home/rss/robot_harry/robotik/install/create3_coverage:/home/rss/robot_harry/robotik/install/create3_examples_msgs:/home/rss/robot_harry/robotik/install/apriltag_ros:/home/rss/robot_harry/robotik/src/install/webcam_bringup:/home/rss/robot_harry/robotik/src/install/teleop:/home/rss/robot_harry/robotik/src/install/tag_detection:/home/rss/robot_harry/robotik/src/install/robot_bringup:/home/rss/robot_harry/robotik/src/install/pub_sub:/home/rss/robot_harry/robotik/src/install/object_detection:/home/rss/robot_harry/robotik/src/install/my_robot_slam:/home/rss/robot_harry/robotik/src/install/my_robot_navigation:/home/rss/robot_harry/robotik/src/install/create3_teleop:/home/rss/robot_harry/robotik/src/install/create3_examples_py:/home/rss/robot_harry/robotik/install/webcam_bringup:/home/rss/robot_harry/robotik/install/teleop:/home/rss/robot_harry/robotik/install/tag_detection:/home/rss/robot_harry/robotik/install/robot_bringup:/home/rss/robot_harry/robotik/install/pub_sub:/home/rss/robot_harry/robotik/install/object_detection:/home/rss/robot_harry/robotik/install/my_robot_navigation:/home/rss/robot_harry/robotik/install/create3_teleop:/home/rss/robot_harry/robotik/install/create3_examples_py:/opt/ros/humble LD_LIBRARY_PATH=/home/rss/robot_harry/robotik/install/apriltag_msgs/lib:/home/rss/robot_harry/robotik/src/install/create3_coverage/lib:/home/rss/robot_harry/robotik/src/install/create3_examples_msgs/lib:/home/rss/robot_harry/robotik/src/install/apriltag_ros/lib:/home/rss/robot_harry/robotik/src/install/apriltag_msgs/lib:/home/rss/robot_harry/robotik/install/create3_coverage/lib:/home/rss/robot_harry/robotik/install/create3_examples_msgs/lib:/home/rss/robot_harry/robotik/install/apriltag_ros/lib:/opt/ros/humble/opt/rviz_ogre_vendor/lib:/opt/ros/humble/lib/x86_64-linux-gnu:/opt/ros/humble/lib /usr/bin/cmake --build /home/rss/robot_harry/robotik/build/apriltag_ros -- -j8 -l8
[18.089s] DEBUG:colcon.colcon_core.event_handler.log_command:Invoked command in '/home/rss/robot_harry/robotik/build/rplidar_ros' returned '0': CMAKE_PREFIX_PATH=${CMAKE_PREFIX_PATH}:/home/rss/robot_harry/robotik/src/install/webcam_bringup:/home/rss/robot_harry/robotik/src/install/teleop:/home/rss/robot_harry/robotik/src/install/tag_detection:/home/rss/robot_harry/robotik/src/install/robot_bringup:/home/rss/robot_harry/robotik/src/install/pub_sub:/home/rss/robot_harry/robotik/src/install/object_detection:/home/rss/robot_harry/robotik/src/install/my_robot_slam:/home/rss/robot_harry/robotik/src/install/my_robot_navigation:/home/rss/robot_harry/robotik/src/install/create3_teleop:/home/rss/robot_harry/robotik/src/install/create3_examples_py:/home/rss/robot_harry/robotik/install/webcam_bringup:/home/rss/robot_harry/robotik/install/teleop:/home/rss/robot_harry/robotik/install/tag_detection:/home/rss/robot_harry/robotik/install/robot_bringup:/home/rss/robot_harry/robotik/install/pub_sub:/home/rss/robot_harry/robotik/install/object_detection:/home/rss/robot_harry/robotik/install/my_robot_navigation:/home/rss/robot_harry/robotik/install/create3_teleop:/home/rss/robot_harry/robotik/install/create3_examples_py:/opt/ros/humble /usr/bin/cmake --build /home/rss/robot_harry/robotik/build/rplidar_ros -- -j8 -l8
[18.089s] DEBUG:colcon.colcon_core.event_handler.log_command:Invoking command in '/home/rss/robot_harry/robotik/build/rplidar_ros': CMAKE_PREFIX_PATH=${CMAKE_PREFIX_PATH}:/home/rss/robot_harry/robotik/src/install/webcam_bringup:/home/rss/robot_harry/robotik/src/install/teleop:/home/rss/robot_harry/robotik/src/install/tag_detection:/home/rss/robot_harry/robotik/src/install/robot_bringup:/home/rss/robot_harry/robotik/src/install/pub_sub:/home/rss/robot_harry/robotik/src/install/object_detection:/home/rss/robot_harry/robotik/src/install/my_robot_slam:/home/rss/robot_harry/robotik/src/install/my_robot_navigation:/home/rss/robot_harry/robotik/src/install/create3_teleop:/home/rss/robot_harry/robotik/src/install/create3_examples_py:/home/rss/robot_harry/robotik/install/webcam_bringup:/home/rss/robot_harry/robotik/install/teleop:/home/rss/robot_harry/robotik/install/tag_detection:/home/rss/robot_harry/robotik/install/robot_bringup:/home/rss/robot_harry/robotik/install/pub_sub:/home/rss/robot_harry/robotik/install/object_detection:/home/rss/robot_harry/robotik/install/my_robot_navigation:/home/rss/robot_harry/robotik/install/create3_teleop:/home/rss/robot_harry/robotik/install/create3_examples_py:/opt/ros/humble /usr/bin/cmake --install /home/rss/robot_harry/robotik/build/rplidar_ros
[18.709s] Level 1:colcon.colcon_core.environment:create_environment_scripts_only(rplidar_ros)
[18.709s] Level 1:colcon.colcon_core.environment:checking '/home/rss/robot_harry/robotik/install/rplidar_ros' for CMake module files
[18.710s] Level 1:colcon.colcon_core.environment:checking '/home/rss/robot_harry/robotik/install/rplidar_ros' for CMake config files
[18.710s] Level 1:colcon.colcon_core.shell:create_environment_hook('rplidar_ros', 'cmake_prefix_path')
[18.710s] INFO:colcon.colcon_core.shell:Creating environment hook '/home/rss/robot_harry/robotik/install/rplidar_ros/share/rplidar_ros/hook/cmake_prefix_path.ps1'
[18.711s] INFO:colcon.colcon_core.shell:Creating environment descriptor '/home/rss/robot_harry/robotik/install/rplidar_ros/share/rplidar_ros/hook/cmake_prefix_path.dsv'
[18.711s] INFO:colcon.colcon_core.shell:Creating environment hook '/home/rss/robot_harry/robotik/install/rplidar_ros/share/rplidar_ros/hook/cmake_prefix_path.sh'
[18.712s] Level 1:colcon.colcon_core.environment:checking '/home/rss/robot_harry/robotik/install/rplidar_ros/lib'
[18.712s] Level 1:colcon.colcon_core.environment:checking '/home/rss/robot_harry/robotik/install/rplidar_ros/bin'
[18.712s] Level 1:colcon.colcon_core.environment:checking '/home/rss/robot_harry/robotik/install/rplidar_ros/lib/pkgconfig/rplidar_ros.pc'
[18.712s] Level 1:colcon.colcon_core.environment:checking '/home/rss/robot_harry/robotik/install/rplidar_ros/lib/python3.10/site-packages'
[18.713s] DEBUG:colcon.colcon_core.event_handler.log_command:Invoked command in '/home/rss/robot_harry/robotik/build/rplidar_ros' returned '0': CMAKE_PREFIX_PATH=${CMAKE_PREFIX_PATH}:/home/rss/robot_harry/robotik/src/install/webcam_bringup:/home/rss/robot_harry/robotik/src/install/teleop:/home/rss/robot_harry/robotik/src/install/tag_detection:/home/rss/robot_harry/robotik/src/install/robot_bringup:/home/rss/robot_harry/robotik/src/install/pub_sub:/home/rss/robot_harry/robotik/src/install/object_detection:/home/rss/robot_harry/robotik/src/install/my_robot_slam:/home/rss/robot_harry/robotik/src/install/my_robot_navigation:/home/rss/robot_harry/robotik/src/install/create3_teleop:/home/rss/robot_harry/robotik/src/install/create3_examples_py:/home/rss/robot_harry/robotik/install/webcam_bringup:/home/rss/robot_harry/robotik/install/teleop:/home/rss/robot_harry/robotik/install/tag_detection:/home/rss/robot_harry/robotik/install/robot_bringup:/home/rss/robot_harry/robotik/install/pub_sub:/home/rss/robot_harry/robotik/install/object_detection:/home/rss/robot_harry/robotik/install/my_robot_navigation:/home/rss/robot_harry/robotik/install/create3_teleop:/home/rss/robot_harry/robotik/install/create3_examples_py:/opt/ros/humble /usr/bin/cmake --install /home/rss/robot_harry/robotik/build/rplidar_ros
[18.713s] Level 1:colcon.colcon_core.environment:checking '/home/rss/robot_harry/robotik/install/rplidar_ros/bin'
[18.714s] INFO:colcon.colcon_core.shell:Creating package script '/home/rss/robot_harry/robotik/install/rplidar_ros/share/rplidar_ros/package.ps1'
[18.714s] INFO:colcon.colcon_core.shell:Creating package descriptor '/home/rss/robot_harry/robotik/install/rplidar_ros/share/rplidar_ros/package.dsv'
[18.715s] INFO:colcon.colcon_core.shell:Creating package script '/home/rss/robot_harry/robotik/install/rplidar_ros/share/rplidar_ros/package.sh'
[18.715s] INFO:colcon.colcon_core.shell:Creating package script '/home/rss/robot_harry/robotik/install/rplidar_ros/share/rplidar_ros/package.bash'
[18.715s] INFO:colcon.colcon_core.shell:Creating package script '/home/rss/robot_harry/robotik/install/rplidar_ros/share/rplidar_ros/package.zsh'
[18.716s] Level 1:colcon.colcon_core.environment:create_file_with_runtime_dependencies(/home/rss/robot_harry/robotik/install/rplidar_ros/share/colcon-core/packages/rplidar_ros)
[18.716s] Level 1:colcon.colcon_core.environment:create_environment_scripts_only(rplidar_ros)
[18.717s] Level 1:colcon.colcon_core.environment:checking '/home/rss/robot_harry/robotik/install/rplidar_ros' for CMake module files
[18.717s] Level 1:colcon.colcon_core.environment:checking '/home/rss/robot_harry/robotik/install/rplidar_ros' for CMake config files
[18.717s] Level 1:colcon.colcon_core.shell:create_environment_hook('rplidar_ros', 'cmake_prefix_path')
[18.718s] INFO:colcon.colcon_core.shell:Creating environment hook '/home/rss/robot_harry/robotik/install/rplidar_ros/share/rplidar_ros/hook/cmake_prefix_path.ps1'
[18.718s] INFO:colcon.colcon_core.shell:Creating environment descriptor '/home/rss/robot_harry/robotik/install/rplidar_ros/share/rplidar_ros/hook/cmake_prefix_path.dsv'
[18.718s] INFO:colcon.colcon_core.shell:Creating environment hook '/home/rss/robot_harry/robotik/install/rplidar_ros/share/rplidar_ros/hook/cmake_prefix_path.sh'
[18.719s] Level 1:colcon.colcon_core.environment:checking '/home/rss/robot_harry/robotik/install/rplidar_ros/lib'
[18.719s] Level 1:colcon.colcon_core.environment:checking '/home/rss/robot_harry/robotik/install/rplidar_ros/bin'
[18.719s] Level 1:colcon.colcon_core.environment:checking '/home/rss/robot_harry/robotik/install/rplidar_ros/lib/pkgconfig/rplidar_ros.pc'
[18.719s] Level 1:colcon.colcon_core.environment:checking '/home/rss/robot_harry/robotik/install/rplidar_ros/lib/python3.10/site-packages'
[18.720s] Level 1:colcon.colcon_core.environment:checking '/home/rss/robot_harry/robotik/install/rplidar_ros/bin'
[18.720s] INFO:colcon.colcon_core.shell:Creating package script '/home/rss/robot_harry/robotik/install/rplidar_ros/share/rplidar_ros/package.ps1'
[18.721s] INFO:colcon.colcon_core.shell:Creating package descriptor '/home/rss/robot_harry/robotik/install/rplidar_ros/share/rplidar_ros/package.dsv'
[18.721s] INFO:colcon.colcon_core.shell:Creating package script '/home/rss/robot_harry/robotik/install/rplidar_ros/share/rplidar_ros/package.sh'
[18.721s] INFO:colcon.colcon_core.shell:Creating package script '/home/rss/robot_harry/robotik/install/rplidar_ros/share/rplidar_ros/package.bash'
[18.722s] INFO:colcon.colcon_core.shell:Creating package script '/home/rss/robot_harry/robotik/install/rplidar_ros/share/rplidar_ros/package.zsh'
[18.722s] Level 1:colcon.colcon_core.environment:create_file_with_runtime_dependencies(/home/rss/robot_harry/robotik/install/rplidar_ros/share/colcon-core/packages/rplidar_ros)
[18.724s] INFO:colcon.colcon_ros.task.ament_cmake.build:Building ROS package in '/home/rss/robot_harry/robotik/src/create3_examples/create3_lidar_slam' with build type 'ament_cmake'
[18.724s] INFO:colcon.colcon_cmake.task.cmake.build:Building CMake package in '/home/rss/robot_harry/robotik/src/create3_examples/create3_lidar_slam'
[18.724s] INFO:colcon.colcon_core.shell:Skip shell extension 'powershell' for command environment: Not usable outside of PowerShell
[18.724s] DEBUG:colcon.colcon_core.shell:Skip shell extension 'dsv' for command environment
[18.752s] DEBUG:colcon.colcon_core.event_handler.log_command:Invoking command in '/home/rss/robot_harry/robotik/build/create3_lidar_slam': CMAKE_PREFIX_PATH=/home/rss/robot_harry/robotik/install/rplidar_ros:/home/rss/robot_harry/robotik/src/install/create3_lidar_slam:/home/rss/robot_harry/robotik/src/install/rplidar_ros:/home/rss/robot_harry/robotik/src/install/create3_republisher:/home/rss/robot_harry/robotik/src/install/create3_coverage:/home/rss/robot_harry/robotik/src/install/create3_examples_msgs:/home/rss/robot_harry/robotik/src/install/apriltag_ros:/home/rss/robot_harry/robotik/src/install/apriltag_msgs:/home/rss/robot_harry/robotik/install/create3_lidar_slam:/home/rss/robot_harry/robotik/install/my_robot_slam:/home/rss/robot_harry/robotik/install/create3_republisher:/home/rss/robot_harry/robotik/install/create3_coverage:/home/rss/robot_harry/robotik/install/create3_examples_msgs:/home/rss/robot_harry/robotik/install/apriltag_ros:/home/rss/robot_harry/robotik/install/apriltag_msgs:/home/rss/robot_harry/robotik/src/install/webcam_bringup:/home/rss/robot_harry/robotik/src/install/teleop:/home/rss/robot_harry/robotik/src/install/tag_detection:/home/rss/robot_harry/robotik/src/install/robot_bringup:/home/rss/robot_harry/robotik/src/install/pub_sub:/home/rss/robot_harry/robotik/src/install/object_detection:/home/rss/robot_harry/robotik/src/install/my_robot_slam:/home/rss/robot_harry/robotik/src/install/my_robot_navigation:/home/rss/robot_harry/robotik/src/install/create3_teleop:/home/rss/robot_harry/robotik/src/install/create3_examples_py:/home/rss/robot_harry/robotik/install/webcam_bringup:/home/rss/robot_harry/robotik/install/teleop:/home/rss/robot_harry/robotik/install/tag_detection:/home/rss/robot_harry/robotik/install/robot_bringup:/home/rss/robot_harry/robotik/install/pub_sub:/home/rss/robot_harry/robotik/install/object_detection:/home/rss/robot_harry/robotik/install/my_robot_navigation:/home/rss/robot_harry/robotik/install/create3_teleop:/home/rss/robot_harry/robotik/install/create3_examples_py:/opt/ros/humble /usr/bin/cmake /home/rss/robot_harry/robotik/src/create3_examples/create3_lidar_slam -DAMENT_CMAKE_SYMLINK_INSTALL=1 -DCMAKE_INSTALL_PREFIX=/home/rss/robot_harry/robotik/install/create3_lidar_slam
[19.964s] DEBUG:colcon.colcon_core.event_handler.log_command:Invoked command in '/home/rss/robot_harry/robotik/build/create3_lidar_slam' returned '0': CMAKE_PREFIX_PATH=/home/rss/robot_harry/robotik/install/rplidar_ros:/home/rss/robot_harry/robotik/src/install/create3_lidar_slam:/home/rss/robot_harry/robotik/src/install/rplidar_ros:/home/rss/robot_harry/robotik/src/install/create3_republisher:/home/rss/robot_harry/robotik/src/install/create3_coverage:/home/rss/robot_harry/robotik/src/install/create3_examples_msgs:/home/rss/robot_harry/robotik/src/install/apriltag_ros:/home/rss/robot_harry/robotik/src/install/apriltag_msgs:/home/rss/robot_harry/robotik/install/create3_lidar_slam:/home/rss/robot_harry/robotik/install/my_robot_slam:/home/rss/robot_harry/robotik/install/create3_republisher:/home/rss/robot_harry/robotik/install/create3_coverage:/home/rss/robot_harry/robotik/install/create3_examples_msgs:/home/rss/robot_harry/robotik/install/apriltag_ros:/home/rss/robot_harry/robotik/install/apriltag_msgs:/home/rss/robot_harry/robotik/src/install/webcam_bringup:/home/rss/robot_harry/robotik/src/install/teleop:/home/rss/robot_harry/robotik/src/install/tag_detection:/home/rss/robot_harry/robotik/src/install/robot_bringup:/home/rss/robot_harry/robotik/src/install/pub_sub:/home/rss/robot_harry/robotik/src/install/object_detection:/home/rss/robot_harry/robotik/src/install/my_robot_slam:/home/rss/robot_harry/robotik/src/install/my_robot_navigation:/home/rss/robot_harry/robotik/src/install/create3_teleop:/home/rss/robot_harry/robotik/src/install/create3_examples_py:/home/rss/robot_harry/robotik/install/webcam_bringup:/home/rss/robot_harry/robotik/install/teleop:/home/rss/robot_harry/robotik/install/tag_detection:/home/rss/robot_harry/robotik/install/robot_bringup:/home/rss/robot_harry/robotik/install/pub_sub:/home/rss/robot_harry/robotik/install/object_detection:/home/rss/robot_harry/robotik/install/my_robot_navigation:/home/rss/robot_harry/robotik/install/create3_teleop:/home/rss/robot_harry/robotik/install/create3_examples_py:/opt/ros/humble /usr/bin/cmake /home/rss/robot_harry/robotik/src/create3_examples/create3_lidar_slam -DAMENT_CMAKE_SYMLINK_INSTALL=1 -DCMAKE_INSTALL_PREFIX=/home/rss/robot_harry/robotik/install/create3_lidar_slam
[19.965s] DEBUG:colcon.colcon_core.event_handler.log_command:Invoking command in '/home/rss/robot_harry/robotik/build/create3_lidar_slam': CMAKE_PREFIX_PATH=/home/rss/robot_harry/robotik/install/rplidar_ros:/home/rss/robot_harry/robotik/src/install/create3_lidar_slam:/home/rss/robot_harry/robotik/src/install/rplidar_ros:/home/rss/robot_harry/robotik/src/install/create3_republisher:/home/rss/robot_harry/robotik/src/install/create3_coverage:/home/rss/robot_harry/robotik/src/install/create3_examples_msgs:/home/rss/robot_harry/robotik/src/install/apriltag_ros:/home/rss/robot_harry/robotik/src/install/apriltag_msgs:/home/rss/robot_harry/robotik/install/create3_lidar_slam:/home/rss/robot_harry/robotik/install/my_robot_slam:/home/rss/robot_harry/robotik/install/create3_republisher:/home/rss/robot_harry/robotik/install/create3_coverage:/home/rss/robot_harry/robotik/install/create3_examples_msgs:/home/rss/robot_harry/robotik/install/apriltag_ros:/home/rss/robot_harry/robotik/install/apriltag_msgs:/home/rss/robot_harry/robotik/src/install/webcam_bringup:/home/rss/robot_harry/robotik/src/install/teleop:/home/rss/robot_harry/robotik/src/install/tag_detection:/home/rss/robot_harry/robotik/src/install/robot_bringup:/home/rss/robot_harry/robotik/src/install/pub_sub:/home/rss/robot_harry/robotik/src/install/object_detection:/home/rss/robot_harry/robotik/src/install/my_robot_slam:/home/rss/robot_harry/robotik/src/install/my_robot_navigation:/home/rss/robot_harry/robotik/src/install/create3_teleop:/home/rss/robot_harry/robotik/src/install/create3_examples_py:/home/rss/robot_harry/robotik/install/webcam_bringup:/home/rss/robot_harry/robotik/install/teleop:/home/rss/robot_harry/robotik/install/tag_detection:/home/rss/robot_harry/robotik/install/robot_bringup:/home/rss/robot_harry/robotik/install/pub_sub:/home/rss/robot_harry/robotik/install/object_detection:/home/rss/robot_harry/robotik/install/my_robot_navigation:/home/rss/robot_harry/robotik/install/create3_teleop:/home/rss/robot_harry/robotik/install/create3_examples_py:/opt/ros/humble /usr/bin/cmake --build /home/rss/robot_harry/robotik/build/create3_lidar_slam -- -j8 -l8
[20.003s] DEBUG:colcon.colcon_core.event_handler.log_command:Invoked command in '/home/rss/robot_harry/robotik/build/create3_lidar_slam' returned '0': CMAKE_PREFIX_PATH=/home/rss/robot_harry/robotik/install/rplidar_ros:/home/rss/robot_harry/robotik/src/install/create3_lidar_slam:/home/rss/robot_harry/robotik/src/install/rplidar_ros:/home/rss/robot_harry/robotik/src/install/create3_republisher:/home/rss/robot_harry/robotik/src/install/create3_coverage:/home/rss/robot_harry/robotik/src/install/create3_examples_msgs:/home/rss/robot_harry/robotik/src/install/apriltag_ros:/home/rss/robot_harry/robotik/src/install/apriltag_msgs:/home/rss/robot_harry/robotik/install/create3_lidar_slam:/home/rss/robot_harry/robotik/install/my_robot_slam:/home/rss/robot_harry/robotik/install/create3_republisher:/home/rss/robot_harry/robotik/install/create3_coverage:/home/rss/robot_harry/robotik/install/create3_examples_msgs:/home/rss/robot_harry/robotik/install/apriltag_ros:/home/rss/robot_harry/robotik/install/apriltag_msgs:/home/rss/robot_harry/robotik/src/install/webcam_bringup:/home/rss/robot_harry/robotik/src/install/teleop:/home/rss/robot_harry/robotik/src/install/tag_detection:/home/rss/robot_harry/robotik/src/install/robot_bringup:/home/rss/robot_harry/robotik/src/install/pub_sub:/home/rss/robot_harry/robotik/src/install/object_detection:/home/rss/robot_harry/robotik/src/install/my_robot_slam:/home/rss/robot_harry/robotik/src/install/my_robot_navigation:/home/rss/robot_harry/robotik/src/install/create3_teleop:/home/rss/robot_harry/robotik/src/install/create3_examples_py:/home/rss/robot_harry/robotik/install/webcam_bringup:/home/rss/robot_harry/robotik/install/teleop:/home/rss/robot_harry/robotik/install/tag_detection:/home/rss/robot_harry/robotik/install/robot_bringup:/home/rss/robot_harry/robotik/install/pub_sub:/home/rss/robot_harry/robotik/install/object_detection:/home/rss/robot_harry/robotik/install/my_robot_navigation:/home/rss/robot_harry/robotik/install/create3_teleop:/home/rss/robot_harry/robotik/install/create3_examples_py:/opt/ros/humble /usr/bin/cmake --build /home/rss/robot_harry/robotik/build/create3_lidar_slam -- -j8 -l8
[20.005s] DEBUG:colcon.colcon_core.event_handler.log_command:Invoking command in '/home/rss/robot_harry/robotik/build/create3_lidar_slam': CMAKE_PREFIX_PATH=/home/rss/robot_harry/robotik/install/rplidar_ros:/home/rss/robot_harry/robotik/src/install/create3_lidar_slam:/home/rss/robot_harry/robotik/src/install/rplidar_ros:/home/rss/robot_harry/robotik/src/install/create3_republisher:/home/rss/robot_harry/robotik/src/install/create3_coverage:/home/rss/robot_harry/robotik/src/install/create3_examples_msgs:/home/rss/robot_harry/robotik/src/install/apriltag_ros:/home/rss/robot_harry/robotik/src/install/apriltag_msgs:/home/rss/robot_harry/robotik/install/create3_lidar_slam:/home/rss/robot_harry/robotik/install/my_robot_slam:/home/rss/robot_harry/robotik/install/create3_republisher:/home/rss/robot_harry/robotik/install/create3_coverage:/home/rss/robot_harry/robotik/install/create3_examples_msgs:/home/rss/robot_harry/robotik/install/apriltag_ros:/home/rss/robot_harry/robotik/install/apriltag_msgs:/home/rss/robot_harry/robotik/src/install/webcam_bringup:/home/rss/robot_harry/robotik/src/install/teleop:/home/rss/robot_harry/robotik/src/install/tag_detection:/home/rss/robot_harry/robotik/src/install/robot_bringup:/home/rss/robot_harry/robotik/src/install/pub_sub:/home/rss/robot_harry/robotik/src/install/object_detection:/home/rss/robot_harry/robotik/src/install/my_robot_slam:/home/rss/robot_harry/robotik/src/install/my_robot_navigation:/home/rss/robot_harry/robotik/src/install/create3_teleop:/home/rss/robot_harry/robotik/src/install/create3_examples_py:/home/rss/robot_harry/robotik/install/webcam_bringup:/home/rss/robot_harry/robotik/install/teleop:/home/rss/robot_harry/robotik/install/tag_detection:/home/rss/robot_harry/robotik/install/robot_bringup:/home/rss/robot_harry/robotik/install/pub_sub:/home/rss/robot_harry/robotik/install/object_detection:/home/rss/robot_harry/robotik/install/my_robot_navigation:/home/rss/robot_harry/robotik/install/create3_teleop:/home/rss/robot_harry/robotik/install/create3_examples_py:/opt/ros/humble /usr/bin/cmake --install /home/rss/robot_harry/robotik/build/create3_lidar_slam
[20.184s] Level 1:colcon.colcon_core.environment:create_environment_scripts_only(create3_lidar_slam)
[20.184s] Level 1:colcon.colcon_core.environment:checking '/home/rss/robot_harry/robotik/install/create3_lidar_slam' for CMake module files
[20.185s] Level 1:colcon.colcon_core.environment:checking '/home/rss/robot_harry/robotik/install/create3_lidar_slam' for CMake config files
[20.185s] Level 1:colcon.colcon_core.shell:create_environment_hook('create3_lidar_slam', 'cmake_prefix_path')
[20.186s] INFO:colcon.colcon_core.shell:Creating environment hook '/home/rss/robot_harry/robotik/install/create3_lidar_slam/share/create3_lidar_slam/hook/cmake_prefix_path.ps1'
[20.186s] INFO:colcon.colcon_core.shell:Creating environment descriptor '/home/rss/robot_harry/robotik/install/create3_lidar_slam/share/create3_lidar_slam/hook/cmake_prefix_path.dsv'
[20.186s] INFO:colcon.colcon_core.shell:Creating environment hook '/home/rss/robot_harry/robotik/install/create3_lidar_slam/share/create3_lidar_slam/hook/cmake_prefix_path.sh'
[20.187s] Level 1:colcon.colcon_core.environment:checking '/home/rss/robot_harry/robotik/install/create3_lidar_slam/bin'
[20.187s] Level 1:colcon.colcon_core.environment:checking '/home/rss/robot_harry/robotik/install/create3_lidar_slam/lib/pkgconfig/create3_lidar_slam.pc'
[20.187s] Level 1:colcon.colcon_core.environment:checking '/home/rss/robot_harry/robotik/install/create3_lidar_slam/lib/python3.10/site-packages'
[20.188s] DEBUG:colcon.colcon_core.event_handler.log_command:Invoked command in '/home/rss/robot_harry/robotik/build/create3_lidar_slam' returned '0': CMAKE_PREFIX_PATH=/home/rss/robot_harry/robotik/install/rplidar_ros:/home/rss/robot_harry/robotik/src/install/create3_lidar_slam:/home/rss/robot_harry/robotik/src/install/rplidar_ros:/home/rss/robot_harry/robotik/src/install/create3_republisher:/home/rss/robot_harry/robotik/src/install/create3_coverage:/home/rss/robot_harry/robotik/src/install/create3_examples_msgs:/home/rss/robot_harry/robotik/src/install/apriltag_ros:/home/rss/robot_harry/robotik/src/install/apriltag_msgs:/home/rss/robot_harry/robotik/install/create3_lidar_slam:/home/rss/robot_harry/robotik/install/my_robot_slam:/home/rss/robot_harry/robotik/install/create3_republisher:/home/rss/robot_harry/robotik/install/create3_coverage:/home/rss/robot_harry/robotik/install/create3_examples_msgs:/home/rss/robot_harry/robotik/install/apriltag_ros:/home/rss/robot_harry/robotik/install/apriltag_msgs:/home/rss/robot_harry/robotik/src/install/webcam_bringup:/home/rss/robot_harry/robotik/src/install/teleop:/home/rss/robot_harry/robotik/src/install/tag_detection:/home/rss/robot_harry/robotik/src/install/robot_bringup:/home/rss/robot_harry/robotik/src/install/pub_sub:/home/rss/robot_harry/robotik/src/install/object_detection:/home/rss/robot_harry/robotik/src/install/my_robot_slam:/home/rss/robot_harry/robotik/src/install/my_robot_navigation:/home/rss/robot_harry/robotik/src/install/create3_teleop:/home/rss/robot_harry/robotik/src/install/create3_examples_py:/home/rss/robot_harry/robotik/install/webcam_bringup:/home/rss/robot_harry/robotik/install/teleop:/home/rss/robot_harry/robotik/install/tag_detection:/home/rss/robot_harry/robotik/install/robot_bringup:/home/rss/robot_harry/robotik/install/pub_sub:/home/rss/robot_harry/robotik/install/object_detection:/home/rss/robot_harry/robotik/install/my_robot_navigation:/home/rss/robot_harry/robotik/install/create3_teleop:/home/rss/robot_harry/robotik/install/create3_examples_py:/opt/ros/humble /usr/bin/cmake --install /home/rss/robot_harry/robotik/build/create3_lidar_slam
[20.188s] Level 1:colcon.colcon_core.environment:checking '/home/rss/robot_harry/robotik/install/create3_lidar_slam/bin'
[20.188s] INFO:colcon.colcon_core.shell:Creating package script '/home/rss/robot_harry/robotik/install/create3_lidar_slam/share/create3_lidar_slam/package.ps1'
[20.189s] INFO:colcon.colcon_core.shell:Creating package descriptor '/home/rss/robot_harry/robotik/install/create3_lidar_slam/share/create3_lidar_slam/package.dsv'
[20.189s] INFO:colcon.colcon_core.shell:Creating package script '/home/rss/robot_harry/robotik/install/create3_lidar_slam/share/create3_lidar_slam/package.sh'
[20.190s] INFO:colcon.colcon_core.shell:Creating package script '/home/rss/robot_harry/robotik/install/create3_lidar_slam/share/create3_lidar_slam/package.bash'
[20.190s] INFO:colcon.colcon_core.shell:Creating package script '/home/rss/robot_harry/robotik/install/create3_lidar_slam/share/create3_lidar_slam/package.zsh'
[20.190s] Level 1:colcon.colcon_core.environment:create_file_with_runtime_dependencies(/home/rss/robot_harry/robotik/install/create3_lidar_slam/share/colcon-core/packages/create3_lidar_slam)
[20.191s] Level 1:colcon.colcon_core.environment:create_environment_scripts_only(create3_lidar_slam)
[20.191s] Level 1:colcon.colcon_core.environment:checking '/home/rss/robot_harry/robotik/install/create3_lidar_slam' for CMake module files
[20.192s] Level 1:colcon.colcon_core.environment:checking '/home/rss/robot_harry/robotik/install/create3_lidar_slam' for CMake config files
[20.192s] Level 1:colcon.colcon_core.shell:create_environment_hook('create3_lidar_slam', 'cmake_prefix_path')
[20.192s] INFO:colcon.colcon_core.shell:Creating environment hook '/home/rss/robot_harry/robotik/install/create3_lidar_slam/share/create3_lidar_slam/hook/cmake_prefix_path.ps1'
[20.193s] INFO:colcon.colcon_core.shell:Creating environment descriptor '/home/rss/robot_harry/robotik/install/create3_lidar_slam/share/create3_lidar_slam/hook/cmake_prefix_path.dsv'
[20.193s] INFO:colcon.colcon_core.shell:Creating environment hook '/home/rss/robot_harry/robotik/install/create3_lidar_slam/share/create3_lidar_slam/hook/cmake_prefix_path.sh'
[20.194s] Level 1:colcon.colcon_core.environment:checking '/home/rss/robot_harry/robotik/install/create3_lidar_slam/bin'
[20.194s] Level 1:colcon.colcon_core.environment:checking '/home/rss/robot_harry/robotik/install/create3_lidar_slam/lib/pkgconfig/create3_lidar_slam.pc'
[20.194s] Level 1:colcon.colcon_core.environment:checking '/home/rss/robot_harry/robotik/install/create3_lidar_slam/lib/python3.10/site-packages'
[20.194s] Level 1:colcon.colcon_core.environment:checking '/home/rss/robot_harry/robotik/install/create3_lidar_slam/bin'
[20.195s] INFO:colcon.colcon_core.shell:Creating package script '/home/rss/robot_harry/robotik/install/create3_lidar_slam/share/create3_lidar_slam/package.ps1'
[20.195s] INFO:colcon.colcon_core.shell:Creating package descriptor '/home/rss/robot_harry/robotik/install/create3_lidar_slam/share/create3_lidar_slam/package.dsv'
[20.196s] INFO:colcon.colcon_core.shell:Creating package script '/home/rss/robot_harry/robotik/install/create3_lidar_slam/share/create3_lidar_slam/package.sh'
[20.196s] INFO:colcon.colcon_core.shell:Creating package script '/home/rss/robot_harry/robotik/install/create3_lidar_slam/share/create3_lidar_slam/package.bash'
[20.196s] INFO:colcon.colcon_core.shell:Creating package script '/home/rss/robot_harry/robotik/install/create3_lidar_slam/share/create3_lidar_slam/package.zsh'
[20.197s] Level 1:colcon.colcon_core.environment:create_file_with_runtime_dependencies(/home/rss/robot_harry/robotik/install/create3_lidar_slam/share/colcon-core/packages/create3_lidar_slam)
[24.345s] DEBUG:colcon.colcon_core.event_handler.log_command:Invoked command in '/home/rss/robot_harry/robotik/build/apriltag_ros' returned '0': CMAKE_PREFIX_PATH=/home/rss/robot_harry/robotik/install/apriltag_msgs:/home/rss/robot_harry/robotik/src/install/create3_lidar_slam:/home/rss/robot_harry/robotik/src/install/rplidar_ros:/home/rss/robot_harry/robotik/src/install/create3_republisher:/home/rss/robot_harry/robotik/src/install/create3_coverage:/home/rss/robot_harry/robotik/src/install/create3_examples_msgs:/home/rss/robot_harry/robotik/src/install/apriltag_ros:/home/rss/robot_harry/robotik/src/install/apriltag_msgs:/home/rss/robot_harry/robotik/install/create3_lidar_slam:/home/rss/robot_harry/robotik/install/rplidar_ros:/home/rss/robot_harry/robotik/install/my_robot_slam:/home/rss/robot_harry/robotik/install/create3_republisher:/home/rss/robot_harry/robotik/install/create3_coverage:/home/rss/robot_harry/robotik/install/create3_examples_msgs:/home/rss/robot_harry/robotik/install/apriltag_ros:/home/rss/robot_harry/robotik/src/install/webcam_bringup:/home/rss/robot_harry/robotik/src/install/teleop:/home/rss/robot_harry/robotik/src/install/tag_detection:/home/rss/robot_harry/robotik/src/install/robot_bringup:/home/rss/robot_harry/robotik/src/install/pub_sub:/home/rss/robot_harry/robotik/src/install/object_detection:/home/rss/robot_harry/robotik/src/install/my_robot_slam:/home/rss/robot_harry/robotik/src/install/my_robot_navigation:/home/rss/robot_harry/robotik/src/install/create3_teleop:/home/rss/robot_harry/robotik/src/install/create3_examples_py:/home/rss/robot_harry/robotik/install/webcam_bringup:/home/rss/robot_harry/robotik/install/teleop:/home/rss/robot_harry/robotik/install/tag_detection:/home/rss/robot_harry/robotik/install/robot_bringup:/home/rss/robot_harry/robotik/install/pub_sub:/home/rss/robot_harry/robotik/install/object_detection:/home/rss/robot_harry/robotik/install/my_robot_navigation:/home/rss/robot_harry/robotik/install/create3_teleop:/home/rss/robot_harry/robotik/install/create3_examples_py:/opt/ros/humble LD_LIBRARY_PATH=/home/rss/robot_harry/robotik/install/apriltag_msgs/lib:/home/rss/robot_harry/robotik/src/install/create3_coverage/lib:/home/rss/robot_harry/robotik/src/install/create3_examples_msgs/lib:/home/rss/robot_harry/robotik/src/install/apriltag_ros/lib:/home/rss/robot_harry/robotik/src/install/apriltag_msgs/lib:/home/rss/robot_harry/robotik/install/create3_coverage/lib:/home/rss/robot_harry/robotik/install/create3_examples_msgs/lib:/home/rss/robot_harry/robotik/install/apriltag_ros/lib:/opt/ros/humble/opt/rviz_ogre_vendor/lib:/opt/ros/humble/lib/x86_64-linux-gnu:/opt/ros/humble/lib /usr/bin/cmake --build /home/rss/robot_harry/robotik/build/apriltag_ros -- -j8 -l8
[24.346s] DEBUG:colcon.colcon_core.event_handler.log_command:Invoking command in '/home/rss/robot_harry/robotik/build/apriltag_ros': CMAKE_PREFIX_PATH=/home/rss/robot_harry/robotik/install/apriltag_msgs:/home/rss/robot_harry/robotik/src/install/create3_lidar_slam:/home/rss/robot_harry/robotik/src/install/rplidar_ros:/home/rss/robot_harry/robotik/src/install/create3_republisher:/home/rss/robot_harry/robotik/src/install/create3_coverage:/home/rss/robot_harry/robotik/src/install/create3_examples_msgs:/home/rss/robot_harry/robotik/src/install/apriltag_ros:/home/rss/robot_harry/robotik/src/install/apriltag_msgs:/home/rss/robot_harry/robotik/install/create3_lidar_slam:/home/rss/robot_harry/robotik/install/rplidar_ros:/home/rss/robot_harry/robotik/install/my_robot_slam:/home/rss/robot_harry/robotik/install/create3_republisher:/home/rss/robot_harry/robotik/install/create3_coverage:/home/rss/robot_harry/robotik/install/create3_examples_msgs:/home/rss/robot_harry/robotik/install/apriltag_ros:/home/rss/robot_harry/robotik/src/install/webcam_bringup:/home/rss/robot_harry/robotik/src/install/teleop:/home/rss/robot_harry/robotik/src/install/tag_detection:/home/rss/robot_harry/robotik/src/install/robot_bringup:/home/rss/robot_harry/robotik/src/install/pub_sub:/home/rss/robot_harry/robotik/src/install/object_detection:/home/rss/robot_harry/robotik/src/install/my_robot_slam:/home/rss/robot_harry/robotik/src/install/my_robot_navigation:/home/rss/robot_harry/robotik/src/install/create3_teleop:/home/rss/robot_harry/robotik/src/install/create3_examples_py:/home/rss/robot_harry/robotik/install/webcam_bringup:/home/rss/robot_harry/robotik/install/teleop:/home/rss/robot_harry/robotik/install/tag_detection:/home/rss/robot_harry/robotik/install/robot_bringup:/home/rss/robot_harry/robotik/install/pub_sub:/home/rss/robot_harry/robotik/install/object_detection:/home/rss/robot_harry/robotik/install/my_robot_navigation:/home/rss/robot_harry/robotik/install/create3_teleop:/home/rss/robot_harry/robotik/install/create3_examples_py:/opt/ros/humble LD_LIBRARY_PATH=/home/rss/robot_harry/robotik/install/apriltag_msgs/lib:/home/rss/robot_harry/robotik/src/install/create3_coverage/lib:/home/rss/robot_harry/robotik/src/install/create3_examples_msgs/lib:/home/rss/robot_harry/robotik/src/install/apriltag_ros/lib:/home/rss/robot_harry/robotik/src/install/apriltag_msgs/lib:/home/rss/robot_harry/robotik/install/create3_coverage/lib:/home/rss/robot_harry/robotik/install/create3_examples_msgs/lib:/home/rss/robot_harry/robotik/install/apriltag_ros/lib:/opt/ros/humble/opt/rviz_ogre_vendor/lib:/opt/ros/humble/lib/x86_64-linux-gnu:/opt/ros/humble/lib /usr/bin/cmake --install /home/rss/robot_harry/robotik/build/apriltag_ros
[24.481s] Level 1:colcon.colcon_core.environment:create_environment_scripts_only(apriltag_ros)
[24.482s] Level 1:colcon.colcon_core.environment:checking '/home/rss/robot_harry/robotik/install/apriltag_ros' for CMake module files
[24.482s] DEBUG:colcon.colcon_core.event_handler.log_command:Invoked command in '/home/rss/robot_harry/robotik/build/apriltag_ros' returned '0': CMAKE_PREFIX_PATH=/home/rss/robot_harry/robotik/install/apriltag_msgs:/home/rss/robot_harry/robotik/src/install/create3_lidar_slam:/home/rss/robot_harry/robotik/src/install/rplidar_ros:/home/rss/robot_harry/robotik/src/install/create3_republisher:/home/rss/robot_harry/robotik/src/install/create3_coverage:/home/rss/robot_harry/robotik/src/install/create3_examples_msgs:/home/rss/robot_harry/robotik/src/install/apriltag_ros:/home/rss/robot_harry/robotik/src/install/apriltag_msgs:/home/rss/robot_harry/robotik/install/create3_lidar_slam:/home/rss/robot_harry/robotik/install/rplidar_ros:/home/rss/robot_harry/robotik/install/my_robot_slam:/home/rss/robot_harry/robotik/install/create3_republisher:/home/rss/robot_harry/robotik/install/create3_coverage:/home/rss/robot_harry/robotik/install/create3_examples_msgs:/home/rss/robot_harry/robotik/install/apriltag_ros:/home/rss/robot_harry/robotik/src/install/webcam_bringup:/home/rss/robot_harry/robotik/src/install/teleop:/home/rss/robot_harry/robotik/src/install/tag_detection:/home/rss/robot_harry/robotik/src/install/robot_bringup:/home/rss/robot_harry/robotik/src/install/pub_sub:/home/rss/robot_harry/robotik/src/install/object_detection:/home/rss/robot_harry/robotik/src/install/my_robot_slam:/home/rss/robot_harry/robotik/src/install/my_robot_navigation:/home/rss/robot_harry/robotik/src/install/create3_teleop:/home/rss/robot_harry/robotik/src/install/create3_examples_py:/home/rss/robot_harry/robotik/install/webcam_bringup:/home/rss/robot_harry/robotik/install/teleop:/home/rss/robot_harry/robotik/install/tag_detection:/home/rss/robot_harry/robotik/install/robot_bringup:/home/rss/robot_harry/robotik/install/pub_sub:/home/rss/robot_harry/robotik/install/object_detection:/home/rss/robot_harry/robotik/install/my_robot_navigation:/home/rss/robot_harry/robotik/install/create3_teleop:/home/rss/robot_harry/robotik/install/create3_examples_py:/opt/ros/humble LD_LIBRARY_PATH=/home/rss/robot_harry/robotik/install/apriltag_msgs/lib:/home/rss/robot_harry/robotik/src/install/create3_coverage/lib:/home/rss/robot_harry/robotik/src/install/create3_examples_msgs/lib:/home/rss/robot_harry/robotik/src/install/apriltag_ros/lib:/home/rss/robot_harry/robotik/src/install/apriltag_msgs/lib:/home/rss/robot_harry/robotik/install/create3_coverage/lib:/home/rss/robot_harry/robotik/install/create3_examples_msgs/lib:/home/rss/robot_harry/robotik/install/apriltag_ros/lib:/opt/ros/humble/opt/rviz_ogre_vendor/lib:/opt/ros/humble/lib/x86_64-linux-gnu:/opt/ros/humble/lib /usr/bin/cmake --install /home/rss/robot_harry/robotik/build/apriltag_ros
[24.483s] Level 1:colcon.colcon_core.environment:checking '/home/rss/robot_harry/robotik/install/apriltag_ros' for CMake config files
[24.483s] Level 1:colcon.colcon_core.shell:create_environment_hook('apriltag_ros', 'cmake_prefix_path')
[24.484s] INFO:colcon.colcon_core.shell:Creating environment hook '/home/rss/robot_harry/robotik/install/apriltag_ros/share/apriltag_ros/hook/cmake_prefix_path.ps1'
[24.484s] INFO:colcon.colcon_core.shell:Creating environment descriptor '/home/rss/robot_harry/robotik/install/apriltag_ros/share/apriltag_ros/hook/cmake_prefix_path.dsv'
[24.485s] INFO:colcon.colcon_core.shell:Creating environment hook '/home/rss/robot_harry/robotik/install/apriltag_ros/share/apriltag_ros/hook/cmake_prefix_path.sh'
[24.485s] Level 1:colcon.colcon_core.environment:checking '/home/rss/robot_harry/robotik/install/apriltag_ros/lib'
[24.485s] Level 1:colcon.colcon_core.shell:create_environment_hook('apriltag_ros', 'ld_library_path_lib')
[24.486s] INFO:colcon.colcon_core.shell:Creating environment hook '/home/rss/robot_harry/robotik/install/apriltag_ros/share/apriltag_ros/hook/ld_library_path_lib.ps1'
[24.486s] INFO:colcon.colcon_core.shell:Creating environment descriptor '/home/rss/robot_harry/robotik/install/apriltag_ros/share/apriltag_ros/hook/ld_library_path_lib.dsv'
[24.486s] INFO:colcon.colcon_core.shell:Creating environment hook '/home/rss/robot_harry/robotik/install/apriltag_ros/share/apriltag_ros/hook/ld_library_path_lib.sh'
[24.486s] Level 1:colcon.colcon_core.environment:checking '/home/rss/robot_harry/robotik/install/apriltag_ros/bin'
[24.486s] Level 1:colcon.colcon_core.environment:checking '/home/rss/robot_harry/robotik/install/apriltag_ros/lib/pkgconfig/apriltag_ros.pc'
[24.487s] Level 1:colcon.colcon_core.environment:checking '/home/rss/robot_harry/robotik/install/apriltag_ros/lib/python3.10/site-packages'
[24.487s] Level 1:colcon.colcon_core.environment:checking '/home/rss/robot_harry/robotik/install/apriltag_ros/bin'
[24.487s] INFO:colcon.colcon_core.shell:Creating package script '/home/rss/robot_harry/robotik/install/apriltag_ros/share/apriltag_ros/package.ps1'
[24.487s] INFO:colcon.colcon_core.shell:Creating package descriptor '/home/rss/robot_harry/robotik/install/apriltag_ros/share/apriltag_ros/package.dsv'
[24.488s] INFO:colcon.colcon_core.shell:Creating package script '/home/rss/robot_harry/robotik/install/apriltag_ros/share/apriltag_ros/package.sh'
[24.488s] INFO:colcon.colcon_core.shell:Creating package script '/home/rss/robot_harry/robotik/install/apriltag_ros/share/apriltag_ros/package.bash'
[24.488s] INFO:colcon.colcon_core.shell:Creating package script '/home/rss/robot_harry/robotik/install/apriltag_ros/share/apriltag_ros/package.zsh'
[24.489s] Level 1:colcon.colcon_core.environment:create_file_with_runtime_dependencies(/home/rss/robot_harry/robotik/install/apriltag_ros/share/colcon-core/packages/apriltag_ros)
[24.489s] Level 1:colcon.colcon_core.environment:create_environment_scripts_only(apriltag_ros)
[24.490s] Level 1:colcon.colcon_core.environment:checking '/home/rss/robot_harry/robotik/install/apriltag_ros' for CMake module files
[24.490s] Level 1:colcon.colcon_core.environment:checking '/home/rss/robot_harry/robotik/install/apriltag_ros' for CMake config files
[24.491s] Level 1:colcon.colcon_core.shell:create_environment_hook('apriltag_ros', 'cmake_prefix_path')
[24.491s] INFO:colcon.colcon_core.shell:Creating environment hook '/home/rss/robot_harry/robotik/install/apriltag_ros/share/apriltag_ros/hook/cmake_prefix_path.ps1'
[24.492s] INFO:colcon.colcon_core.shell:Creating environment descriptor '/home/rss/robot_harry/robotik/install/apriltag_ros/share/apriltag_ros/hook/cmake_prefix_path.dsv'
[24.492s] INFO:colcon.colcon_core.shell:Creating environment hook '/home/rss/robot_harry/robotik/install/apriltag_ros/share/apriltag_ros/hook/cmake_prefix_path.sh'
[24.493s] Level 1:colcon.colcon_core.environment:checking '/home/rss/robot_harry/robotik/install/apriltag_ros/lib'
[24.493s] Level 1:colcon.colcon_core.shell:create_environment_hook('apriltag_ros', 'ld_library_path_lib')
[24.493s] INFO:colcon.colcon_core.shell:Creating environment hook '/home/rss/robot_harry/robotik/install/apriltag_ros/share/apriltag_ros/hook/ld_library_path_lib.ps1'
[24.493s] INFO:colcon.colcon_core.shell:Creating environment descriptor '/home/rss/robot_harry/robotik/install/apriltag_ros/share/apriltag_ros/hook/ld_library_path_lib.dsv'
[24.494s] INFO:colcon.colcon_core.shell:Creating environment hook '/home/rss/robot_harry/robotik/install/apriltag_ros/share/apriltag_ros/hook/ld_library_path_lib.sh'
[24.494s] Level 1:colcon.colcon_core.environment:checking '/home/rss/robot_harry/robotik/install/apriltag_ros/bin'
[24.494s] Level 1:colcon.colcon_core.environment:checking '/home/rss/robot_harry/robotik/install/apriltag_ros/lib/pkgconfig/apriltag_ros.pc'
[24.494s] Level 1:colcon.colcon_core.environment:checking '/home/rss/robot_harry/robotik/install/apriltag_ros/lib/python3.10/site-packages'
[24.494s] Level 1:colcon.colcon_core.environment:checking '/home/rss/robot_harry/robotik/install/apriltag_ros/bin'
[24.495s] INFO:colcon.colcon_core.shell:Creating package script '/home/rss/robot_harry/robotik/install/apriltag_ros/share/apriltag_ros/package.ps1'
[24.495s] INFO:colcon.colcon_core.shell:Creating package descriptor '/home/rss/robot_harry/robotik/install/apriltag_ros/share/apriltag_ros/package.dsv'
[24.496s] INFO:colcon.colcon_core.shell:Creating package script '/home/rss/robot_harry/robotik/install/apriltag_ros/share/apriltag_ros/package.sh'
[24.496s] INFO:colcon.colcon_core.shell:Creating package script '/home/rss/robot_harry/robotik/install/apriltag_ros/share/apriltag_ros/package.bash'
[24.497s] INFO:colcon.colcon_core.shell:Creating package script '/home/rss/robot_harry/robotik/install/apriltag_ros/share/apriltag_ros/package.zsh'
[24.497s] Level 1:colcon.colcon_core.environment:create_file_with_runtime_dependencies(/home/rss/robot_harry/robotik/install/apriltag_ros/share/colcon-core/packages/apriltag_ros)
[29.412s] DEBUG:colcon.colcon_core.event_handler.log_command:Invoked command in '/home/rss/robot_harry/robotik/build/create3_republisher' returned '0': CMAKE_PREFIX_PATH=${CMAKE_PREFIX_PATH}:/home/rss/robot_harry/robotik/src/install/webcam_bringup:/home/rss/robot_harry/robotik/src/install/teleop:/home/rss/robot_harry/robotik/src/install/tag_detection:/home/rss/robot_harry/robotik/src/install/robot_bringup:/home/rss/robot_harry/robotik/src/install/pub_sub:/home/rss/robot_harry/robotik/src/install/object_detection:/home/rss/robot_harry/robotik/src/install/my_robot_slam:/home/rss/robot_harry/robotik/src/install/my_robot_navigation:/home/rss/robot_harry/robotik/src/install/create3_teleop:/home/rss/robot_harry/robotik/src/install/create3_examples_py:/home/rss/robot_harry/robotik/install/webcam_bringup:/home/rss/robot_harry/robotik/install/teleop:/home/rss/robot_harry/robotik/install/tag_detection:/home/rss/robot_harry/robotik/install/robot_bringup:/home/rss/robot_harry/robotik/install/pub_sub:/home/rss/robot_harry/robotik/install/object_detection:/home/rss/robot_harry/robotik/install/my_robot_navigation:/home/rss/robot_harry/robotik/install/create3_teleop:/home/rss/robot_harry/robotik/install/create3_examples_py:/opt/ros/humble /usr/bin/cmake --build /home/rss/robot_harry/robotik/build/create3_republisher -- -j8 -l8
[29.413s] DEBUG:colcon.colcon_core.event_handler.log_command:Invoking command in '/home/rss/robot_harry/robotik/build/create3_republisher': CMAKE_PREFIX_PATH=${CMAKE_PREFIX_PATH}:/home/rss/robot_harry/robotik/src/install/webcam_bringup:/home/rss/robot_harry/robotik/src/install/teleop:/home/rss/robot_harry/robotik/src/install/tag_detection:/home/rss/robot_harry/robotik/src/install/robot_bringup:/home/rss/robot_harry/robotik/src/install/pub_sub:/home/rss/robot_harry/robotik/src/install/object_detection:/home/rss/robot_harry/robotik/src/install/my_robot_slam:/home/rss/robot_harry/robotik/src/install/my_robot_navigation:/home/rss/robot_harry/robotik/src/install/create3_teleop:/home/rss/robot_harry/robotik/src/install/create3_examples_py:/home/rss/robot_harry/robotik/install/webcam_bringup:/home/rss/robot_harry/robotik/install/teleop:/home/rss/robot_harry/robotik/install/tag_detection:/home/rss/robot_harry/robotik/install/robot_bringup:/home/rss/robot_harry/robotik/install/pub_sub:/home/rss/robot_harry/robotik/install/object_detection:/home/rss/robot_harry/robotik/install/my_robot_navigation:/home/rss/robot_harry/robotik/install/create3_teleop:/home/rss/robot_harry/robotik/install/create3_examples_py:/opt/ros/humble /usr/bin/cmake --install /home/rss/robot_harry/robotik/build/create3_republisher
[29.535s] Level 1:colcon.colcon_core.environment:create_environment_scripts_only(create3_republisher)
[29.535s] Level 1:colcon.colcon_core.environment:checking '/home/rss/robot_harry/robotik/install/create3_republisher' for CMake module files
[29.535s] DEBUG:colcon.colcon_core.event_handler.log_command:Invoked command in '/home/rss/robot_harry/robotik/build/create3_republisher' returned '0': CMAKE_PREFIX_PATH=${CMAKE_PREFIX_PATH}:/home/rss/robot_harry/robotik/src/install/webcam_bringup:/home/rss/robot_harry/robotik/src/install/teleop:/home/rss/robot_harry/robotik/src/install/tag_detection:/home/rss/robot_harry/robotik/src/install/robot_bringup:/home/rss/robot_harry/robotik/src/install/pub_sub:/home/rss/robot_harry/robotik/src/install/object_detection:/home/rss/robot_harry/robotik/src/install/my_robot_slam:/home/rss/robot_harry/robotik/src/install/my_robot_navigation:/home/rss/robot_harry/robotik/src/install/create3_teleop:/home/rss/robot_harry/robotik/src/install/create3_examples_py:/home/rss/robot_harry/robotik/install/webcam_bringup:/home/rss/robot_harry/robotik/install/teleop:/home/rss/robot_harry/robotik/install/tag_detection:/home/rss/robot_harry/robotik/install/robot_bringup:/home/rss/robot_harry/robotik/install/pub_sub:/home/rss/robot_harry/robotik/install/object_detection:/home/rss/robot_harry/robotik/install/my_robot_navigation:/home/rss/robot_harry/robotik/install/create3_teleop:/home/rss/robot_harry/robotik/install/create3_examples_py:/opt/ros/humble /usr/bin/cmake --install /home/rss/robot_harry/robotik/build/create3_republisher
[29.536s] Level 1:colcon.colcon_core.environment:checking '/home/rss/robot_harry/robotik/install/create3_republisher' for CMake config files
[29.536s] Level 1:colcon.colcon_core.shell:create_environment_hook('create3_republisher', 'cmake_prefix_path')
[29.536s] INFO:colcon.colcon_core.shell:Creating environment hook '/home/rss/robot_harry/robotik/install/create3_republisher/share/create3_republisher/hook/cmake_prefix_path.ps1'
[29.536s] INFO:colcon.colcon_core.shell:Creating environment descriptor '/home/rss/robot_harry/robotik/install/create3_republisher/share/create3_republisher/hook/cmake_prefix_path.dsv'
[29.537s] INFO:colcon.colcon_core.shell:Creating environment hook '/home/rss/robot_harry/robotik/install/create3_republisher/share/create3_republisher/hook/cmake_prefix_path.sh'
[29.537s] Level 1:colcon.colcon_core.environment:checking '/home/rss/robot_harry/robotik/install/create3_republisher/lib'
[29.537s] Level 1:colcon.colcon_core.environment:checking '/home/rss/robot_harry/robotik/install/create3_republisher/bin'
[29.537s] Level 1:colcon.colcon_core.environment:checking '/home/rss/robot_harry/robotik/install/create3_republisher/lib/pkgconfig/create3_republisher.pc'
[29.537s] Level 1:colcon.colcon_core.environment:checking '/home/rss/robot_harry/robotik/install/create3_republisher/lib/python3.10/site-packages'
[29.537s] Level 1:colcon.colcon_core.environment:checking '/home/rss/robot_harry/robotik/install/create3_republisher/bin'
[29.537s] INFO:colcon.colcon_core.shell:Creating package script '/home/rss/robot_harry/robotik/install/create3_republisher/share/create3_republisher/package.ps1'
[29.538s] INFO:colcon.colcon_core.shell:Creating package descriptor '/home/rss/robot_harry/robotik/install/create3_republisher/share/create3_republisher/package.dsv'
[29.538s] INFO:colcon.colcon_core.shell:Creating package script '/home/rss/robot_harry/robotik/install/create3_republisher/share/create3_republisher/package.sh'
[29.538s] INFO:colcon.colcon_core.shell:Creating package script '/home/rss/robot_harry/robotik/install/create3_republisher/share/create3_republisher/package.bash'
[29.538s] INFO:colcon.colcon_core.shell:Creating package script '/home/rss/robot_harry/robotik/install/create3_republisher/share/create3_republisher/package.zsh'
[29.538s] Level 1:colcon.colcon_core.environment:create_file_with_runtime_dependencies(/home/rss/robot_harry/robotik/install/create3_republisher/share/colcon-core/packages/create3_republisher)
[29.539s] Level 1:colcon.colcon_core.environment:create_environment_scripts_only(create3_republisher)
[29.539s] Level 1:colcon.colcon_core.environment:checking '/home/rss/robot_harry/robotik/install/create3_republisher' for CMake module files
[29.539s] Level 1:colcon.colcon_core.environment:checking '/home/rss/robot_harry/robotik/install/create3_republisher' for CMake config files
[29.539s] Level 1:colcon.colcon_core.shell:create_environment_hook('create3_republisher', 'cmake_prefix_path')
[29.539s] INFO:colcon.colcon_core.shell:Creating environment hook '/home/rss/robot_harry/robotik/install/create3_republisher/share/create3_republisher/hook/cmake_prefix_path.ps1'
[29.540s] INFO:colcon.colcon_core.shell:Creating environment descriptor '/home/rss/robot_harry/robotik/install/create3_republisher/share/create3_republisher/hook/cmake_prefix_path.dsv'
[29.540s] INFO:colcon.colcon_core.shell:Creating environment hook '/home/rss/robot_harry/robotik/install/create3_republisher/share/create3_republisher/hook/cmake_prefix_path.sh'
[29.540s] Level 1:colcon.colcon_core.environment:checking '/home/rss/robot_harry/robotik/install/create3_republisher/lib'
[29.540s] Level 1:colcon.colcon_core.environment:checking '/home/rss/robot_harry/robotik/install/create3_republisher/bin'
[29.540s] Level 1:colcon.colcon_core.environment:checking '/home/rss/robot_harry/robotik/install/create3_republisher/lib/pkgconfig/create3_republisher.pc'
[29.540s] Level 1:colcon.colcon_core.environment:checking '/home/rss/robot_harry/robotik/install/create3_republisher/lib/python3.10/site-packages'
[29.541s] Level 1:colcon.colcon_core.environment:checking '/home/rss/robot_harry/robotik/install/create3_republisher/bin'
[29.541s] INFO:colcon.colcon_core.shell:Creating package script '/home/rss/robot_harry/robotik/install/create3_republisher/share/create3_republisher/package.ps1'
[29.541s] INFO:colcon.colcon_core.shell:Creating package descriptor '/home/rss/robot_harry/robotik/install/create3_republisher/share/create3_republisher/package.dsv'
[29.541s] INFO:colcon.colcon_core.shell:Creating package script '/home/rss/robot_harry/robotik/install/create3_republisher/share/create3_republisher/package.sh'
[29.542s] INFO:colcon.colcon_core.shell:Creating package script '/home/rss/robot_harry/robotik/install/create3_republisher/share/create3_republisher/package.bash'
[29.542s] INFO:colcon.colcon_core.shell:Creating package script '/home/rss/robot_harry/robotik/install/create3_republisher/share/create3_republisher/package.zsh'
[29.542s] Level 1:colcon.colcon_core.environment:create_file_with_runtime_dependencies(/home/rss/robot_harry/robotik/install/create3_republisher/share/colcon-core/packages/create3_republisher)
[35.434s] DEBUG:colcon.colcon_core.event_handler.log_command:Invoked command in '/home/rss/robot_harry/robotik/build/create3_coverage' returned '0': CMAKE_PREFIX_PATH=/home/rss/robot_harry/robotik/install/create3_examples_msgs:/home/rss/robot_harry/robotik/src/install/create3_lidar_slam:/home/rss/robot_harry/robotik/src/install/rplidar_ros:/home/rss/robot_harry/robotik/src/install/create3_republisher:/home/rss/robot_harry/robotik/src/install/create3_coverage:/home/rss/robot_harry/robotik/src/install/create3_examples_msgs:/home/rss/robot_harry/robotik/src/install/apriltag_ros:/home/rss/robot_harry/robotik/src/install/apriltag_msgs:/home/rss/robot_harry/robotik/install/create3_lidar_slam:/home/rss/robot_harry/robotik/install/rplidar_ros:/home/rss/robot_harry/robotik/install/my_robot_slam:/home/rss/robot_harry/robotik/install/create3_republisher:/home/rss/robot_harry/robotik/install/create3_coverage:/home/rss/robot_harry/robotik/install/apriltag_ros:/home/rss/robot_harry/robotik/install/apriltag_msgs:/home/rss/robot_harry/robotik/src/install/webcam_bringup:/home/rss/robot_harry/robotik/src/install/teleop:/home/rss/robot_harry/robotik/src/install/tag_detection:/home/rss/robot_harry/robotik/src/install/robot_bringup:/home/rss/robot_harry/robotik/src/install/pub_sub:/home/rss/robot_harry/robotik/src/install/object_detection:/home/rss/robot_harry/robotik/src/install/my_robot_slam:/home/rss/robot_harry/robotik/src/install/my_robot_navigation:/home/rss/robot_harry/robotik/src/install/create3_teleop:/home/rss/robot_harry/robotik/src/install/create3_examples_py:/home/rss/robot_harry/robotik/install/webcam_bringup:/home/rss/robot_harry/robotik/install/teleop:/home/rss/robot_harry/robotik/install/tag_detection:/home/rss/robot_harry/robotik/install/robot_bringup:/home/rss/robot_harry/robotik/install/pub_sub:/home/rss/robot_harry/robotik/install/object_detection:/home/rss/robot_harry/robotik/install/my_robot_navigation:/home/rss/robot_harry/robotik/install/create3_teleop:/home/rss/robot_harry/robotik/install/create3_examples_py:/opt/ros/humble LD_LIBRARY_PATH=/home/rss/robot_harry/robotik/install/create3_examples_msgs/lib:/home/rss/robot_harry/robotik/src/install/create3_coverage/lib:/home/rss/robot_harry/robotik/src/install/create3_examples_msgs/lib:/home/rss/robot_harry/robotik/src/install/apriltag_ros/lib:/home/rss/robot_harry/robotik/src/install/apriltag_msgs/lib:/home/rss/robot_harry/robotik/install/create3_coverage/lib:/home/rss/robot_harry/robotik/install/apriltag_ros/lib:/home/rss/robot_harry/robotik/install/apriltag_msgs/lib:/opt/ros/humble/opt/rviz_ogre_vendor/lib:/opt/ros/humble/lib/x86_64-linux-gnu:/opt/ros/humble/lib /usr/bin/cmake --build /home/rss/robot_harry/robotik/build/create3_coverage -- -j8 -l8
[35.435s] DEBUG:colcon.colcon_core.event_handler.log_command:Invoking command in '/home/rss/robot_harry/robotik/build/create3_coverage': CMAKE_PREFIX_PATH=/home/rss/robot_harry/robotik/install/create3_examples_msgs:/home/rss/robot_harry/robotik/src/install/create3_lidar_slam:/home/rss/robot_harry/robotik/src/install/rplidar_ros:/home/rss/robot_harry/robotik/src/install/create3_republisher:/home/rss/robot_harry/robotik/src/install/create3_coverage:/home/rss/robot_harry/robotik/src/install/create3_examples_msgs:/home/rss/robot_harry/robotik/src/install/apriltag_ros:/home/rss/robot_harry/robotik/src/install/apriltag_msgs:/home/rss/robot_harry/robotik/install/create3_lidar_slam:/home/rss/robot_harry/robotik/install/rplidar_ros:/home/rss/robot_harry/robotik/install/my_robot_slam:/home/rss/robot_harry/robotik/install/create3_republisher:/home/rss/robot_harry/robotik/install/create3_coverage:/home/rss/robot_harry/robotik/install/apriltag_ros:/home/rss/robot_harry/robotik/install/apriltag_msgs:/home/rss/robot_harry/robotik/src/install/webcam_bringup:/home/rss/robot_harry/robotik/src/install/teleop:/home/rss/robot_harry/robotik/src/install/tag_detection:/home/rss/robot_harry/robotik/src/install/robot_bringup:/home/rss/robot_harry/robotik/src/install/pub_sub:/home/rss/robot_harry/robotik/src/install/object_detection:/home/rss/robot_harry/robotik/src/install/my_robot_slam:/home/rss/robot_harry/robotik/src/install/my_robot_navigation:/home/rss/robot_harry/robotik/src/install/create3_teleop:/home/rss/robot_harry/robotik/src/install/create3_examples_py:/home/rss/robot_harry/robotik/install/webcam_bringup:/home/rss/robot_harry/robotik/install/teleop:/home/rss/robot_harry/robotik/install/tag_detection:/home/rss/robot_harry/robotik/install/robot_bringup:/home/rss/robot_harry/robotik/install/pub_sub:/home/rss/robot_harry/robotik/install/object_detection:/home/rss/robot_harry/robotik/install/my_robot_navigation:/home/rss/robot_harry/robotik/install/create3_teleop:/home/rss/robot_harry/robotik/install/create3_examples_py:/opt/ros/humble LD_LIBRARY_PATH=/home/rss/robot_harry/robotik/install/create3_examples_msgs/lib:/home/rss/robot_harry/robotik/src/install/create3_coverage/lib:/home/rss/robot_harry/robotik/src/install/create3_examples_msgs/lib:/home/rss/robot_harry/robotik/src/install/apriltag_ros/lib:/home/rss/robot_harry/robotik/src/install/apriltag_msgs/lib:/home/rss/robot_harry/robotik/install/create3_coverage/lib:/home/rss/robot_harry/robotik/install/apriltag_ros/lib:/home/rss/robot_harry/robotik/install/apriltag_msgs/lib:/opt/ros/humble/opt/rviz_ogre_vendor/lib:/opt/ros/humble/lib/x86_64-linux-gnu:/opt/ros/humble/lib /usr/bin/cmake --install /home/rss/robot_harry/robotik/build/create3_coverage
[35.599s] Level 1:colcon.colcon_core.environment:create_environment_scripts_only(create3_coverage)
[35.600s] Level 1:colcon.colcon_core.environment:checking '/home/rss/robot_harry/robotik/install/create3_coverage' for CMake module files
[35.600s] DEBUG:colcon.colcon_core.event_handler.log_command:Invoked command in '/home/rss/robot_harry/robotik/build/create3_coverage' returned '0': CMAKE_PREFIX_PATH=/home/rss/robot_harry/robotik/install/create3_examples_msgs:/home/rss/robot_harry/robotik/src/install/create3_lidar_slam:/home/rss/robot_harry/robotik/src/install/rplidar_ros:/home/rss/robot_harry/robotik/src/install/create3_republisher:/home/rss/robot_harry/robotik/src/install/create3_coverage:/home/rss/robot_harry/robotik/src/install/create3_examples_msgs:/home/rss/robot_harry/robotik/src/install/apriltag_ros:/home/rss/robot_harry/robotik/src/install/apriltag_msgs:/home/rss/robot_harry/robotik/install/create3_lidar_slam:/home/rss/robot_harry/robotik/install/rplidar_ros:/home/rss/robot_harry/robotik/install/my_robot_slam:/home/rss/robot_harry/robotik/install/create3_republisher:/home/rss/robot_harry/robotik/install/create3_coverage:/home/rss/robot_harry/robotik/install/apriltag_ros:/home/rss/robot_harry/robotik/install/apriltag_msgs:/home/rss/robot_harry/robotik/src/install/webcam_bringup:/home/rss/robot_harry/robotik/src/install/teleop:/home/rss/robot_harry/robotik/src/install/tag_detection:/home/rss/robot_harry/robotik/src/install/robot_bringup:/home/rss/robot_harry/robotik/src/install/pub_sub:/home/rss/robot_harry/robotik/src/install/object_detection:/home/rss/robot_harry/robotik/src/install/my_robot_slam:/home/rss/robot_harry/robotik/src/install/my_robot_navigation:/home/rss/robot_harry/robotik/src/install/create3_teleop:/home/rss/robot_harry/robotik/src/install/create3_examples_py:/home/rss/robot_harry/robotik/install/webcam_bringup:/home/rss/robot_harry/robotik/install/teleop:/home/rss/robot_harry/robotik/install/tag_detection:/home/rss/robot_harry/robotik/install/robot_bringup:/home/rss/robot_harry/robotik/install/pub_sub:/home/rss/robot_harry/robotik/install/object_detection:/home/rss/robot_harry/robotik/install/my_robot_navigation:/home/rss/robot_harry/robotik/install/create3_teleop:/home/rss/robot_harry/robotik/install/create3_examples_py:/opt/ros/humble LD_LIBRARY_PATH=/home/rss/robot_harry/robotik/install/create3_examples_msgs/lib:/home/rss/robot_harry/robotik/src/install/create3_coverage/lib:/home/rss/robot_harry/robotik/src/install/create3_examples_msgs/lib:/home/rss/robot_harry/robotik/src/install/apriltag_ros/lib:/home/rss/robot_harry/robotik/src/install/apriltag_msgs/lib:/home/rss/robot_harry/robotik/install/create3_coverage/lib:/home/rss/robot_harry/robotik/install/apriltag_ros/lib:/home/rss/robot_harry/robotik/install/apriltag_msgs/lib:/opt/ros/humble/opt/rviz_ogre_vendor/lib:/opt/ros/humble/lib/x86_64-linux-gnu:/opt/ros/humble/lib /usr/bin/cmake --install /home/rss/robot_harry/robotik/build/create3_coverage
[35.600s] Level 1:colcon.colcon_core.environment:checking '/home/rss/robot_harry/robotik/install/create3_coverage' for CMake config files
[35.601s] Level 1:colcon.colcon_core.shell:create_environment_hook('create3_coverage', 'cmake_prefix_path')
[35.601s] INFO:colcon.colcon_core.shell:Creating environment hook '/home/rss/robot_harry/robotik/install/create3_coverage/share/create3_coverage/hook/cmake_prefix_path.ps1'
[35.601s] INFO:colcon.colcon_core.shell:Creating environment descriptor '/home/rss/robot_harry/robotik/install/create3_coverage/share/create3_coverage/hook/cmake_prefix_path.dsv'
[35.601s] INFO:colcon.colcon_core.shell:Creating environment hook '/home/rss/robot_harry/robotik/install/create3_coverage/share/create3_coverage/hook/cmake_prefix_path.sh'
[35.601s] Level 1:colcon.colcon_core.environment:checking '/home/rss/robot_harry/robotik/install/create3_coverage/lib'
[35.602s] Level 1:colcon.colcon_core.shell:create_environment_hook('create3_coverage', 'ld_library_path_lib')
[35.602s] INFO:colcon.colcon_core.shell:Creating environment hook '/home/rss/robot_harry/robotik/install/create3_coverage/share/create3_coverage/hook/ld_library_path_lib.ps1'
[35.602s] INFO:colcon.colcon_core.shell:Creating environment descriptor '/home/rss/robot_harry/robotik/install/create3_coverage/share/create3_coverage/hook/ld_library_path_lib.dsv'
[35.602s] INFO:colcon.colcon_core.shell:Creating environment hook '/home/rss/robot_harry/robotik/install/create3_coverage/share/create3_coverage/hook/ld_library_path_lib.sh'
[35.602s] Level 1:colcon.colcon_core.environment:checking '/home/rss/robot_harry/robotik/install/create3_coverage/bin'
[35.602s] Level 1:colcon.colcon_core.environment:checking '/home/rss/robot_harry/robotik/install/create3_coverage/lib/pkgconfig/create3_coverage.pc'
[35.602s] Level 1:colcon.colcon_core.environment:checking '/home/rss/robot_harry/robotik/install/create3_coverage/lib/python3.10/site-packages'
[35.603s] Level 1:colcon.colcon_core.environment:checking '/home/rss/robot_harry/robotik/install/create3_coverage/bin'
[35.603s] INFO:colcon.colcon_core.shell:Creating package script '/home/rss/robot_harry/robotik/install/create3_coverage/share/create3_coverage/package.ps1'
[35.603s] INFO:colcon.colcon_core.shell:Creating package descriptor '/home/rss/robot_harry/robotik/install/create3_coverage/share/create3_coverage/package.dsv'
[35.603s] INFO:colcon.colcon_core.shell:Creating package script '/home/rss/robot_harry/robotik/install/create3_coverage/share/create3_coverage/package.sh'
[35.603s] INFO:colcon.colcon_core.shell:Creating package script '/home/rss/robot_harry/robotik/install/create3_coverage/share/create3_coverage/package.bash'
[35.604s] INFO:colcon.colcon_core.shell:Creating package script '/home/rss/robot_harry/robotik/install/create3_coverage/share/create3_coverage/package.zsh'
[35.604s] Level 1:colcon.colcon_core.environment:create_file_with_runtime_dependencies(/home/rss/robot_harry/robotik/install/create3_coverage/share/colcon-core/packages/create3_coverage)
[35.604s] Level 1:colcon.colcon_core.environment:create_environment_scripts_only(create3_coverage)
[35.604s] Level 1:colcon.colcon_core.environment:checking '/home/rss/robot_harry/robotik/install/create3_coverage' for CMake module files
[35.604s] Level 1:colcon.colcon_core.environment:checking '/home/rss/robot_harry/robotik/install/create3_coverage' for CMake config files
[35.605s] Level 1:colcon.colcon_core.shell:create_environment_hook('create3_coverage', 'cmake_prefix_path')
[35.605s] INFO:colcon.colcon_core.shell:Creating environment hook '/home/rss/robot_harry/robotik/install/create3_coverage/share/create3_coverage/hook/cmake_prefix_path.ps1'
[35.605s] INFO:colcon.colcon_core.shell:Creating environment descriptor '/home/rss/robot_harry/robotik/install/create3_coverage/share/create3_coverage/hook/cmake_prefix_path.dsv'
[35.605s] INFO:colcon.colcon_core.shell:Creating environment hook '/home/rss/robot_harry/robotik/install/create3_coverage/share/create3_coverage/hook/cmake_prefix_path.sh'
[35.605s] Level 1:colcon.colcon_core.environment:checking '/home/rss/robot_harry/robotik/install/create3_coverage/lib'
[35.605s] Level 1:colcon.colcon_core.shell:create_environment_hook('create3_coverage', 'ld_library_path_lib')
[35.605s] INFO:colcon.colcon_core.shell:Creating environment hook '/home/rss/robot_harry/robotik/install/create3_coverage/share/create3_coverage/hook/ld_library_path_lib.ps1'
[35.606s] INFO:colcon.colcon_core.shell:Creating environment descriptor '/home/rss/robot_harry/robotik/install/create3_coverage/share/create3_coverage/hook/ld_library_path_lib.dsv'
[35.606s] INFO:colcon.colcon_core.shell:Creating environment hook '/home/rss/robot_harry/robotik/install/create3_coverage/share/create3_coverage/hook/ld_library_path_lib.sh'
[35.606s] Level 1:colcon.colcon_core.environment:checking '/home/rss/robot_harry/robotik/install/create3_coverage/bin'
[35.606s] Level 1:colcon.colcon_core.environment:checking '/home/rss/robot_harry/robotik/install/create3_coverage/lib/pkgconfig/create3_coverage.pc'
[35.606s] Level 1:colcon.colcon_core.environment:checking '/home/rss/robot_harry/robotik/install/create3_coverage/lib/python3.10/site-packages'
[35.606s] Level 1:colcon.colcon_core.environment:checking '/home/rss/robot_harry/robotik/install/create3_coverage/bin'
[35.607s] INFO:colcon.colcon_core.shell:Creating package script '/home/rss/robot_harry/robotik/install/create3_coverage/share/create3_coverage/package.ps1'
[35.607s] INFO:colcon.colcon_core.shell:Creating package descriptor '/home/rss/robot_harry/robotik/install/create3_coverage/share/create3_coverage/package.dsv'
[35.607s] INFO:colcon.colcon_core.shell:Creating package script '/home/rss/robot_harry/robotik/install/create3_coverage/share/create3_coverage/package.sh'
[35.607s] INFO:colcon.colcon_core.shell:Creating package script '/home/rss/robot_harry/robotik/install/create3_coverage/share/create3_coverage/package.bash'
[35.608s] INFO:colcon.colcon_core.shell:Creating package script '/home/rss/robot_harry/robotik/install/create3_coverage/share/create3_coverage/package.zsh'
[35.608s] Level 1:colcon.colcon_core.environment:create_file_with_runtime_dependencies(/home/rss/robot_harry/robotik/install/create3_coverage/share/colcon-core/packages/create3_coverage)
[35.608s] DEBUG:colcon.colcon_parallel_executor.executor.parallel:closing loop
[35.609s] DEBUG:colcon.colcon_parallel_executor.executor.parallel:loop closed
[35.609s] DEBUG:colcon.colcon_parallel_executor.executor.parallel:run_until_complete finished with '0'
[35.609s] DEBUG:colcon.colcon_core.event_reactor:joining thread
[35.612s] INFO:colcon.colcon_core.plugin_system:Skipping extension 'colcon_notification.desktop_notification.terminal_notifier': Not used on non-Darwin systems
[35.612s] INFO:colcon.colcon_core.plugin_system:Skipping extension 'colcon_notification.desktop_notification.win32': Not used on non-Windows systems
[35.612s] INFO:colcon.colcon_notification.desktop_notification:Sending desktop notification using 'notify2'
[35.619s] DEBUG:colcon.colcon_core.event_reactor:joined thread
[35.620s] INFO:colcon.colcon_core.shell:Creating prefix script '/home/rss/robot_harry/robotik/install/local_setup.ps1'
[35.620s] INFO:colcon.colcon_core.shell:Creating prefix util module '/home/rss/robot_harry/robotik/install/_local_setup_util_ps1.py'
[35.621s] INFO:colcon.colcon_core.shell:Creating prefix chain script '/home/rss/robot_harry/robotik/install/setup.ps1'
[35.622s] INFO:colcon.colcon_core.shell:Creating prefix script '/home/rss/robot_harry/robotik/install/local_setup.sh'
[35.622s] INFO:colcon.colcon_core.shell:Creating prefix util module '/home/rss/robot_harry/robotik/install/_local_setup_util_sh.py'
[35.623s] INFO:colcon.colcon_core.shell:Creating prefix chain script '/home/rss/robot_harry/robotik/install/setup.sh'
[35.623s] INFO:colcon.colcon_core.shell:Creating prefix script '/home/rss/robot_harry/robotik/install/local_setup.bash'
[35.624s] INFO:colcon.colcon_core.shell:Creating prefix chain script '/home/rss/robot_harry/robotik/install/setup.bash'
[35.625s] INFO:colcon.colcon_core.shell:Creating prefix script '/home/rss/robot_harry/robotik/install/local_setup.zsh'
[35.625s] INFO:colcon.colcon_core.shell:Creating prefix chain script '/home/rss/robot_harry/robotik/install/setup.zsh'
