[0.072s] DEBUG:colcon:Command line arguments: ['/usr/bin/colcon', 'build']
[0.072s] DEBUG:colcon:Parsed command line arguments: Namespace(log_base=None, log_level=None, verb_name='build', build_base='build', install_base='install', merge_install=False, symlink_install=False, test_result_base=None, continue_on_error=False, executor='parallel', parallel_workers=8, event_handlers=None, ignore_user_meta=False, metas=['./colcon.meta'], base_paths=['.'], packages_ignore=None, packages_ignore_regex=None, paths=None, packages_up_to=None, packages_up_to_regex=None, packages_above=None, packages_above_and_dependencies=None, packages_above_depth=None, packages_select_by_dep=None, packages_skip_by_dep=None, packages_skip_up_to=None, packages_select_build_failed=False, packages_skip_build_finished=False, packages_select_test_failures=False, packages_skip_test_passed=False, packages_select=None, packages_skip=None, packages_select_regex=None, packages_skip_regex=None, packages_start=None, packages_end=None, allow_overriding=[], cmake_args=None, cmake_target=None, cmake_target_skip_unavailable=False, cmake_clean_cache=False, cmake_clean_first=False, cmake_force_configure=False, ament_cmake_args=None, catkin_cmake_args=None, catkin_skip_building_tests=False, mixin_files=None, mixin=None, verb_parser=<colcon_mixin.mixin.mixin_argument.MixinArgumentDecorator object at 0x737269f7c730>, verb_extension=<colcon_core.verb.build.BuildVerb object at 0x737269f7c1c0>, main=<bound method BuildVerb.main of <colcon_core.verb.build.BuildVerb object at 0x737269f7c1c0>>, mixin_verb=('build',))
[0.183s] Level 1:colcon.colcon_core.package_discovery:discover_packages(colcon_meta) check parameters
[0.183s] Level 1:colcon.colcon_core.package_discovery:discover_packages(recursive) check parameters
[0.183s] Level 1:colcon.colcon_core.package_discovery:discover_packages(ignore) check parameters
[0.183s] Level 1:colcon.colcon_core.package_discovery:discover_packages(path) check parameters
[0.183s] Level 1:colcon.colcon_core.package_discovery:discover_packages(colcon_meta) discover
[0.183s] Level 1:colcon.colcon_core.package_discovery:discover_packages(recursive) discover
[0.183s] INFO:colcon.colcon_core.package_discovery:Crawling recursively for packages in '/home/rss/robot_harry/robotik'
[0.183s] Level 1:colcon.colcon_core.package_identification:_identify(.) by extensions ['ignore', 'ignore_ament_install']
[0.183s] Level 1:colcon.colcon_core.package_identification:_identify(.) by extension 'ignore'
[0.183s] Level 1:colcon.colcon_core.package_identification:_identify(.) by extension 'ignore_ament_install'
[0.183s] Level 1:colcon.colcon_core.package_identification:_identify(.) by extensions ['colcon_pkg']
[0.183s] Level 1:colcon.colcon_core.package_identification:_identify(.) by extension 'colcon_pkg'
[0.183s] Level 1:colcon.colcon_core.package_identification:_identify(.) by extensions ['colcon_meta']
[0.183s] Level 1:colcon.colcon_core.package_identification:_identify(.) by extension 'colcon_meta'
[0.183s] Level 1:colcon.colcon_core.package_identification:_identify(.) by extensions ['ros']
[0.183s] Level 1:colcon.colcon_core.package_identification:_identify(.) by extension 'ros'
[0.190s] Level 1:colcon.colcon_core.package_identification:_identify(.) by extensions ['cmake', 'python']
[0.190s] Level 1:colcon.colcon_core.package_identification:_identify(.) by extension 'cmake'
[0.190s] Level 1:colcon.colcon_core.package_identification:_identify(.) by extension 'python'
[0.190s] Level 1:colcon.colcon_core.package_identification:_identify(.) by extensions ['python_setup_py']
[0.190s] Level 1:colcon.colcon_core.package_identification:_identify(.) by extension 'python_setup_py'
[0.190s] Level 1:colcon.colcon_core.package_identification:_identify(build) by extensions ['ignore', 'ignore_ament_install']
[0.190s] Level 1:colcon.colcon_core.package_identification:_identify(build) by extension 'ignore'
[0.190s] Level 1:colcon.colcon_core.package_identification:_identify(build) ignored
[0.190s] Level 1:colcon.colcon_core.package_identification:_identify(install) by extensions ['ignore', 'ignore_ament_install']
[0.190s] Level 1:colcon.colcon_core.package_identification:_identify(install) by extension 'ignore'
[0.190s] Level 1:colcon.colcon_core.package_identification:_identify(install) ignored
[0.190s] Level 1:colcon.colcon_core.package_identification:_identify(log) by extensions ['ignore', 'ignore_ament_install']
[0.190s] Level 1:colcon.colcon_core.package_identification:_identify(log) by extension 'ignore'
[0.190s] Level 1:colcon.colcon_core.package_identification:_identify(log) ignored
[0.190s] Level 1:colcon.colcon_core.package_identification:_identify(note) by extensions ['ignore', 'ignore_ament_install']
[0.190s] Level 1:colcon.colcon_core.package_identification:_identify(note) by extension 'ignore'
[0.190s] Level 1:colcon.colcon_core.package_identification:_identify(note) by extension 'ignore_ament_install'
[0.190s] Level 1:colcon.colcon_core.package_identification:_identify(note) by extensions ['colcon_pkg']
[0.190s] Level 1:colcon.colcon_core.package_identification:_identify(note) by extension 'colcon_pkg'
[0.191s] Level 1:colcon.colcon_core.package_identification:_identify(note) by extensions ['colcon_meta']
[0.191s] Level 1:colcon.colcon_core.package_identification:_identify(note) by extension 'colcon_meta'
[0.191s] Level 1:colcon.colcon_core.package_identification:_identify(note) by extensions ['ros']
[0.191s] Level 1:colcon.colcon_core.package_identification:_identify(note) by extension 'ros'
[0.191s] Level 1:colcon.colcon_core.package_identification:_identify(note) by extensions ['cmake', 'python']
[0.191s] Level 1:colcon.colcon_core.package_identification:_identify(note) by extension 'cmake'
[0.191s] Level 1:colcon.colcon_core.package_identification:_identify(note) by extension 'python'
[0.191s] Level 1:colcon.colcon_core.package_identification:_identify(note) by extensions ['python_setup_py']
[0.191s] Level 1:colcon.colcon_core.package_identification:_identify(note) by extension 'python_setup_py'
[0.191s] Level 1:colcon.colcon_core.package_identification:_identify(src) by extensions ['ignore', 'ignore_ament_install']
[0.191s] Level 1:colcon.colcon_core.package_identification:_identify(src) by extension 'ignore'
[0.191s] Level 1:colcon.colcon_core.package_identification:_identify(src) by extension 'ignore_ament_install'
[0.191s] Level 1:colcon.colcon_core.package_identification:_identify(src) by extensions ['colcon_pkg']
[0.191s] Level 1:colcon.colcon_core.package_identification:_identify(src) by extension 'colcon_pkg'
[0.191s] Level 1:colcon.colcon_core.package_identification:_identify(src) by extensions ['colcon_meta']
[0.191s] Level 1:colcon.colcon_core.package_identification:_identify(src) by extension 'colcon_meta'
[0.191s] Level 1:colcon.colcon_core.package_identification:_identify(src) by extensions ['ros']
[0.191s] Level 1:colcon.colcon_core.package_identification:_identify(src) by extension 'ros'
[0.191s] Level 1:colcon.colcon_core.package_identification:_identify(src) by extensions ['cmake', 'python']
[0.191s] Level 1:colcon.colcon_core.package_identification:_identify(src) by extension 'cmake'
[0.191s] Level 1:colcon.colcon_core.package_identification:_identify(src) by extension 'python'
[0.191s] Level 1:colcon.colcon_core.package_identification:_identify(src) by extensions ['python_setup_py']
[0.191s] Level 1:colcon.colcon_core.package_identification:_identify(src) by extension 'python_setup_py'
[0.191s] Level 1:colcon.colcon_core.package_identification:_identify(src/apriltag_msgs) by extensions ['ignore', 'ignore_ament_install']
[0.191s] Level 1:colcon.colcon_core.package_identification:_identify(src/apriltag_msgs) by extension 'ignore'
[0.191s] Level 1:colcon.colcon_core.package_identification:_identify(src/apriltag_msgs) by extension 'ignore_ament_install'
[0.191s] Level 1:colcon.colcon_core.package_identification:_identify(src/apriltag_msgs) by extensions ['colcon_pkg']
[0.191s] Level 1:colcon.colcon_core.package_identification:_identify(src/apriltag_msgs) by extension 'colcon_pkg'
[0.191s] Level 1:colcon.colcon_core.package_identification:_identify(src/apriltag_msgs) by extensions ['colcon_meta']
[0.191s] Level 1:colcon.colcon_core.package_identification:_identify(src/apriltag_msgs) by extension 'colcon_meta'
[0.191s] Level 1:colcon.colcon_core.package_identification:_identify(src/apriltag_msgs) by extensions ['ros']
[0.191s] Level 1:colcon.colcon_core.package_identification:_identify(src/apriltag_msgs) by extension 'ros'
[0.193s] DEBUG:colcon.colcon_core.package_identification:Package 'src/apriltag_msgs' with type 'ros.ament_cmake' and name 'apriltag_msgs'
[0.193s] Level 1:colcon.colcon_core.package_identification:_identify(src/apriltag_ros) by extensions ['ignore', 'ignore_ament_install']
[0.193s] Level 1:colcon.colcon_core.package_identification:_identify(src/apriltag_ros) by extension 'ignore'
[0.193s] Level 1:colcon.colcon_core.package_identification:_identify(src/apriltag_ros) by extension 'ignore_ament_install'
[0.193s] Level 1:colcon.colcon_core.package_identification:_identify(src/apriltag_ros) by extensions ['colcon_pkg']
[0.193s] Level 1:colcon.colcon_core.package_identification:_identify(src/apriltag_ros) by extension 'colcon_pkg'
[0.193s] Level 1:colcon.colcon_core.package_identification:_identify(src/apriltag_ros) by extensions ['colcon_meta']
[0.193s] Level 1:colcon.colcon_core.package_identification:_identify(src/apriltag_ros) by extension 'colcon_meta'
[0.193s] Level 1:colcon.colcon_core.package_identification:_identify(src/apriltag_ros) by extensions ['ros']
[0.193s] Level 1:colcon.colcon_core.package_identification:_identify(src/apriltag_ros) by extension 'ros'
[0.195s] DEBUG:colcon.colcon_core.package_identification:Package 'src/apriltag_ros' with type 'ros.ament_cmake' and name 'apriltag_ros'
[0.195s] Level 1:colcon.colcon_core.package_identification:_identify(src/create3_examples) by extensions ['ignore', 'ignore_ament_install']
[0.195s] Level 1:colcon.colcon_core.package_identification:_identify(src/create3_examples) by extension 'ignore'
[0.195s] Level 1:colcon.colcon_core.package_identification:_identify(src/create3_examples) by extension 'ignore_ament_install'
[0.195s] Level 1:colcon.colcon_core.package_identification:_identify(src/create3_examples) by extensions ['colcon_pkg']
[0.195s] Level 1:colcon.colcon_core.package_identification:_identify(src/create3_examples) by extension 'colcon_pkg'
[0.195s] Level 1:colcon.colcon_core.package_identification:_identify(src/create3_examples) by extensions ['colcon_meta']
[0.195s] Level 1:colcon.colcon_core.package_identification:_identify(src/create3_examples) by extension 'colcon_meta'
[0.195s] Level 1:colcon.colcon_core.package_identification:_identify(src/create3_examples) by extensions ['ros']
[0.195s] Level 1:colcon.colcon_core.package_identification:_identify(src/create3_examples) by extension 'ros'
[0.195s] Level 1:colcon.colcon_core.package_identification:_identify(src/create3_examples) by extensions ['cmake', 'python']
[0.195s] Level 1:colcon.colcon_core.package_identification:_identify(src/create3_examples) by extension 'cmake'
[0.195s] Level 1:colcon.colcon_core.package_identification:_identify(src/create3_examples) by extension 'python'
[0.195s] Level 1:colcon.colcon_core.package_identification:_identify(src/create3_examples) by extensions ['python_setup_py']
[0.195s] Level 1:colcon.colcon_core.package_identification:_identify(src/create3_examples) by extension 'python_setup_py'
[0.195s] Level 1:colcon.colcon_core.package_identification:_identify(src/create3_examples/create3_coverage) by extensions ['ignore', 'ignore_ament_install']
[0.195s] Level 1:colcon.colcon_core.package_identification:_identify(src/create3_examples/create3_coverage) by extension 'ignore'
[0.195s] Level 1:colcon.colcon_core.package_identification:_identify(src/create3_examples/create3_coverage) by extension 'ignore_ament_install'
[0.195s] Level 1:colcon.colcon_core.package_identification:_identify(src/create3_examples/create3_coverage) by extensions ['colcon_pkg']
[0.195s] Level 1:colcon.colcon_core.package_identification:_identify(src/create3_examples/create3_coverage) by extension 'colcon_pkg'
[0.195s] Level 1:colcon.colcon_core.package_identification:_identify(src/create3_examples/create3_coverage) by extensions ['colcon_meta']
[0.195s] Level 1:colcon.colcon_core.package_identification:_identify(src/create3_examples/create3_coverage) by extension 'colcon_meta'
[0.195s] Level 1:colcon.colcon_core.package_identification:_identify(src/create3_examples/create3_coverage) by extensions ['ros']
[0.195s] Level 1:colcon.colcon_core.package_identification:_identify(src/create3_examples/create3_coverage) by extension 'ros'
[0.197s] DEBUG:colcon.colcon_core.package_identification:Package 'src/create3_examples/create3_coverage' with type 'ros.ament_cmake' and name 'create3_coverage'
[0.197s] Level 1:colcon.colcon_core.package_identification:_identify(src/create3_examples/create3_examples_msgs) by extensions ['ignore', 'ignore_ament_install']
[0.197s] Level 1:colcon.colcon_core.package_identification:_identify(src/create3_examples/create3_examples_msgs) by extension 'ignore'
[0.197s] Level 1:colcon.colcon_core.package_identification:_identify(src/create3_examples/create3_examples_msgs) by extension 'ignore_ament_install'
[0.197s] Level 1:colcon.colcon_core.package_identification:_identify(src/create3_examples/create3_examples_msgs) by extensions ['colcon_pkg']
[0.197s] Level 1:colcon.colcon_core.package_identification:_identify(src/create3_examples/create3_examples_msgs) by extension 'colcon_pkg'
[0.197s] Level 1:colcon.colcon_core.package_identification:_identify(src/create3_examples/create3_examples_msgs) by extensions ['colcon_meta']
[0.197s] Level 1:colcon.colcon_core.package_identification:_identify(src/create3_examples/create3_examples_msgs) by extension 'colcon_meta'
[0.197s] Level 1:colcon.colcon_core.package_identification:_identify(src/create3_examples/create3_examples_msgs) by extensions ['ros']
[0.197s] Level 1:colcon.colcon_core.package_identification:_identify(src/create3_examples/create3_examples_msgs) by extension 'ros'
[0.197s] DEBUG:colcon.colcon_core.package_identification:Package 'src/create3_examples/create3_examples_msgs' with type 'ros.ament_cmake' and name 'create3_examples_msgs'
[0.198s] Level 1:colcon.colcon_core.package_identification:_identify(src/create3_examples/create3_examples_py) by extensions ['ignore', 'ignore_ament_install']
[0.198s] Level 1:colcon.colcon_core.package_identification:_identify(src/create3_examples/create3_examples_py) by extension 'ignore'
[0.198s] Level 1:colcon.colcon_core.package_identification:_identify(src/create3_examples/create3_examples_py) by extension 'ignore_ament_install'
[0.198s] Level 1:colcon.colcon_core.package_identification:_identify(src/create3_examples/create3_examples_py) by extensions ['colcon_pkg']
[0.198s] Level 1:colcon.colcon_core.package_identification:_identify(src/create3_examples/create3_examples_py) by extension 'colcon_pkg'
[0.198s] Level 1:colcon.colcon_core.package_identification:_identify(src/create3_examples/create3_examples_py) by extensions ['colcon_meta']
[0.198s] Level 1:colcon.colcon_core.package_identification:_identify(src/create3_examples/create3_examples_py) by extension 'colcon_meta'
[0.198s] Level 1:colcon.colcon_core.package_identification:_identify(src/create3_examples/create3_examples_py) by extensions ['ros']
[0.198s] Level 1:colcon.colcon_core.package_identification:_identify(src/create3_examples/create3_examples_py) by extension 'ros'
[0.198s] DEBUG:colcon.colcon_core.package_identification:Package 'src/create3_examples/create3_examples_py' with type 'ros.ament_python' and name 'create3_examples_py'
[0.198s] Level 1:colcon.colcon_core.package_identification:_identify(src/create3_examples/create3_lidar_slam) by extensions ['ignore', 'ignore_ament_install']
[0.198s] Level 1:colcon.colcon_core.package_identification:_identify(src/create3_examples/create3_lidar_slam) by extension 'ignore'
[0.198s] Level 1:colcon.colcon_core.package_identification:_identify(src/create3_examples/create3_lidar_slam) by extension 'ignore_ament_install'
[0.198s] Level 1:colcon.colcon_core.package_identification:_identify(src/create3_examples/create3_lidar_slam) by extensions ['colcon_pkg']
[0.198s] Level 1:colcon.colcon_core.package_identification:_identify(src/create3_examples/create3_lidar_slam) by extension 'colcon_pkg'
[0.198s] Level 1:colcon.colcon_core.package_identification:_identify(src/create3_examples/create3_lidar_slam) by extensions ['colcon_meta']
[0.198s] Level 1:colcon.colcon_core.package_identification:_identify(src/create3_examples/create3_lidar_slam) by extension 'colcon_meta'
[0.198s] Level 1:colcon.colcon_core.package_identification:_identify(src/create3_examples/create3_lidar_slam) by extensions ['ros']
[0.198s] Level 1:colcon.colcon_core.package_identification:_identify(src/create3_examples/create3_lidar_slam) by extension 'ros'
[0.199s] DEBUG:colcon.colcon_core.package_identification:Package 'src/create3_examples/create3_lidar_slam' with type 'ros.ament_cmake' and name 'create3_lidar_slam'
[0.199s] Level 1:colcon.colcon_core.package_identification:_identify(src/create3_examples/create3_republisher) by extensions ['ignore', 'ignore_ament_install']
[0.199s] Level 1:colcon.colcon_core.package_identification:_identify(src/create3_examples/create3_republisher) by extension 'ignore'
[0.199s] Level 1:colcon.colcon_core.package_identification:_identify(src/create3_examples/create3_republisher) by extension 'ignore_ament_install'
[0.199s] Level 1:colcon.colcon_core.package_identification:_identify(src/create3_examples/create3_republisher) by extensions ['colcon_pkg']
[0.199s] Level 1:colcon.colcon_core.package_identification:_identify(src/create3_examples/create3_republisher) by extension 'colcon_pkg'
[0.199s] Level 1:colcon.colcon_core.package_identification:_identify(src/create3_examples/create3_republisher) by extensions ['colcon_meta']
[0.199s] Level 1:colcon.colcon_core.package_identification:_identify(src/create3_examples/create3_republisher) by extension 'colcon_meta'
[0.199s] Level 1:colcon.colcon_core.package_identification:_identify(src/create3_examples/create3_republisher) by extensions ['ros']
[0.199s] Level 1:colcon.colcon_core.package_identification:_identify(src/create3_examples/create3_republisher) by extension 'ros'
[0.200s] DEBUG:colcon.colcon_core.package_identification:Package 'src/create3_examples/create3_republisher' with type 'ros.ament_cmake' and name 'create3_republisher'
[0.200s] Level 1:colcon.colcon_core.package_identification:_identify(src/create3_examples/create3_teleop) by extensions ['ignore', 'ignore_ament_install']
[0.200s] Level 1:colcon.colcon_core.package_identification:_identify(src/create3_examples/create3_teleop) by extension 'ignore'
[0.200s] Level 1:colcon.colcon_core.package_identification:_identify(src/create3_examples/create3_teleop) by extension 'ignore_ament_install'
[0.200s] Level 1:colcon.colcon_core.package_identification:_identify(src/create3_examples/create3_teleop) by extensions ['colcon_pkg']
[0.200s] Level 1:colcon.colcon_core.package_identification:_identify(src/create3_examples/create3_teleop) by extension 'colcon_pkg'
[0.200s] Level 1:colcon.colcon_core.package_identification:_identify(src/create3_examples/create3_teleop) by extensions ['colcon_meta']
[0.200s] Level 1:colcon.colcon_core.package_identification:_identify(src/create3_examples/create3_teleop) by extension 'colcon_meta'
[0.200s] Level 1:colcon.colcon_core.package_identification:_identify(src/create3_examples/create3_teleop) by extensions ['ros']
[0.200s] Level 1:colcon.colcon_core.package_identification:_identify(src/create3_examples/create3_teleop) by extension 'ros'
[0.200s] DEBUG:colcon.colcon_core.package_identification:Package 'src/create3_examples/create3_teleop' with type 'ros.ament_python' and name 'create3_teleop'
[0.200s] Level 1:colcon.colcon_core.package_identification:_identify(src/my_first_package) by extensions ['ignore', 'ignore_ament_install']
[0.200s] Level 1:colcon.colcon_core.package_identification:_identify(src/my_first_package) by extension 'ignore'
[0.200s] Level 1:colcon.colcon_core.package_identification:_identify(src/my_first_package) by extension 'ignore_ament_install'
[0.200s] Level 1:colcon.colcon_core.package_identification:_identify(src/my_first_package) by extensions ['colcon_pkg']
[0.200s] Level 1:colcon.colcon_core.package_identification:_identify(src/my_first_package) by extension 'colcon_pkg'
[0.200s] Level 1:colcon.colcon_core.package_identification:_identify(src/my_first_package) by extensions ['colcon_meta']
[0.200s] Level 1:colcon.colcon_core.package_identification:_identify(src/my_first_package) by extension 'colcon_meta'
[0.201s] Level 1:colcon.colcon_core.package_identification:_identify(src/my_first_package) by extensions ['ros']
[0.201s] Level 1:colcon.colcon_core.package_identification:_identify(src/my_first_package) by extension 'ros'
[0.201s] Level 1:colcon.colcon_core.package_identification:_identify(src/my_first_package) by extensions ['cmake', 'python']
[0.201s] Level 1:colcon.colcon_core.package_identification:_identify(src/my_first_package) by extension 'cmake'
[0.201s] Level 1:colcon.colcon_core.package_identification:_identify(src/my_first_package) by extension 'python'
[0.201s] Level 1:colcon.colcon_core.package_identification:_identify(src/my_first_package) by extensions ['python_setup_py']
[0.201s] Level 1:colcon.colcon_core.package_identification:_identify(src/my_first_package) by extension 'python_setup_py'
[0.201s] Level 1:colcon.colcon_core.package_identification:_identify(src/my_first_package/my_first_package) by extensions ['ignore', 'ignore_ament_install']
[0.208s] Level 1:colcon.colcon_core.package_identification:_identify(src/my_first_package/my_first_package) by extension 'ignore'
[0.208s] Level 1:colcon.colcon_core.package_identification:_identify(src/my_first_package/my_first_package) by extension 'ignore_ament_install'
[0.208s] Level 1:colcon.colcon_core.package_identification:_identify(src/my_first_package/my_first_package) by extensions ['colcon_pkg']
[0.208s] Level 1:colcon.colcon_core.package_identification:_identify(src/my_first_package/my_first_package) by extension 'colcon_pkg'
[0.208s] Level 1:colcon.colcon_core.package_identification:_identify(src/my_first_package/my_first_package) by extensions ['colcon_meta']
[0.208s] Level 1:colcon.colcon_core.package_identification:_identify(src/my_first_package/my_first_package) by extension 'colcon_meta'
[0.208s] Level 1:colcon.colcon_core.package_identification:_identify(src/my_first_package/my_first_package) by extensions ['ros']
[0.208s] Level 1:colcon.colcon_core.package_identification:_identify(src/my_first_package/my_first_package) by extension 'ros'
[0.208s] Level 1:colcon.colcon_core.package_identification:_identify(src/my_first_package/my_first_package) by extensions ['cmake', 'python']
[0.208s] Level 1:colcon.colcon_core.package_identification:_identify(src/my_first_package/my_first_package) by extension 'cmake'
[0.208s] Level 1:colcon.colcon_core.package_identification:_identify(src/my_first_package/my_first_package) by extension 'python'
[0.208s] Level 1:colcon.colcon_core.package_identification:_identify(src/my_first_package/my_first_package) by extensions ['python_setup_py']
[0.208s] Level 1:colcon.colcon_core.package_identification:_identify(src/my_first_package/my_first_package) by extension 'python_setup_py'
[0.208s] Level 1:colcon.colcon_core.package_identification:_identify(src/my_robot_navigation) by extensions ['ignore', 'ignore_ament_install']
[0.208s] Level 1:colcon.colcon_core.package_identification:_identify(src/my_robot_navigation) by extension 'ignore'
[0.208s] Level 1:colcon.colcon_core.package_identification:_identify(src/my_robot_navigation) by extension 'ignore_ament_install'
[0.208s] Level 1:colcon.colcon_core.package_identification:_identify(src/my_robot_navigation) by extensions ['colcon_pkg']
[0.208s] Level 1:colcon.colcon_core.package_identification:_identify(src/my_robot_navigation) by extension 'colcon_pkg'
[0.208s] Level 1:colcon.colcon_core.package_identification:_identify(src/my_robot_navigation) by extensions ['colcon_meta']
[0.208s] Level 1:colcon.colcon_core.package_identification:_identify(src/my_robot_navigation) by extension 'colcon_meta'
[0.208s] Level 1:colcon.colcon_core.package_identification:_identify(src/my_robot_navigation) by extensions ['ros']
[0.208s] Level 1:colcon.colcon_core.package_identification:_identify(src/my_robot_navigation) by extension 'ros'
[0.209s] DEBUG:colcon.colcon_core.package_identification:Package 'src/my_robot_navigation' with type 'ros.ament_python' and name 'my_robot_navigation'
[0.209s] Level 1:colcon.colcon_core.package_identification:_identify(src/my_robot_slam) by extensions ['ignore', 'ignore_ament_install']
[0.209s] Level 1:colcon.colcon_core.package_identification:_identify(src/my_robot_slam) by extension 'ignore'
[0.209s] Level 1:colcon.colcon_core.package_identification:_identify(src/my_robot_slam) by extension 'ignore_ament_install'
[0.209s] Level 1:colcon.colcon_core.package_identification:_identify(src/my_robot_slam) by extensions ['colcon_pkg']
[0.209s] Level 1:colcon.colcon_core.package_identification:_identify(src/my_robot_slam) by extension 'colcon_pkg'
[0.209s] Level 1:colcon.colcon_core.package_identification:_identify(src/my_robot_slam) by extensions ['colcon_meta']
[0.209s] Level 1:colcon.colcon_core.package_identification:_identify(src/my_robot_slam) by extension 'colcon_meta'
[0.209s] Level 1:colcon.colcon_core.package_identification:_identify(src/my_robot_slam) by extensions ['ros']
[0.209s] Level 1:colcon.colcon_core.package_identification:_identify(src/my_robot_slam) by extension 'ros'
[0.209s] DEBUG:colcon.colcon_core.package_identification:Package 'src/my_robot_slam' with type 'ros.ament_cmake' and name 'my_robot_slam'
[0.209s] Level 1:colcon.colcon_core.package_identification:_identify(src/object_detection) by extensions ['ignore', 'ignore_ament_install']
[0.209s] Level 1:colcon.colcon_core.package_identification:_identify(src/object_detection) by extension 'ignore'
[0.209s] Level 1:colcon.colcon_core.package_identification:_identify(src/object_detection) by extension 'ignore_ament_install'
[0.209s] Level 1:colcon.colcon_core.package_identification:_identify(src/object_detection) by extensions ['colcon_pkg']
[0.210s] Level 1:colcon.colcon_core.package_identification:_identify(src/object_detection) by extension 'colcon_pkg'
[0.210s] Level 1:colcon.colcon_core.package_identification:_identify(src/object_detection) by extensions ['colcon_meta']
[0.210s] Level 1:colcon.colcon_core.package_identification:_identify(src/object_detection) by extension 'colcon_meta'
[0.210s] Level 1:colcon.colcon_core.package_identification:_identify(src/object_detection) by extensions ['ros']
[0.210s] Level 1:colcon.colcon_core.package_identification:_identify(src/object_detection) by extension 'ros'
[0.210s] DEBUG:colcon.colcon_core.package_identification:Package 'src/object_detection' with type 'ros.ament_python' and name 'object_detection'
[0.210s] Level 1:colcon.colcon_core.package_identification:_identify(src/pub_sub) by extensions ['ignore', 'ignore_ament_install']
[0.210s] Level 1:colcon.colcon_core.package_identification:_identify(src/pub_sub) by extension 'ignore'
[0.210s] Level 1:colcon.colcon_core.package_identification:_identify(src/pub_sub) by extension 'ignore_ament_install'
[0.210s] Level 1:colcon.colcon_core.package_identification:_identify(src/pub_sub) by extensions ['colcon_pkg']
[0.210s] Level 1:colcon.colcon_core.package_identification:_identify(src/pub_sub) by extension 'colcon_pkg'
[0.210s] Level 1:colcon.colcon_core.package_identification:_identify(src/pub_sub) by extensions ['colcon_meta']
[0.210s] Level 1:colcon.colcon_core.package_identification:_identify(src/pub_sub) by extension 'colcon_meta'
[0.210s] Level 1:colcon.colcon_core.package_identification:_identify(src/pub_sub) by extensions ['ros']
[0.210s] Level 1:colcon.colcon_core.package_identification:_identify(src/pub_sub) by extension 'ros'
[0.211s] DEBUG:colcon.colcon_core.package_identification:Package 'src/pub_sub' with type 'ros.ament_python' and name 'pub_sub'
[0.211s] Level 1:colcon.colcon_core.package_identification:_identify(src/robot_bringup) by extensions ['ignore', 'ignore_ament_install']
[0.211s] Level 1:colcon.colcon_core.package_identification:_identify(src/robot_bringup) by extension 'ignore'
[0.211s] Level 1:colcon.colcon_core.package_identification:_identify(src/robot_bringup) by extension 'ignore_ament_install'
[0.211s] Level 1:colcon.colcon_core.package_identification:_identify(src/robot_bringup) by extensions ['colcon_pkg']
[0.211s] Level 1:colcon.colcon_core.package_identification:_identify(src/robot_bringup) by extension 'colcon_pkg'
[0.211s] Level 1:colcon.colcon_core.package_identification:_identify(src/robot_bringup) by extensions ['colcon_meta']
[0.211s] Level 1:colcon.colcon_core.package_identification:_identify(src/robot_bringup) by extension 'colcon_meta'
[0.211s] Level 1:colcon.colcon_core.package_identification:_identify(src/robot_bringup) by extensions ['ros']
[0.211s] Level 1:colcon.colcon_core.package_identification:_identify(src/robot_bringup) by extension 'ros'
[0.211s] DEBUG:colcon.colcon_core.package_identification:Package 'src/robot_bringup' with type 'ros.ament_python' and name 'robot_bringup'
[0.212s] Level 1:colcon.colcon_core.package_identification:_identify(src/rplidar-ros) by extensions ['ignore', 'ignore_ament_install']
[0.212s] Level 1:colcon.colcon_core.package_identification:_identify(src/rplidar-ros) by extension 'ignore'
[0.212s] Level 1:colcon.colcon_core.package_identification:_identify(src/rplidar-ros) by extension 'ignore_ament_install'
[0.212s] Level 1:colcon.colcon_core.package_identification:_identify(src/rplidar-ros) by extensions ['colcon_pkg']
[0.212s] Level 1:colcon.colcon_core.package_identification:_identify(src/rplidar-ros) by extension 'colcon_pkg'
[0.212s] Level 1:colcon.colcon_core.package_identification:_identify(src/rplidar-ros) by extensions ['colcon_meta']
[0.212s] Level 1:colcon.colcon_core.package_identification:_identify(src/rplidar-ros) by extension 'colcon_meta'
[0.212s] Level 1:colcon.colcon_core.package_identification:_identify(src/rplidar-ros) by extensions ['ros']
[0.212s] Level 1:colcon.colcon_core.package_identification:_identify(src/rplidar-ros) by extension 'ros'
[0.213s] DEBUG:colcon.colcon_core.package_identification:Package 'src/rplidar-ros' with type 'ros.ament_cmake' and name 'rplidar_ros'
[0.213s] Level 1:colcon.colcon_core.package_identification:_identify(src/tag_detection) by extensions ['ignore', 'ignore_ament_install']
[0.213s] Level 1:colcon.colcon_core.package_identification:_identify(src/tag_detection) by extension 'ignore'
[0.213s] Level 1:colcon.colcon_core.package_identification:_identify(src/tag_detection) by extension 'ignore_ament_install'
[0.213s] Level 1:colcon.colcon_core.package_identification:_identify(src/tag_detection) by extensions ['colcon_pkg']
[0.213s] Level 1:colcon.colcon_core.package_identification:_identify(src/tag_detection) by extension 'colcon_pkg'
[0.213s] Level 1:colcon.colcon_core.package_identification:_identify(src/tag_detection) by extensions ['colcon_meta']
[0.213s] Level 1:colcon.colcon_core.package_identification:_identify(src/tag_detection) by extension 'colcon_meta'
[0.213s] Level 1:colcon.colcon_core.package_identification:_identify(src/tag_detection) by extensions ['ros']
[0.213s] Level 1:colcon.colcon_core.package_identification:_identify(src/tag_detection) by extension 'ros'
[0.213s] DEBUG:colcon.colcon_core.package_identification:Package 'src/tag_detection' with type 'ros.ament_python' and name 'tag_detection'
[0.213s] Level 1:colcon.colcon_core.package_identification:_identify(src/teleop) by extensions ['ignore', 'ignore_ament_install']
[0.214s] Level 1:colcon.colcon_core.package_identification:_identify(src/teleop) by extension 'ignore'
[0.214s] Level 1:colcon.colcon_core.package_identification:_identify(src/teleop) by extension 'ignore_ament_install'
[0.214s] Level 1:colcon.colcon_core.package_identification:_identify(src/teleop) by extensions ['colcon_pkg']
[0.214s] Level 1:colcon.colcon_core.package_identification:_identify(src/teleop) by extension 'colcon_pkg'
[0.214s] Level 1:colcon.colcon_core.package_identification:_identify(src/teleop) by extensions ['colcon_meta']
[0.214s] Level 1:colcon.colcon_core.package_identification:_identify(src/teleop) by extension 'colcon_meta'
[0.214s] Level 1:colcon.colcon_core.package_identification:_identify(src/teleop) by extensions ['ros']
[0.214s] Level 1:colcon.colcon_core.package_identification:_identify(src/teleop) by extension 'ros'
[0.214s] DEBUG:colcon.colcon_core.package_identification:Package 'src/teleop' with type 'ros.ament_python' and name 'teleop'
[0.214s] Level 1:colcon.colcon_core.package_identification:_identify(src/webcam_bringup) by extensions ['ignore', 'ignore_ament_install']
[0.214s] Level 1:colcon.colcon_core.package_identification:_identify(src/webcam_bringup) by extension 'ignore'
[0.214s] Level 1:colcon.colcon_core.package_identification:_identify(src/webcam_bringup) by extension 'ignore_ament_install'
[0.214s] Level 1:colcon.colcon_core.package_identification:_identify(src/webcam_bringup) by extensions ['colcon_pkg']
[0.214s] Level 1:colcon.colcon_core.package_identification:_identify(src/webcam_bringup) by extension 'colcon_pkg'
[0.214s] Level 1:colcon.colcon_core.package_identification:_identify(src/webcam_bringup) by extensions ['colcon_meta']
[0.214s] Level 1:colcon.colcon_core.package_identification:_identify(src/webcam_bringup) by extension 'colcon_meta'
[0.214s] Level 1:colcon.colcon_core.package_identification:_identify(src/webcam_bringup) by extensions ['ros']
[0.214s] Level 1:colcon.colcon_core.package_identification:_identify(src/webcam_bringup) by extension 'ros'
[0.215s] DEBUG:colcon.colcon_core.package_identification:Package 'src/webcam_bringup' with type 'ros.ament_python' and name 'webcam_bringup'
[0.215s] Level 1:colcon.colcon_core.package_identification:_identify(vs_worspace) by extensions ['ignore', 'ignore_ament_install']
[0.215s] Level 1:colcon.colcon_core.package_identification:_identify(vs_worspace) by extension 'ignore'
[0.215s] Level 1:colcon.colcon_core.package_identification:_identify(vs_worspace) by extension 'ignore_ament_install'
[0.215s] Level 1:colcon.colcon_core.package_identification:_identify(vs_worspace) by extensions ['colcon_pkg']
[0.215s] Level 1:colcon.colcon_core.package_identification:_identify(vs_worspace) by extension 'colcon_pkg'
[0.215s] Level 1:colcon.colcon_core.package_identification:_identify(vs_worspace) by extensions ['colcon_meta']
[0.215s] Level 1:colcon.colcon_core.package_identification:_identify(vs_worspace) by extension 'colcon_meta'
[0.215s] Level 1:colcon.colcon_core.package_identification:_identify(vs_worspace) by extensions ['ros']
[0.215s] Level 1:colcon.colcon_core.package_identification:_identify(vs_worspace) by extension 'ros'
[0.215s] Level 1:colcon.colcon_core.package_identification:_identify(vs_worspace) by extensions ['cmake', 'python']
[0.215s] Level 1:colcon.colcon_core.package_identification:_identify(vs_worspace) by extension 'cmake'
[0.215s] Level 1:colcon.colcon_core.package_identification:_identify(vs_worspace) by extension 'python'
[0.215s] Level 1:colcon.colcon_core.package_identification:_identify(vs_worspace) by extensions ['python_setup_py']
[0.215s] Level 1:colcon.colcon_core.package_identification:_identify(vs_worspace) by extension 'python_setup_py'
[0.215s] Level 1:colcon.colcon_core.package_discovery:discover_packages(recursive) using defaults
[0.215s] Level 1:colcon.colcon_core.package_discovery:discover_packages(ignore) discover
[0.215s] Level 1:colcon.colcon_core.package_discovery:discover_packages(ignore) using defaults
[0.215s] Level 1:colcon.colcon_core.package_discovery:discover_packages(path) discover
[0.215s] Level 1:colcon.colcon_core.package_discovery:discover_packages(path) using defaults
[0.230s] Level 1:colcon.colcon_core.package_discovery:discover_packages(prefix_path) check parameters
[0.230s] Level 1:colcon.colcon_core.package_discovery:discover_packages(prefix_path) discover
[0.231s] DEBUG:colcon.colcon_installed_package_information.package_discovery:Found 17 installed packages in /home/rss/robot_harry/robotik/install
[0.232s] DEBUG:colcon.colcon_installed_package_information.package_discovery:Found 346 installed packages in /opt/ros/humble
[0.234s] Level 1:colcon.colcon_core.package_discovery:discover_packages(prefix_path) using defaults
[0.261s] Level 5:colcon.colcon_core.verb:set package 'apriltag_msgs' build argument 'cmake_args' from command line to 'None'
[0.261s] Level 5:colcon.colcon_core.verb:set package 'apriltag_msgs' build argument 'cmake_target' from command line to 'None'
[0.261s] Level 5:colcon.colcon_core.verb:set package 'apriltag_msgs' build argument 'cmake_target_skip_unavailable' from command line to 'False'
[0.261s] Level 5:colcon.colcon_core.verb:set package 'apriltag_msgs' build argument 'cmake_clean_cache' from command line to 'False'
[0.261s] Level 5:colcon.colcon_core.verb:set package 'apriltag_msgs' build argument 'cmake_clean_first' from command line to 'False'
[0.261s] Level 5:colcon.colcon_core.verb:set package 'apriltag_msgs' build argument 'cmake_force_configure' from command line to 'False'
[0.261s] Level 5:colcon.colcon_core.verb:set package 'apriltag_msgs' build argument 'ament_cmake_args' from command line to 'None'
[0.261s] Level 5:colcon.colcon_core.verb:set package 'apriltag_msgs' build argument 'catkin_cmake_args' from command line to 'None'
[0.261s] Level 5:colcon.colcon_core.verb:set package 'apriltag_msgs' build argument 'catkin_skip_building_tests' from command line to 'False'
[0.261s] DEBUG:colcon.colcon_core.verb:Building package 'apriltag_msgs' with the following arguments: {'ament_cmake_args': None, 'build_base': '/home/rss/robot_harry/robotik/build/apriltag_msgs', 'catkin_cmake_args': None, 'catkin_skip_building_tests': False, 'cmake_args': None, 'cmake_clean_cache': False, 'cmake_clean_first': False, 'cmake_force_configure': False, 'cmake_target': None, 'cmake_target_skip_unavailable': False, 'install_base': '/home/rss/robot_harry/robotik/install/apriltag_msgs', 'merge_install': False, 'path': '/home/rss/robot_harry/robotik/src/apriltag_msgs', 'symlink_install': False, 'test_result_base': None}
[0.261s] Level 5:colcon.colcon_core.verb:set package 'create3_examples_msgs' build argument 'cmake_args' from command line to 'None'
[0.261s] Level 5:colcon.colcon_core.verb:set package 'create3_examples_msgs' build argument 'cmake_target' from command line to 'None'
[0.261s] Level 5:colcon.colcon_core.verb:set package 'create3_examples_msgs' build argument 'cmake_target_skip_unavailable' from command line to 'False'
[0.261s] Level 5:colcon.colcon_core.verb:set package 'create3_examples_msgs' build argument 'cmake_clean_cache' from command line to 'False'
[0.261s] Level 5:colcon.colcon_core.verb:set package 'create3_examples_msgs' build argument 'cmake_clean_first' from command line to 'False'
[0.261s] Level 5:colcon.colcon_core.verb:set package 'create3_examples_msgs' build argument 'cmake_force_configure' from command line to 'False'
[0.261s] Level 5:colcon.colcon_core.verb:set package 'create3_examples_msgs' build argument 'ament_cmake_args' from command line to 'None'
[0.261s] Level 5:colcon.colcon_core.verb:set package 'create3_examples_msgs' build argument 'catkin_cmake_args' from command line to 'None'
[0.261s] Level 5:colcon.colcon_core.verb:set package 'create3_examples_msgs' build argument 'catkin_skip_building_tests' from command line to 'False'
[0.261s] DEBUG:colcon.colcon_core.verb:Building package 'create3_examples_msgs' with the following arguments: {'ament_cmake_args': None, 'build_base': '/home/rss/robot_harry/robotik/build/create3_examples_msgs', 'catkin_cmake_args': None, 'catkin_skip_building_tests': False, 'cmake_args': None, 'cmake_clean_cache': False, 'cmake_clean_first': False, 'cmake_force_configure': False, 'cmake_target': None, 'cmake_target_skip_unavailable': False, 'install_base': '/home/rss/robot_harry/robotik/install/create3_examples_msgs', 'merge_install': False, 'path': '/home/rss/robot_harry/robotik/src/create3_examples/create3_examples_msgs', 'symlink_install': False, 'test_result_base': None}
[0.262s] Level 5:colcon.colcon_core.verb:set package 'create3_examples_py' build argument 'cmake_args' from command line to 'None'
[0.262s] Level 5:colcon.colcon_core.verb:set package 'create3_examples_py' build argument 'cmake_target' from command line to 'None'
[0.262s] Level 5:colcon.colcon_core.verb:set package 'create3_examples_py' build argument 'cmake_target_skip_unavailable' from command line to 'False'
[0.262s] Level 5:colcon.colcon_core.verb:set package 'create3_examples_py' build argument 'cmake_clean_cache' from command line to 'False'
[0.262s] Level 5:colcon.colcon_core.verb:set package 'create3_examples_py' build argument 'cmake_clean_first' from command line to 'False'
[0.262s] Level 5:colcon.colcon_core.verb:set package 'create3_examples_py' build argument 'cmake_force_configure' from command line to 'False'
[0.262s] Level 5:colcon.colcon_core.verb:set package 'create3_examples_py' build argument 'ament_cmake_args' from command line to 'None'
[0.262s] Level 5:colcon.colcon_core.verb:set package 'create3_examples_py' build argument 'catkin_cmake_args' from command line to 'None'
[0.262s] Level 5:colcon.colcon_core.verb:set package 'create3_examples_py' build argument 'catkin_skip_building_tests' from command line to 'False'
[0.262s] DEBUG:colcon.colcon_core.verb:Building package 'create3_examples_py' with the following arguments: {'ament_cmake_args': None, 'build_base': '/home/rss/robot_harry/robotik/build/create3_examples_py', 'catkin_cmake_args': None, 'catkin_skip_building_tests': False, 'cmake_args': None, 'cmake_clean_cache': False, 'cmake_clean_first': False, 'cmake_force_configure': False, 'cmake_target': None, 'cmake_target_skip_unavailable': False, 'install_base': '/home/rss/robot_harry/robotik/install/create3_examples_py', 'merge_install': False, 'path': '/home/rss/robot_harry/robotik/src/create3_examples/create3_examples_py', 'symlink_install': False, 'test_result_base': None}
[0.262s] Level 5:colcon.colcon_core.verb:set package 'create3_republisher' build argument 'cmake_args' from command line to 'None'
[0.262s] Level 5:colcon.colcon_core.verb:set package 'create3_republisher' build argument 'cmake_target' from command line to 'None'
[0.262s] Level 5:colcon.colcon_core.verb:set package 'create3_republisher' build argument 'cmake_target_skip_unavailable' from command line to 'False'
[0.262s] Level 5:colcon.colcon_core.verb:set package 'create3_republisher' build argument 'cmake_clean_cache' from command line to 'False'
[0.262s] Level 5:colcon.colcon_core.verb:set package 'create3_republisher' build argument 'cmake_clean_first' from command line to 'False'
[0.262s] Level 5:colcon.colcon_core.verb:set package 'create3_republisher' build argument 'cmake_force_configure' from command line to 'False'
[0.262s] Level 5:colcon.colcon_core.verb:set package 'create3_republisher' build argument 'ament_cmake_args' from command line to 'None'
[0.262s] Level 5:colcon.colcon_core.verb:set package 'create3_republisher' build argument 'catkin_cmake_args' from command line to 'None'
[0.262s] Level 5:colcon.colcon_core.verb:set package 'create3_republisher' build argument 'catkin_skip_building_tests' from command line to 'False'
[0.262s] DEBUG:colcon.colcon_core.verb:Building package 'create3_republisher' with the following arguments: {'ament_cmake_args': None, 'build_base': '/home/rss/robot_harry/robotik/build/create3_republisher', 'catkin_cmake_args': None, 'catkin_skip_building_tests': False, 'cmake_args': None, 'cmake_clean_cache': False, 'cmake_clean_first': False, 'cmake_force_configure': False, 'cmake_target': None, 'cmake_target_skip_unavailable': False, 'install_base': '/home/rss/robot_harry/robotik/install/create3_republisher', 'merge_install': False, 'path': '/home/rss/robot_harry/robotik/src/create3_examples/create3_republisher', 'symlink_install': False, 'test_result_base': None}
[0.262s] Level 5:colcon.colcon_core.verb:set package 'create3_teleop' build argument 'cmake_args' from command line to 'None'
[0.262s] Level 5:colcon.colcon_core.verb:set package 'create3_teleop' build argument 'cmake_target' from command line to 'None'
[0.262s] Level 5:colcon.colcon_core.verb:set package 'create3_teleop' build argument 'cmake_target_skip_unavailable' from command line to 'False'
[0.262s] Level 5:colcon.colcon_core.verb:set package 'create3_teleop' build argument 'cmake_clean_cache' from command line to 'False'
[0.262s] Level 5:colcon.colcon_core.verb:set package 'create3_teleop' build argument 'cmake_clean_first' from command line to 'False'
[0.262s] Level 5:colcon.colcon_core.verb:set package 'create3_teleop' build argument 'cmake_force_configure' from command line to 'False'
[0.262s] Level 5:colcon.colcon_core.verb:set package 'create3_teleop' build argument 'ament_cmake_args' from command line to 'None'
[0.262s] Level 5:colcon.colcon_core.verb:set package 'create3_teleop' build argument 'catkin_cmake_args' from command line to 'None'
[0.262s] Level 5:colcon.colcon_core.verb:set package 'create3_teleop' build argument 'catkin_skip_building_tests' from command line to 'False'
[0.262s] DEBUG:colcon.colcon_core.verb:Building package 'create3_teleop' with the following arguments: {'ament_cmake_args': None, 'build_base': '/home/rss/robot_harry/robotik/build/create3_teleop', 'catkin_cmake_args': None, 'catkin_skip_building_tests': False, 'cmake_args': None, 'cmake_clean_cache': False, 'cmake_clean_first': False, 'cmake_force_configure': False, 'cmake_target': None, 'cmake_target_skip_unavailable': False, 'install_base': '/home/rss/robot_harry/robotik/install/create3_teleop', 'merge_install': False, 'path': '/home/rss/robot_harry/robotik/src/create3_examples/create3_teleop', 'symlink_install': False, 'test_result_base': None}
[0.263s] Level 5:colcon.colcon_core.verb:set package 'my_robot_navigation' build argument 'cmake_args' from command line to 'None'
[0.263s] Level 5:colcon.colcon_core.verb:set package 'my_robot_navigation' build argument 'cmake_target' from command line to 'None'
[0.263s] Level 5:colcon.colcon_core.verb:set package 'my_robot_navigation' build argument 'cmake_target_skip_unavailable' from command line to 'False'
[0.263s] Level 5:colcon.colcon_core.verb:set package 'my_robot_navigation' build argument 'cmake_clean_cache' from command line to 'False'
[0.263s] Level 5:colcon.colcon_core.verb:set package 'my_robot_navigation' build argument 'cmake_clean_first' from command line to 'False'
[0.263s] Level 5:colcon.colcon_core.verb:set package 'my_robot_navigation' build argument 'cmake_force_configure' from command line to 'False'
[0.263s] Level 5:colcon.colcon_core.verb:set package 'my_robot_navigation' build argument 'ament_cmake_args' from command line to 'None'
[0.263s] Level 5:colcon.colcon_core.verb:set package 'my_robot_navigation' build argument 'catkin_cmake_args' from command line to 'None'
[0.263s] Level 5:colcon.colcon_core.verb:set package 'my_robot_navigation' build argument 'catkin_skip_building_tests' from command line to 'False'
[0.263s] DEBUG:colcon.colcon_core.verb:Building package 'my_robot_navigation' with the following arguments: {'ament_cmake_args': None, 'build_base': '/home/rss/robot_harry/robotik/build/my_robot_navigation', 'catkin_cmake_args': None, 'catkin_skip_building_tests': False, 'cmake_args': None, 'cmake_clean_cache': False, 'cmake_clean_first': False, 'cmake_force_configure': False, 'cmake_target': None, 'cmake_target_skip_unavailable': False, 'install_base': '/home/rss/robot_harry/robotik/install/my_robot_navigation', 'merge_install': False, 'path': '/home/rss/robot_harry/robotik/src/my_robot_navigation', 'symlink_install': False, 'test_result_base': None}
[0.263s] Level 5:colcon.colcon_core.verb:set package 'my_robot_slam' build argument 'cmake_args' from command line to 'None'
[0.263s] Level 5:colcon.colcon_core.verb:set package 'my_robot_slam' build argument 'cmake_target' from command line to 'None'
[0.263s] Level 5:colcon.colcon_core.verb:set package 'my_robot_slam' build argument 'cmake_target_skip_unavailable' from command line to 'False'
[0.263s] Level 5:colcon.colcon_core.verb:set package 'my_robot_slam' build argument 'cmake_clean_cache' from command line to 'False'
[0.263s] Level 5:colcon.colcon_core.verb:set package 'my_robot_slam' build argument 'cmake_clean_first' from command line to 'False'
[0.263s] Level 5:colcon.colcon_core.verb:set package 'my_robot_slam' build argument 'cmake_force_configure' from command line to 'False'
[0.263s] Level 5:colcon.colcon_core.verb:set package 'my_robot_slam' build argument 'ament_cmake_args' from command line to 'None'
[0.263s] Level 5:colcon.colcon_core.verb:set package 'my_robot_slam' build argument 'catkin_cmake_args' from command line to 'None'
[0.263s] Level 5:colcon.colcon_core.verb:set package 'my_robot_slam' build argument 'catkin_skip_building_tests' from command line to 'False'
[0.263s] DEBUG:colcon.colcon_core.verb:Building package 'my_robot_slam' with the following arguments: {'ament_cmake_args': None, 'build_base': '/home/rss/robot_harry/robotik/build/my_robot_slam', 'catkin_cmake_args': None, 'catkin_skip_building_tests': False, 'cmake_args': None, 'cmake_clean_cache': False, 'cmake_clean_first': False, 'cmake_force_configure': False, 'cmake_target': None, 'cmake_target_skip_unavailable': False, 'install_base': '/home/rss/robot_harry/robotik/install/my_robot_slam', 'merge_install': False, 'path': '/home/rss/robot_harry/robotik/src/my_robot_slam', 'symlink_install': False, 'test_result_base': None}
[0.263s] Level 5:colcon.colcon_core.verb:set package 'object_detection' build argument 'cmake_args' from command line to 'None'
[0.263s] Level 5:colcon.colcon_core.verb:set package 'object_detection' build argument 'cmake_target' from command line to 'None'
[0.263s] Level 5:colcon.colcon_core.verb:set package 'object_detection' build argument 'cmake_target_skip_unavailable' from command line to 'False'
[0.263s] Level 5:colcon.colcon_core.verb:set package 'object_detection' build argument 'cmake_clean_cache' from command line to 'False'
[0.263s] Level 5:colcon.colcon_core.verb:set package 'object_detection' build argument 'cmake_clean_first' from command line to 'False'
[0.263s] Level 5:colcon.colcon_core.verb:set package 'object_detection' build argument 'cmake_force_configure' from command line to 'False'
[0.263s] Level 5:colcon.colcon_core.verb:set package 'object_detection' build argument 'ament_cmake_args' from command line to 'None'
[0.263s] Level 5:colcon.colcon_core.verb:set package 'object_detection' build argument 'catkin_cmake_args' from command line to 'None'
[0.263s] Level 5:colcon.colcon_core.verb:set package 'object_detection' build argument 'catkin_skip_building_tests' from command line to 'False'
[0.264s] DEBUG:colcon.colcon_core.verb:Building package 'object_detection' with the following arguments: {'ament_cmake_args': None, 'build_base': '/home/rss/robot_harry/robotik/build/object_detection', 'catkin_cmake_args': None, 'catkin_skip_building_tests': False, 'cmake_args': None, 'cmake_clean_cache': False, 'cmake_clean_first': False, 'cmake_force_configure': False, 'cmake_target': None, 'cmake_target_skip_unavailable': False, 'install_base': '/home/rss/robot_harry/robotik/install/object_detection', 'merge_install': False, 'path': '/home/rss/robot_harry/robotik/src/object_detection', 'symlink_install': False, 'test_result_base': None}
[0.264s] Level 5:colcon.colcon_core.verb:set package 'pub_sub' build argument 'cmake_args' from command line to 'None'
[0.264s] Level 5:colcon.colcon_core.verb:set package 'pub_sub' build argument 'cmake_target' from command line to 'None'
[0.264s] Level 5:colcon.colcon_core.verb:set package 'pub_sub' build argument 'cmake_target_skip_unavailable' from command line to 'False'
[0.264s] Level 5:colcon.colcon_core.verb:set package 'pub_sub' build argument 'cmake_clean_cache' from command line to 'False'
[0.264s] Level 5:colcon.colcon_core.verb:set package 'pub_sub' build argument 'cmake_clean_first' from command line to 'False'
[0.264s] Level 5:colcon.colcon_core.verb:set package 'pub_sub' build argument 'cmake_force_configure' from command line to 'False'
[0.264s] Level 5:colcon.colcon_core.verb:set package 'pub_sub' build argument 'ament_cmake_args' from command line to 'None'
[0.264s] Level 5:colcon.colcon_core.verb:set package 'pub_sub' build argument 'catkin_cmake_args' from command line to 'None'
[0.264s] Level 5:colcon.colcon_core.verb:set package 'pub_sub' build argument 'catkin_skip_building_tests' from command line to 'False'
[0.264s] DEBUG:colcon.colcon_core.verb:Building package 'pub_sub' with the following arguments: {'ament_cmake_args': None, 'build_base': '/home/rss/robot_harry/robotik/build/pub_sub', 'catkin_cmake_args': None, 'catkin_skip_building_tests': False, 'cmake_args': None, 'cmake_clean_cache': False, 'cmake_clean_first': False, 'cmake_force_configure': False, 'cmake_target': None, 'cmake_target_skip_unavailable': False, 'install_base': '/home/rss/robot_harry/robotik/install/pub_sub', 'merge_install': False, 'path': '/home/rss/robot_harry/robotik/src/pub_sub', 'symlink_install': False, 'test_result_base': None}
[0.264s] Level 5:colcon.colcon_core.verb:set package 'robot_bringup' build argument 'cmake_args' from command line to 'None'
[0.264s] Level 5:colcon.colcon_core.verb:set package 'robot_bringup' build argument 'cmake_target' from command line to 'None'
[0.264s] Level 5:colcon.colcon_core.verb:set package 'robot_bringup' build argument 'cmake_target_skip_unavailable' from command line to 'False'
[0.264s] Level 5:colcon.colcon_core.verb:set package 'robot_bringup' build argument 'cmake_clean_cache' from command line to 'False'
[0.264s] Level 5:colcon.colcon_core.verb:set package 'robot_bringup' build argument 'cmake_clean_first' from command line to 'False'
[0.264s] Level 5:colcon.colcon_core.verb:set package 'robot_bringup' build argument 'cmake_force_configure' from command line to 'False'
[0.264s] Level 5:colcon.colcon_core.verb:set package 'robot_bringup' build argument 'ament_cmake_args' from command line to 'None'
[0.264s] Level 5:colcon.colcon_core.verb:set package 'robot_bringup' build argument 'catkin_cmake_args' from command line to 'None'
[0.264s] Level 5:colcon.colcon_core.verb:set package 'robot_bringup' build argument 'catkin_skip_building_tests' from command line to 'False'
[0.264s] DEBUG:colcon.colcon_core.verb:Building package 'robot_bringup' with the following arguments: {'ament_cmake_args': None, 'build_base': '/home/rss/robot_harry/robotik/build/robot_bringup', 'catkin_cmake_args': None, 'catkin_skip_building_tests': False, 'cmake_args': None, 'cmake_clean_cache': False, 'cmake_clean_first': False, 'cmake_force_configure': False, 'cmake_target': None, 'cmake_target_skip_unavailable': False, 'install_base': '/home/rss/robot_harry/robotik/install/robot_bringup', 'merge_install': False, 'path': '/home/rss/robot_harry/robotik/src/robot_bringup', 'symlink_install': False, 'test_result_base': None}
[0.265s] Level 5:colcon.colcon_core.verb:set package 'rplidar_ros' build argument 'cmake_args' from command line to 'None'
[0.265s] Level 5:colcon.colcon_core.verb:set package 'rplidar_ros' build argument 'cmake_target' from command line to 'None'
[0.265s] Level 5:colcon.colcon_core.verb:set package 'rplidar_ros' build argument 'cmake_target_skip_unavailable' from command line to 'False'
[0.265s] Level 5:colcon.colcon_core.verb:set package 'rplidar_ros' build argument 'cmake_clean_cache' from command line to 'False'
[0.265s] Level 5:colcon.colcon_core.verb:set package 'rplidar_ros' build argument 'cmake_clean_first' from command line to 'False'
[0.265s] Level 5:colcon.colcon_core.verb:set package 'rplidar_ros' build argument 'cmake_force_configure' from command line to 'False'
[0.265s] Level 5:colcon.colcon_core.verb:set package 'rplidar_ros' build argument 'ament_cmake_args' from command line to 'None'
[0.265s] Level 5:colcon.colcon_core.verb:set package 'rplidar_ros' build argument 'catkin_cmake_args' from command line to 'None'
[0.265s] Level 5:colcon.colcon_core.verb:set package 'rplidar_ros' build argument 'catkin_skip_building_tests' from command line to 'False'
[0.265s] DEBUG:colcon.colcon_core.verb:Building package 'rplidar_ros' with the following arguments: {'ament_cmake_args': None, 'build_base': '/home/rss/robot_harry/robotik/build/rplidar_ros', 'catkin_cmake_args': None, 'catkin_skip_building_tests': False, 'cmake_args': None, 'cmake_clean_cache': False, 'cmake_clean_first': False, 'cmake_force_configure': False, 'cmake_target': None, 'cmake_target_skip_unavailable': False, 'install_base': '/home/rss/robot_harry/robotik/install/rplidar_ros', 'merge_install': False, 'path': '/home/rss/robot_harry/robotik/src/rplidar-ros', 'symlink_install': False, 'test_result_base': None}
[0.265s] Level 5:colcon.colcon_core.verb:set package 'tag_detection' build argument 'cmake_args' from command line to 'None'
[0.265s] Level 5:colcon.colcon_core.verb:set package 'tag_detection' build argument 'cmake_target' from command line to 'None'
[0.265s] Level 5:colcon.colcon_core.verb:set package 'tag_detection' build argument 'cmake_target_skip_unavailable' from command line to 'False'
[0.265s] Level 5:colcon.colcon_core.verb:set package 'tag_detection' build argument 'cmake_clean_cache' from command line to 'False'
[0.265s] Level 5:colcon.colcon_core.verb:set package 'tag_detection' build argument 'cmake_clean_first' from command line to 'False'
[0.265s] Level 5:colcon.colcon_core.verb:set package 'tag_detection' build argument 'cmake_force_configure' from command line to 'False'
[0.265s] Level 5:colcon.colcon_core.verb:set package 'tag_detection' build argument 'ament_cmake_args' from command line to 'None'
[0.265s] Level 5:colcon.colcon_core.verb:set package 'tag_detection' build argument 'catkin_cmake_args' from command line to 'None'
[0.265s] Level 5:colcon.colcon_core.verb:set package 'tag_detection' build argument 'catkin_skip_building_tests' from command line to 'False'
[0.265s] DEBUG:colcon.colcon_core.verb:Building package 'tag_detection' with the following arguments: {'ament_cmake_args': None, 'build_base': '/home/rss/robot_harry/robotik/build/tag_detection', 'catkin_cmake_args': None, 'catkin_skip_building_tests': False, 'cmake_args': None, 'cmake_clean_cache': False, 'cmake_clean_first': False, 'cmake_force_configure': False, 'cmake_target': None, 'cmake_target_skip_unavailable': False, 'install_base': '/home/rss/robot_harry/robotik/install/tag_detection', 'merge_install': False, 'path': '/home/rss/robot_harry/robotik/src/tag_detection', 'symlink_install': False, 'test_result_base': None}
[0.265s] Level 5:colcon.colcon_core.verb:set package 'teleop' build argument 'cmake_args' from command line to 'None'
[0.265s] Level 5:colcon.colcon_core.verb:set package 'teleop' build argument 'cmake_target' from command line to 'None'
[0.265s] Level 5:colcon.colcon_core.verb:set package 'teleop' build argument 'cmake_target_skip_unavailable' from command line to 'False'
[0.265s] Level 5:colcon.colcon_core.verb:set package 'teleop' build argument 'cmake_clean_cache' from command line to 'False'
[0.265s] Level 5:colcon.colcon_core.verb:set package 'teleop' build argument 'cmake_clean_first' from command line to 'False'
[0.265s] Level 5:colcon.colcon_core.verb:set package 'teleop' build argument 'cmake_force_configure' from command line to 'False'
[0.265s] Level 5:colcon.colcon_core.verb:set package 'teleop' build argument 'ament_cmake_args' from command line to 'None'
[0.265s] Level 5:colcon.colcon_core.verb:set package 'teleop' build argument 'catkin_cmake_args' from command line to 'None'
[0.265s] Level 5:colcon.colcon_core.verb:set package 'teleop' build argument 'catkin_skip_building_tests' from command line to 'False'
[0.265s] DEBUG:colcon.colcon_core.verb:Building package 'teleop' with the following arguments: {'ament_cmake_args': None, 'build_base': '/home/rss/robot_harry/robotik/build/teleop', 'catkin_cmake_args': None, 'catkin_skip_building_tests': False, 'cmake_args': None, 'cmake_clean_cache': False, 'cmake_clean_first': False, 'cmake_force_configure': False, 'cmake_target': None, 'cmake_target_skip_unavailable': False, 'install_base': '/home/rss/robot_harry/robotik/install/teleop', 'merge_install': False, 'path': '/home/rss/robot_harry/robotik/src/teleop', 'symlink_install': False, 'test_result_base': None}
[0.266s] Level 5:colcon.colcon_core.verb:set package 'webcam_bringup' build argument 'cmake_args' from command line to 'None'
[0.266s] Level 5:colcon.colcon_core.verb:set package 'webcam_bringup' build argument 'cmake_target' from command line to 'None'
[0.266s] Level 5:colcon.colcon_core.verb:set package 'webcam_bringup' build argument 'cmake_target_skip_unavailable' from command line to 'False'
[0.266s] Level 5:colcon.colcon_core.verb:set package 'webcam_bringup' build argument 'cmake_clean_cache' from command line to 'False'
[0.266s] Level 5:colcon.colcon_core.verb:set package 'webcam_bringup' build argument 'cmake_clean_first' from command line to 'False'
[0.266s] Level 5:colcon.colcon_core.verb:set package 'webcam_bringup' build argument 'cmake_force_configure' from command line to 'False'
[0.266s] Level 5:colcon.colcon_core.verb:set package 'webcam_bringup' build argument 'ament_cmake_args' from command line to 'None'
[0.266s] Level 5:colcon.colcon_core.verb:set package 'webcam_bringup' build argument 'catkin_cmake_args' from command line to 'None'
[0.266s] Level 5:colcon.colcon_core.verb:set package 'webcam_bringup' build argument 'catkin_skip_building_tests' from command line to 'False'
[0.266s] DEBUG:colcon.colcon_core.verb:Building package 'webcam_bringup' with the following arguments: {'ament_cmake_args': None, 'build_base': '/home/rss/robot_harry/robotik/build/webcam_bringup', 'catkin_cmake_args': None, 'catkin_skip_building_tests': False, 'cmake_args': None, 'cmake_clean_cache': False, 'cmake_clean_first': False, 'cmake_force_configure': False, 'cmake_target': None, 'cmake_target_skip_unavailable': False, 'install_base': '/home/rss/robot_harry/robotik/install/webcam_bringup', 'merge_install': False, 'path': '/home/rss/robot_harry/robotik/src/webcam_bringup', 'symlink_install': False, 'test_result_base': None}
[0.266s] Level 5:colcon.colcon_core.verb:set package 'apriltag_ros' build argument 'cmake_args' from command line to 'None'
[0.266s] Level 5:colcon.colcon_core.verb:set package 'apriltag_ros' build argument 'cmake_target' from command line to 'None'
[0.266s] Level 5:colcon.colcon_core.verb:set package 'apriltag_ros' build argument 'cmake_target_skip_unavailable' from command line to 'False'
[0.266s] Level 5:colcon.colcon_core.verb:set package 'apriltag_ros' build argument 'cmake_clean_cache' from command line to 'False'
[0.266s] Level 5:colcon.colcon_core.verb:set package 'apriltag_ros' build argument 'cmake_clean_first' from command line to 'False'
[0.266s] Level 5:colcon.colcon_core.verb:set package 'apriltag_ros' build argument 'cmake_force_configure' from command line to 'False'
[0.266s] Level 5:colcon.colcon_core.verb:set package 'apriltag_ros' build argument 'ament_cmake_args' from command line to 'None'
[0.266s] Level 5:colcon.colcon_core.verb:set package 'apriltag_ros' build argument 'catkin_cmake_args' from command line to 'None'
[0.266s] Level 5:colcon.colcon_core.verb:set package 'apriltag_ros' build argument 'catkin_skip_building_tests' from command line to 'False'
[0.266s] DEBUG:colcon.colcon_core.verb:Building package 'apriltag_ros' with the following arguments: {'ament_cmake_args': None, 'build_base': '/home/rss/robot_harry/robotik/build/apriltag_ros', 'catkin_cmake_args': None, 'catkin_skip_building_tests': False, 'cmake_args': None, 'cmake_clean_cache': False, 'cmake_clean_first': False, 'cmake_force_configure': False, 'cmake_target': None, 'cmake_target_skip_unavailable': False, 'install_base': '/home/rss/robot_harry/robotik/install/apriltag_ros', 'merge_install': False, 'path': '/home/rss/robot_harry/robotik/src/apriltag_ros', 'symlink_install': False, 'test_result_base': None}
[0.266s] Level 5:colcon.colcon_core.verb:set package 'create3_coverage' build argument 'cmake_args' from command line to 'None'
[0.267s] Level 5:colcon.colcon_core.verb:set package 'create3_coverage' build argument 'cmake_target' from command line to 'None'
[0.267s] Level 5:colcon.colcon_core.verb:set package 'create3_coverage' build argument 'cmake_target_skip_unavailable' from command line to 'False'
[0.267s] Level 5:colcon.colcon_core.verb:set package 'create3_coverage' build argument 'cmake_clean_cache' from command line to 'False'
[0.267s] Level 5:colcon.colcon_core.verb:set package 'create3_coverage' build argument 'cmake_clean_first' from command line to 'False'
[0.267s] Level 5:colcon.colcon_core.verb:set package 'create3_coverage' build argument 'cmake_force_configure' from command line to 'False'
[0.267s] Level 5:colcon.colcon_core.verb:set package 'create3_coverage' build argument 'ament_cmake_args' from command line to 'None'
[0.267s] Level 5:colcon.colcon_core.verb:set package 'create3_coverage' build argument 'catkin_cmake_args' from command line to 'None'
[0.267s] Level 5:colcon.colcon_core.verb:set package 'create3_coverage' build argument 'catkin_skip_building_tests' from command line to 'False'
[0.267s] DEBUG:colcon.colcon_core.verb:Building package 'create3_coverage' with the following arguments: {'ament_cmake_args': None, 'build_base': '/home/rss/robot_harry/robotik/build/create3_coverage', 'catkin_cmake_args': None, 'catkin_skip_building_tests': False, 'cmake_args': None, 'cmake_clean_cache': False, 'cmake_clean_first': False, 'cmake_force_configure': False, 'cmake_target': None, 'cmake_target_skip_unavailable': False, 'install_base': '/home/rss/robot_harry/robotik/install/create3_coverage', 'merge_install': False, 'path': '/home/rss/robot_harry/robotik/src/create3_examples/create3_coverage', 'symlink_install': False, 'test_result_base': None}
[0.267s] Level 5:colcon.colcon_core.verb:set package 'create3_lidar_slam' build argument 'cmake_args' from command line to 'None'
[0.267s] Level 5:colcon.colcon_core.verb:set package 'create3_lidar_slam' build argument 'cmake_target' from command line to 'None'
[0.267s] Level 5:colcon.colcon_core.verb:set package 'create3_lidar_slam' build argument 'cmake_target_skip_unavailable' from command line to 'False'
[0.267s] Level 5:colcon.colcon_core.verb:set package 'create3_lidar_slam' build argument 'cmake_clean_cache' from command line to 'False'
[0.267s] Level 5:colcon.colcon_core.verb:set package 'create3_lidar_slam' build argument 'cmake_clean_first' from command line to 'False'
[0.267s] Level 5:colcon.colcon_core.verb:set package 'create3_lidar_slam' build argument 'cmake_force_configure' from command line to 'False'
[0.267s] Level 5:colcon.colcon_core.verb:set package 'create3_lidar_slam' build argument 'ament_cmake_args' from command line to 'None'
[0.267s] Level 5:colcon.colcon_core.verb:set package 'create3_lidar_slam' build argument 'catkin_cmake_args' from command line to 'None'
[0.267s] Level 5:colcon.colcon_core.verb:set package 'create3_lidar_slam' build argument 'catkin_skip_building_tests' from command line to 'False'
[0.267s] DEBUG:colcon.colcon_core.verb:Building package 'create3_lidar_slam' with the following arguments: {'ament_cmake_args': None, 'build_base': '/home/rss/robot_harry/robotik/build/create3_lidar_slam', 'catkin_cmake_args': None, 'catkin_skip_building_tests': False, 'cmake_args': None, 'cmake_clean_cache': False, 'cmake_clean_first': False, 'cmake_force_configure': False, 'cmake_target': None, 'cmake_target_skip_unavailable': False, 'install_base': '/home/rss/robot_harry/robotik/install/create3_lidar_slam', 'merge_install': False, 'path': '/home/rss/robot_harry/robotik/src/create3_examples/create3_lidar_slam', 'symlink_install': False, 'test_result_base': None}
[0.267s] INFO:colcon.colcon_core.executor:Executing jobs using 'parallel' executor
[0.268s] DEBUG:colcon.colcon_parallel_executor.executor.parallel:run_until_complete
[0.268s] INFO:colcon.colcon_ros.task.ament_cmake.build:Building ROS package in '/home/rss/robot_harry/robotik/src/apriltag_msgs' with build type 'ament_cmake'
[0.268s] INFO:colcon.colcon_cmake.task.cmake.build:Building CMake package in '/home/rss/robot_harry/robotik/src/apriltag_msgs'
[0.270s] INFO:colcon.colcon_core.plugin_system:Skipping extension 'colcon_core.shell.bat': Not used on non-Windows systems
[0.270s] INFO:colcon.colcon_core.shell:Skip shell extension 'powershell' for command environment: Not usable outside of PowerShell
[0.270s] DEBUG:colcon.colcon_core.shell:Skip shell extension 'dsv' for command environment
[0.273s] INFO:colcon.colcon_ros.task.ament_cmake.build:Building ROS package in '/home/rss/robot_harry/robotik/src/create3_examples/create3_examples_msgs' with build type 'ament_cmake'
[0.273s] INFO:colcon.colcon_cmake.task.cmake.build:Building CMake package in '/home/rss/robot_harry/robotik/src/create3_examples/create3_examples_msgs'
[0.273s] INFO:colcon.colcon_core.shell:Skip shell extension 'powershell' for command environment: Not usable outside of PowerShell
[0.273s] DEBUG:colcon.colcon_core.shell:Skip shell extension 'dsv' for command environment
[0.275s] INFO:colcon.colcon_ros.task.ament_cmake.build:Building ROS package in '/home/rss/robot_harry/robotik/src/rplidar-ros' with build type 'ament_cmake'
[0.275s] INFO:colcon.colcon_cmake.task.cmake.build:Building CMake package in '/home/rss/robot_harry/robotik/src/rplidar-ros'
[0.275s] INFO:colcon.colcon_core.shell:Skip shell extension 'powershell' for command environment: Not usable outside of PowerShell
[0.276s] DEBUG:colcon.colcon_core.shell:Skip shell extension 'dsv' for command environment
[0.278s] INFO:colcon.colcon_ros.task.ament_python.build:Building ROS package in '/home/rss/robot_harry/robotik/src/create3_examples/create3_examples_py' with build type 'ament_python'
[0.278s] Level 1:colcon.colcon_core.shell:create_environment_hook('create3_examples_py', 'ament_prefix_path')
[0.278s] INFO:colcon.colcon_core.shell:Creating environment hook '/home/rss/robot_harry/robotik/install/create3_examples_py/share/create3_examples_py/hook/ament_prefix_path.ps1'
[0.278s] INFO:colcon.colcon_core.shell:Creating environment descriptor '/home/rss/robot_harry/robotik/install/create3_examples_py/share/create3_examples_py/hook/ament_prefix_path.dsv'
[0.279s] INFO:colcon.colcon_core.shell:Creating environment hook '/home/rss/robot_harry/robotik/install/create3_examples_py/share/create3_examples_py/hook/ament_prefix_path.sh'
[0.279s] INFO:colcon.colcon_core.shell:Skip shell extension 'powershell' for command environment: Not usable outside of PowerShell
[0.279s] DEBUG:colcon.colcon_core.shell:Skip shell extension 'dsv' for command environment
[0.282s] INFO:colcon.colcon_ros.task.ament_cmake.build:Building ROS package in '/home/rss/robot_harry/robotik/src/create3_examples/create3_republisher' with build type 'ament_cmake'
[0.282s] INFO:colcon.colcon_cmake.task.cmake.build:Building CMake package in '/home/rss/robot_harry/robotik/src/create3_examples/create3_republisher'
[0.282s] INFO:colcon.colcon_core.shell:Skip shell extension 'powershell' for command environment: Not usable outside of PowerShell
[0.282s] DEBUG:colcon.colcon_core.shell:Skip shell extension 'dsv' for command environment
[0.285s] INFO:colcon.colcon_ros.task.ament_python.build:Building ROS package in '/home/rss/robot_harry/robotik/src/create3_examples/create3_teleop' with build type 'ament_python'
[0.285s] Level 1:colcon.colcon_core.shell:create_environment_hook('create3_teleop', 'ament_prefix_path')
[0.285s] INFO:colcon.colcon_core.shell:Creating environment hook '/home/rss/robot_harry/robotik/install/create3_teleop/share/create3_teleop/hook/ament_prefix_path.ps1'
[0.285s] INFO:colcon.colcon_core.shell:Creating environment descriptor '/home/rss/robot_harry/robotik/install/create3_teleop/share/create3_teleop/hook/ament_prefix_path.dsv'
[0.285s] INFO:colcon.colcon_core.shell:Creating environment hook '/home/rss/robot_harry/robotik/install/create3_teleop/share/create3_teleop/hook/ament_prefix_path.sh'
[0.286s] INFO:colcon.colcon_core.shell:Skip shell extension 'powershell' for command environment: Not usable outside of PowerShell
[0.286s] DEBUG:colcon.colcon_core.shell:Skip shell extension 'dsv' for command environment
[0.288s] INFO:colcon.colcon_ros.task.ament_python.build:Building ROS package in '/home/rss/robot_harry/robotik/src/my_robot_navigation' with build type 'ament_python'
[0.288s] Level 1:colcon.colcon_core.shell:create_environment_hook('my_robot_navigation', 'ament_prefix_path')
[0.288s] INFO:colcon.colcon_core.shell:Creating environment hook '/home/rss/robot_harry/robotik/install/my_robot_navigation/share/my_robot_navigation/hook/ament_prefix_path.ps1'
[0.288s] INFO:colcon.colcon_core.shell:Creating environment descriptor '/home/rss/robot_harry/robotik/install/my_robot_navigation/share/my_robot_navigation/hook/ament_prefix_path.dsv'
[0.288s] INFO:colcon.colcon_core.shell:Creating environment hook '/home/rss/robot_harry/robotik/install/my_robot_navigation/share/my_robot_navigation/hook/ament_prefix_path.sh'
[0.289s] INFO:colcon.colcon_core.shell:Skip shell extension 'powershell' for command environment: Not usable outside of PowerShell
[0.289s] DEBUG:colcon.colcon_core.shell:Skip shell extension 'dsv' for command environment
[0.291s] INFO:colcon.colcon_ros.task.ament_cmake.build:Building ROS package in '/home/rss/robot_harry/robotik/src/my_robot_slam' with build type 'ament_cmake'
[0.291s] INFO:colcon.colcon_cmake.task.cmake.build:Building CMake package in '/home/rss/robot_harry/robotik/src/my_robot_slam'
[0.291s] INFO:colcon.colcon_core.shell:Skip shell extension 'powershell' for command environment: Not usable outside of PowerShell
[0.291s] DEBUG:colcon.colcon_core.shell:Skip shell extension 'dsv' for command environment
[0.297s] DEBUG:colcon.colcon_core.event_handler.log_command:Invoking command in '/home/rss/robot_harry/robotik/build/apriltag_msgs': CMAKE_PREFIX_PATH=${CMAKE_PREFIX_PATH}:/home/rss/robot_harry/robotik/install/tag_detection:/home/rss/robot_harry/robotik/install/webcam_bringup:/home/rss/robot_harry/robotik/install/teleop:/home/rss/robot_harry/robotik/install/robot_bringup:/home/rss/robot_harry/robotik/install/pub_sub:/home/rss/robot_harry/robotik/install/object_detection:/home/rss/robot_harry/robotik/install/my_robot_navigation:/home/rss/robot_harry/robotik/install/create3_teleop:/home/rss/robot_harry/robotik/install/create3_examples_py:/opt/ros/humble /usr/bin/cmake --build /home/rss/robot_harry/robotik/build/apriltag_msgs -- -j8 -l8
[0.302s] DEBUG:colcon.colcon_core.event_handler.log_command:Invoking command in '/home/rss/robot_harry/robotik/build/create3_examples_msgs': CMAKE_PREFIX_PATH=${CMAKE_PREFIX_PATH}:/home/rss/robot_harry/robotik/install/tag_detection:/home/rss/robot_harry/robotik/install/webcam_bringup:/home/rss/robot_harry/robotik/install/teleop:/home/rss/robot_harry/robotik/install/robot_bringup:/home/rss/robot_harry/robotik/install/pub_sub:/home/rss/robot_harry/robotik/install/object_detection:/home/rss/robot_harry/robotik/install/my_robot_navigation:/home/rss/robot_harry/robotik/install/create3_teleop:/home/rss/robot_harry/robotik/install/create3_examples_py:/opt/ros/humble /usr/bin/cmake --build /home/rss/robot_harry/robotik/build/create3_examples_msgs -- -j8 -l8
[0.304s] DEBUG:colcon.colcon_core.event_handler.log_command:Invoking command in '/home/rss/robot_harry/robotik/build/rplidar_ros': CMAKE_PREFIX_PATH=${CMAKE_PREFIX_PATH}:/home/rss/robot_harry/robotik/install/tag_detection:/home/rss/robot_harry/robotik/install/webcam_bringup:/home/rss/robot_harry/robotik/install/teleop:/home/rss/robot_harry/robotik/install/robot_bringup:/home/rss/robot_harry/robotik/install/pub_sub:/home/rss/robot_harry/robotik/install/object_detection:/home/rss/robot_harry/robotik/install/my_robot_navigation:/home/rss/robot_harry/robotik/install/create3_teleop:/home/rss/robot_harry/robotik/install/create3_examples_py:/opt/ros/humble /usr/bin/cmake --build /home/rss/robot_harry/robotik/build/rplidar_ros -- -j8 -l8
[0.549s] INFO:colcon.colcon_core.task.python.build:Building Python package in '/home/rss/robot_harry/robotik/src/create3_examples/create3_examples_py'
[0.549s] INFO:colcon.colcon_core.shell:Skip shell extension 'powershell' for command environment: Not usable outside of PowerShell
[0.549s] DEBUG:colcon.colcon_core.shell:Skip shell extension 'dsv' for command environment
[0.555s] DEBUG:colcon.colcon_core.event_handler.log_command:Invoking command in '/home/rss/robot_harry/robotik/build/create3_republisher': CMAKE_PREFIX_PATH=${CMAKE_PREFIX_PATH}:/home/rss/robot_harry/robotik/install/tag_detection:/home/rss/robot_harry/robotik/install/webcam_bringup:/home/rss/robot_harry/robotik/install/teleop:/home/rss/robot_harry/robotik/install/robot_bringup:/home/rss/robot_harry/robotik/install/pub_sub:/home/rss/robot_harry/robotik/install/object_detection:/home/rss/robot_harry/robotik/install/my_robot_navigation:/home/rss/robot_harry/robotik/install/create3_teleop:/home/rss/robot_harry/robotik/install/create3_examples_py:/opt/ros/humble /usr/bin/cmake --build /home/rss/robot_harry/robotik/build/create3_republisher -- -j8 -l8
[0.738s] INFO:colcon.colcon_core.task.python.build:Building Python package in '/home/rss/robot_harry/robotik/src/create3_examples/create3_teleop'
[0.738s] INFO:colcon.colcon_core.shell:Skip shell extension 'powershell' for command environment: Not usable outside of PowerShell
[0.738s] DEBUG:colcon.colcon_core.shell:Skip shell extension 'dsv' for command environment
[0.914s] INFO:colcon.colcon_core.task.python.build:Building Python package in '/home/rss/robot_harry/robotik/src/my_robot_navigation'
[0.914s] INFO:colcon.colcon_core.shell:Skip shell extension 'powershell' for command environment: Not usable outside of PowerShell
[0.915s] DEBUG:colcon.colcon_core.shell:Skip shell extension 'dsv' for command environment
[0.924s] DEBUG:colcon.colcon_core.event_handler.log_command:Invoking command in '/home/rss/robot_harry/robotik/build/my_robot_slam': CMAKE_PREFIX_PATH=${CMAKE_PREFIX_PATH}:/home/rss/robot_harry/robotik/install/tag_detection:/home/rss/robot_harry/robotik/install/webcam_bringup:/home/rss/robot_harry/robotik/install/teleop:/home/rss/robot_harry/robotik/install/robot_bringup:/home/rss/robot_harry/robotik/install/pub_sub:/home/rss/robot_harry/robotik/install/object_detection:/home/rss/robot_harry/robotik/install/my_robot_navigation:/home/rss/robot_harry/robotik/install/create3_teleop:/home/rss/robot_harry/robotik/install/create3_examples_py:/opt/ros/humble /usr/bin/cmake --build /home/rss/robot_harry/robotik/build/my_robot_slam -- -j8 -l8
[0.925s] DEBUG:colcon.colcon_core.event_handler.log_command:Invoked command in '/home/rss/robot_harry/robotik/build/rplidar_ros' returned '0': CMAKE_PREFIX_PATH=${CMAKE_PREFIX_PATH}:/home/rss/robot_harry/robotik/install/tag_detection:/home/rss/robot_harry/robotik/install/webcam_bringup:/home/rss/robot_harry/robotik/install/teleop:/home/rss/robot_harry/robotik/install/robot_bringup:/home/rss/robot_harry/robotik/install/pub_sub:/home/rss/robot_harry/robotik/install/object_detection:/home/rss/robot_harry/robotik/install/my_robot_navigation:/home/rss/robot_harry/robotik/install/create3_teleop:/home/rss/robot_harry/robotik/install/create3_examples_py:/opt/ros/humble /usr/bin/cmake --build /home/rss/robot_harry/robotik/build/rplidar_ros -- -j8 -l8
[0.931s] DEBUG:colcon.colcon_core.event_handler.log_command:Invoking command in '/home/rss/robot_harry/robotik/build/rplidar_ros': CMAKE_PREFIX_PATH=${CMAKE_PREFIX_PATH}:/home/rss/robot_harry/robotik/install/tag_detection:/home/rss/robot_harry/robotik/install/webcam_bringup:/home/rss/robot_harry/robotik/install/teleop:/home/rss/robot_harry/robotik/install/robot_bringup:/home/rss/robot_harry/robotik/install/pub_sub:/home/rss/robot_harry/robotik/install/object_detection:/home/rss/robot_harry/robotik/install/my_robot_navigation:/home/rss/robot_harry/robotik/install/create3_teleop:/home/rss/robot_harry/robotik/install/create3_examples_py:/opt/ros/humble /usr/bin/cmake --install /home/rss/robot_harry/robotik/build/rplidar_ros
[0.932s] DEBUG:colcon.colcon_core.event_handler.log_command:Invoked command in '/home/rss/robot_harry/robotik/build/create3_republisher' returned '0': CMAKE_PREFIX_PATH=${CMAKE_PREFIX_PATH}:/home/rss/robot_harry/robotik/install/tag_detection:/home/rss/robot_harry/robotik/install/webcam_bringup:/home/rss/robot_harry/robotik/install/teleop:/home/rss/robot_harry/robotik/install/robot_bringup:/home/rss/robot_harry/robotik/install/pub_sub:/home/rss/robot_harry/robotik/install/object_detection:/home/rss/robot_harry/robotik/install/my_robot_navigation:/home/rss/robot_harry/robotik/install/create3_teleop:/home/rss/robot_harry/robotik/install/create3_examples_py:/opt/ros/humble /usr/bin/cmake --build /home/rss/robot_harry/robotik/build/create3_republisher -- -j8 -l8
[0.933s] DEBUG:colcon.colcon_core.event_handler.log_command:Invoking command in '/home/rss/robot_harry/robotik/build/create3_republisher': CMAKE_PREFIX_PATH=${CMAKE_PREFIX_PATH}:/home/rss/robot_harry/robotik/install/tag_detection:/home/rss/robot_harry/robotik/install/webcam_bringup:/home/rss/robot_harry/robotik/install/teleop:/home/rss/robot_harry/robotik/install/robot_bringup:/home/rss/robot_harry/robotik/install/pub_sub:/home/rss/robot_harry/robotik/install/object_detection:/home/rss/robot_harry/robotik/install/my_robot_navigation:/home/rss/robot_harry/robotik/install/create3_teleop:/home/rss/robot_harry/robotik/install/create3_examples_py:/opt/ros/humble /usr/bin/cmake --install /home/rss/robot_harry/robotik/build/create3_republisher
[0.933s] DEBUG:colcon.colcon_core.event_handler.log_command:Invoked command in '/home/rss/robot_harry/robotik/build/apriltag_msgs' returned '0': CMAKE_PREFIX_PATH=${CMAKE_PREFIX_PATH}:/home/rss/robot_harry/robotik/install/tag_detection:/home/rss/robot_harry/robotik/install/webcam_bringup:/home/rss/robot_harry/robotik/install/teleop:/home/rss/robot_harry/robotik/install/robot_bringup:/home/rss/robot_harry/robotik/install/pub_sub:/home/rss/robot_harry/robotik/install/object_detection:/home/rss/robot_harry/robotik/install/my_robot_navigation:/home/rss/robot_harry/robotik/install/create3_teleop:/home/rss/robot_harry/robotik/install/create3_examples_py:/opt/ros/humble /usr/bin/cmake --build /home/rss/robot_harry/robotik/build/apriltag_msgs -- -j8 -l8
[0.935s] DEBUG:colcon.colcon_core.event_handler.log_command:Invoking command in '/home/rss/robot_harry/robotik/build/apriltag_msgs': CMAKE_PREFIX_PATH=${CMAKE_PREFIX_PATH}:/home/rss/robot_harry/robotik/install/tag_detection:/home/rss/robot_harry/robotik/install/webcam_bringup:/home/rss/robot_harry/robotik/install/teleop:/home/rss/robot_harry/robotik/install/robot_bringup:/home/rss/robot_harry/robotik/install/pub_sub:/home/rss/robot_harry/robotik/install/object_detection:/home/rss/robot_harry/robotik/install/my_robot_navigation:/home/rss/robot_harry/robotik/install/create3_teleop:/home/rss/robot_harry/robotik/install/create3_examples_py:/opt/ros/humble /usr/bin/cmake --install /home/rss/robot_harry/robotik/build/apriltag_msgs
[0.935s] DEBUG:colcon.colcon_core.event_handler.log_command:Invoked command in '/home/rss/robot_harry/robotik/build/create3_examples_msgs' returned '0': CMAKE_PREFIX_PATH=${CMAKE_PREFIX_PATH}:/home/rss/robot_harry/robotik/install/tag_detection:/home/rss/robot_harry/robotik/install/webcam_bringup:/home/rss/robot_harry/robotik/install/teleop:/home/rss/robot_harry/robotik/install/robot_bringup:/home/rss/robot_harry/robotik/install/pub_sub:/home/rss/robot_harry/robotik/install/object_detection:/home/rss/robot_harry/robotik/install/my_robot_navigation:/home/rss/robot_harry/robotik/install/create3_teleop:/home/rss/robot_harry/robotik/install/create3_examples_py:/opt/ros/humble /usr/bin/cmake --build /home/rss/robot_harry/robotik/build/create3_examples_msgs -- -j8 -l8
[0.937s] DEBUG:colcon.colcon_core.event_handler.log_command:Invoking command in '/home/rss/robot_harry/robotik/build/create3_examples_msgs': CMAKE_PREFIX_PATH=${CMAKE_PREFIX_PATH}:/home/rss/robot_harry/robotik/install/tag_detection:/home/rss/robot_harry/robotik/install/webcam_bringup:/home/rss/robot_harry/robotik/install/teleop:/home/rss/robot_harry/robotik/install/robot_bringup:/home/rss/robot_harry/robotik/install/pub_sub:/home/rss/robot_harry/robotik/install/object_detection:/home/rss/robot_harry/robotik/install/my_robot_navigation:/home/rss/robot_harry/robotik/install/create3_teleop:/home/rss/robot_harry/robotik/install/create3_examples_py:/opt/ros/humble /usr/bin/cmake --install /home/rss/robot_harry/robotik/build/create3_examples_msgs
[0.959s] Level 1:colcon.colcon_core.environment:create_environment_scripts_only(rplidar_ros)
[0.969s] Level 1:colcon.colcon_core.environment:checking '/home/rss/robot_harry/robotik/install/rplidar_ros' for CMake module files
[0.970s] Level 1:colcon.colcon_core.environment:checking '/home/rss/robot_harry/robotik/install/rplidar_ros' for CMake config files
[0.971s] Level 1:colcon.colcon_core.shell:create_environment_hook('rplidar_ros', 'cmake_prefix_path')
[0.971s] INFO:colcon.colcon_core.shell:Creating environment hook '/home/rss/robot_harry/robotik/install/rplidar_ros/share/rplidar_ros/hook/cmake_prefix_path.ps1'
[0.973s] INFO:colcon.colcon_core.shell:Creating environment descriptor '/home/rss/robot_harry/robotik/install/rplidar_ros/share/rplidar_ros/hook/cmake_prefix_path.dsv'
[0.973s] INFO:colcon.colcon_core.shell:Creating environment hook '/home/rss/robot_harry/robotik/install/rplidar_ros/share/rplidar_ros/hook/cmake_prefix_path.sh'
[0.975s] Level 1:colcon.colcon_core.environment:checking '/home/rss/robot_harry/robotik/install/rplidar_ros/lib'
[0.976s] Level 1:colcon.colcon_core.environment:checking '/home/rss/robot_harry/robotik/install/rplidar_ros/bin'
[0.976s] Level 1:colcon.colcon_core.environment:checking '/home/rss/robot_harry/robotik/install/rplidar_ros/lib/pkgconfig/rplidar_ros.pc'
[0.976s] Level 1:colcon.colcon_core.environment:checking '/home/rss/robot_harry/robotik/install/rplidar_ros/lib/python3.10/site-packages'
[0.976s] Level 1:colcon.colcon_core.environment:checking '/home/rss/robot_harry/robotik/install/rplidar_ros/bin'
[0.977s] INFO:colcon.colcon_core.shell:Creating package script '/home/rss/robot_harry/robotik/install/rplidar_ros/share/rplidar_ros/package.ps1'
[0.978s] INFO:colcon.colcon_core.shell:Creating package descriptor '/home/rss/robot_harry/robotik/install/rplidar_ros/share/rplidar_ros/package.dsv'
[0.979s] INFO:colcon.colcon_core.shell:Creating package script '/home/rss/robot_harry/robotik/install/rplidar_ros/share/rplidar_ros/package.sh'
[0.980s] DEBUG:colcon.colcon_core.event_handler.log_command:Invoked command in '/home/rss/robot_harry/robotik/build/rplidar_ros' returned '0': CMAKE_PREFIX_PATH=${CMAKE_PREFIX_PATH}:/home/rss/robot_harry/robotik/install/tag_detection:/home/rss/robot_harry/robotik/install/webcam_bringup:/home/rss/robot_harry/robotik/install/teleop:/home/rss/robot_harry/robotik/install/robot_bringup:/home/rss/robot_harry/robotik/install/pub_sub:/home/rss/robot_harry/robotik/install/object_detection:/home/rss/robot_harry/robotik/install/my_robot_navigation:/home/rss/robot_harry/robotik/install/create3_teleop:/home/rss/robot_harry/robotik/install/create3_examples_py:/opt/ros/humble /usr/bin/cmake --install /home/rss/robot_harry/robotik/build/rplidar_ros
[0.980s] INFO:colcon.colcon_core.shell:Creating package script '/home/rss/robot_harry/robotik/install/rplidar_ros/share/rplidar_ros/package.bash'
[0.981s] INFO:colcon.colcon_core.shell:Creating package script '/home/rss/robot_harry/robotik/install/rplidar_ros/share/rplidar_ros/package.zsh'
[0.982s] Level 1:colcon.colcon_core.environment:create_file_with_runtime_dependencies(/home/rss/robot_harry/robotik/install/rplidar_ros/share/colcon-core/packages/rplidar_ros)
[0.983s] Level 1:colcon.colcon_core.environment:create_environment_scripts_only(rplidar_ros)
[0.983s] Level 1:colcon.colcon_core.environment:checking '/home/rss/robot_harry/robotik/install/rplidar_ros' for CMake module files
[0.983s] Level 1:colcon.colcon_core.environment:checking '/home/rss/robot_harry/robotik/install/rplidar_ros' for CMake config files
[0.984s] Level 1:colcon.colcon_core.shell:create_environment_hook('rplidar_ros', 'cmake_prefix_path')
[0.984s] INFO:colcon.colcon_core.shell:Creating environment hook '/home/rss/robot_harry/robotik/install/rplidar_ros/share/rplidar_ros/hook/cmake_prefix_path.ps1'
[0.984s] INFO:colcon.colcon_core.shell:Creating environment descriptor '/home/rss/robot_harry/robotik/install/rplidar_ros/share/rplidar_ros/hook/cmake_prefix_path.dsv'
[0.985s] INFO:colcon.colcon_core.shell:Creating environment hook '/home/rss/robot_harry/robotik/install/rplidar_ros/share/rplidar_ros/hook/cmake_prefix_path.sh'
[0.985s] Level 1:colcon.colcon_core.environment:checking '/home/rss/robot_harry/robotik/install/rplidar_ros/lib'
[0.985s] Level 1:colcon.colcon_core.environment:checking '/home/rss/robot_harry/robotik/install/rplidar_ros/bin'
[0.985s] Level 1:colcon.colcon_core.environment:checking '/home/rss/robot_harry/robotik/install/rplidar_ros/lib/pkgconfig/rplidar_ros.pc'
[0.985s] Level 1:colcon.colcon_core.environment:checking '/home/rss/robot_harry/robotik/install/rplidar_ros/lib/python3.10/site-packages'
[0.986s] Level 1:colcon.colcon_core.environment:checking '/home/rss/robot_harry/robotik/install/rplidar_ros/bin'
[0.986s] INFO:colcon.colcon_core.shell:Creating package script '/home/rss/robot_harry/robotik/install/rplidar_ros/share/rplidar_ros/package.ps1'
[0.987s] INFO:colcon.colcon_core.shell:Creating package descriptor '/home/rss/robot_harry/robotik/install/rplidar_ros/share/rplidar_ros/package.dsv'
[0.987s] INFO:colcon.colcon_core.shell:Creating package script '/home/rss/robot_harry/robotik/install/rplidar_ros/share/rplidar_ros/package.sh'
[0.988s] INFO:colcon.colcon_core.shell:Creating package script '/home/rss/robot_harry/robotik/install/rplidar_ros/share/rplidar_ros/package.bash'
[0.988s] INFO:colcon.colcon_core.shell:Creating package script '/home/rss/robot_harry/robotik/install/rplidar_ros/share/rplidar_ros/package.zsh'
[0.988s] Level 1:colcon.colcon_core.environment:create_file_with_runtime_dependencies(/home/rss/robot_harry/robotik/install/rplidar_ros/share/colcon-core/packages/rplidar_ros)
[0.989s] INFO:colcon.colcon_ros.task.ament_python.build:Building ROS package in '/home/rss/robot_harry/robotik/src/object_detection' with build type 'ament_python'
[0.989s] Level 1:colcon.colcon_core.shell:create_environment_hook('object_detection', 'ament_prefix_path')
[0.990s] INFO:colcon.colcon_core.shell:Creating environment hook '/home/rss/robot_harry/robotik/install/object_detection/share/object_detection/hook/ament_prefix_path.ps1'
[0.990s] INFO:colcon.colcon_core.shell:Creating environment descriptor '/home/rss/robot_harry/robotik/install/object_detection/share/object_detection/hook/ament_prefix_path.dsv'
[0.991s] INFO:colcon.colcon_core.shell:Creating environment hook '/home/rss/robot_harry/robotik/install/object_detection/share/object_detection/hook/ament_prefix_path.sh'
[0.991s] INFO:colcon.colcon_core.shell:Skip shell extension 'powershell' for command environment: Not usable outside of PowerShell
[0.991s] DEBUG:colcon.colcon_core.shell:Skip shell extension 'dsv' for command environment
[0.999s] Level 1:colcon.colcon_core.environment:create_environment_scripts_only(create3_republisher)
[0.999s] Level 1:colcon.colcon_core.environment:checking '/home/rss/robot_harry/robotik/install/create3_republisher' for CMake module files
[1.000s] Level 1:colcon.colcon_core.environment:checking '/home/rss/robot_harry/robotik/install/create3_republisher' for CMake config files
[1.002s] DEBUG:colcon.colcon_core.event_handler.log_command:Invoked command in '/home/rss/robot_harry/robotik/build/create3_republisher' returned '0': CMAKE_PREFIX_PATH=${CMAKE_PREFIX_PATH}:/home/rss/robot_harry/robotik/install/tag_detection:/home/rss/robot_harry/robotik/install/webcam_bringup:/home/rss/robot_harry/robotik/install/teleop:/home/rss/robot_harry/robotik/install/robot_bringup:/home/rss/robot_harry/robotik/install/pub_sub:/home/rss/robot_harry/robotik/install/object_detection:/home/rss/robot_harry/robotik/install/my_robot_navigation:/home/rss/robot_harry/robotik/install/create3_teleop:/home/rss/robot_harry/robotik/install/create3_examples_py:/opt/ros/humble /usr/bin/cmake --install /home/rss/robot_harry/robotik/build/create3_republisher
[1.006s] Level 1:colcon.colcon_core.shell:create_environment_hook('create3_republisher', 'cmake_prefix_path')
[1.007s] INFO:colcon.colcon_core.shell:Creating environment hook '/home/rss/robot_harry/robotik/install/create3_republisher/share/create3_republisher/hook/cmake_prefix_path.ps1'
[1.007s] INFO:colcon.colcon_core.shell:Creating environment descriptor '/home/rss/robot_harry/robotik/install/create3_republisher/share/create3_republisher/hook/cmake_prefix_path.dsv'
[1.008s] INFO:colcon.colcon_core.shell:Creating environment hook '/home/rss/robot_harry/robotik/install/create3_republisher/share/create3_republisher/hook/cmake_prefix_path.sh'
[1.008s] Level 1:colcon.colcon_core.environment:checking '/home/rss/robot_harry/robotik/install/create3_republisher/lib'
[1.008s] Level 1:colcon.colcon_core.environment:checking '/home/rss/robot_harry/robotik/install/create3_republisher/bin'
[1.008s] Level 1:colcon.colcon_core.environment:checking '/home/rss/robot_harry/robotik/install/create3_republisher/lib/pkgconfig/create3_republisher.pc'
[1.008s] Level 1:colcon.colcon_core.environment:checking '/home/rss/robot_harry/robotik/install/create3_republisher/lib/python3.10/site-packages'
[1.009s] Level 1:colcon.colcon_core.environment:checking '/home/rss/robot_harry/robotik/install/create3_republisher/bin'
[1.009s] INFO:colcon.colcon_core.shell:Creating package script '/home/rss/robot_harry/robotik/install/create3_republisher/share/create3_republisher/package.ps1'
[1.010s] INFO:colcon.colcon_core.shell:Creating package descriptor '/home/rss/robot_harry/robotik/install/create3_republisher/share/create3_republisher/package.dsv'
[1.010s] INFO:colcon.colcon_core.shell:Creating package script '/home/rss/robot_harry/robotik/install/create3_republisher/share/create3_republisher/package.sh'
[1.011s] INFO:colcon.colcon_core.shell:Creating package script '/home/rss/robot_harry/robotik/install/create3_republisher/share/create3_republisher/package.bash'
[1.012s] INFO:colcon.colcon_core.shell:Creating package script '/home/rss/robot_harry/robotik/install/create3_republisher/share/create3_republisher/package.zsh'
[1.013s] Level 1:colcon.colcon_core.environment:create_file_with_runtime_dependencies(/home/rss/robot_harry/robotik/install/create3_republisher/share/colcon-core/packages/create3_republisher)
[1.014s] Level 1:colcon.colcon_core.environment:create_environment_scripts_only(create3_republisher)
[1.014s] Level 1:colcon.colcon_core.environment:checking '/home/rss/robot_harry/robotik/install/create3_republisher' for CMake module files
[1.014s] Level 1:colcon.colcon_core.environment:checking '/home/rss/robot_harry/robotik/install/create3_republisher' for CMake config files
[1.015s] Level 1:colcon.colcon_core.shell:create_environment_hook('create3_republisher', 'cmake_prefix_path')
[1.015s] INFO:colcon.colcon_core.shell:Creating environment hook '/home/rss/robot_harry/robotik/install/create3_republisher/share/create3_republisher/hook/cmake_prefix_path.ps1'
[1.015s] INFO:colcon.colcon_core.shell:Creating environment descriptor '/home/rss/robot_harry/robotik/install/create3_republisher/share/create3_republisher/hook/cmake_prefix_path.dsv'
[1.016s] INFO:colcon.colcon_core.shell:Creating environment hook '/home/rss/robot_harry/robotik/install/create3_republisher/share/create3_republisher/hook/cmake_prefix_path.sh'
[1.016s] Level 1:colcon.colcon_core.environment:checking '/home/rss/robot_harry/robotik/install/create3_republisher/lib'
[1.017s] Level 1:colcon.colcon_core.environment:checking '/home/rss/robot_harry/robotik/install/create3_republisher/bin'
[1.017s] Level 1:colcon.colcon_core.environment:checking '/home/rss/robot_harry/robotik/install/create3_republisher/lib/pkgconfig/create3_republisher.pc'
[1.017s] Level 1:colcon.colcon_core.environment:checking '/home/rss/robot_harry/robotik/install/create3_republisher/lib/python3.10/site-packages'
[1.017s] Level 1:colcon.colcon_core.environment:checking '/home/rss/robot_harry/robotik/install/create3_republisher/bin'
[1.018s] INFO:colcon.colcon_core.shell:Creating package script '/home/rss/robot_harry/robotik/install/create3_republisher/share/create3_republisher/package.ps1'
[1.018s] INFO:colcon.colcon_core.shell:Creating package descriptor '/home/rss/robot_harry/robotik/install/create3_republisher/share/create3_republisher/package.dsv'
[1.018s] INFO:colcon.colcon_core.shell:Creating package script '/home/rss/robot_harry/robotik/install/create3_republisher/share/create3_republisher/package.sh'
[1.019s] INFO:colcon.colcon_core.shell:Creating package script '/home/rss/robot_harry/robotik/install/create3_republisher/share/create3_republisher/package.bash'
[1.019s] INFO:colcon.colcon_core.shell:Creating package script '/home/rss/robot_harry/robotik/install/create3_republisher/share/create3_republisher/package.zsh'
[1.020s] Level 1:colcon.colcon_core.environment:create_file_with_runtime_dependencies(/home/rss/robot_harry/robotik/install/create3_republisher/share/colcon-core/packages/create3_republisher)
[1.021s] DEBUG:colcon.colcon_core.event_handler.log_command:Invoked command in '/home/rss/robot_harry/robotik/build/my_robot_slam' returned '0': CMAKE_PREFIX_PATH=${CMAKE_PREFIX_PATH}:/home/rss/robot_harry/robotik/install/tag_detection:/home/rss/robot_harry/robotik/install/webcam_bringup:/home/rss/robot_harry/robotik/install/teleop:/home/rss/robot_harry/robotik/install/robot_bringup:/home/rss/robot_harry/robotik/install/pub_sub:/home/rss/robot_harry/robotik/install/object_detection:/home/rss/robot_harry/robotik/install/my_robot_navigation:/home/rss/robot_harry/robotik/install/create3_teleop:/home/rss/robot_harry/robotik/install/create3_examples_py:/opt/ros/humble /usr/bin/cmake --build /home/rss/robot_harry/robotik/build/my_robot_slam -- -j8 -l8
[1.022s] DEBUG:colcon.colcon_core.event_handler.log_command:Invoking command in '/home/rss/robot_harry/robotik/build/my_robot_slam': CMAKE_PREFIX_PATH=${CMAKE_PREFIX_PATH}:/home/rss/robot_harry/robotik/install/tag_detection:/home/rss/robot_harry/robotik/install/webcam_bringup:/home/rss/robot_harry/robotik/install/teleop:/home/rss/robot_harry/robotik/install/robot_bringup:/home/rss/robot_harry/robotik/install/pub_sub:/home/rss/robot_harry/robotik/install/object_detection:/home/rss/robot_harry/robotik/install/my_robot_navigation:/home/rss/robot_harry/robotik/install/create3_teleop:/home/rss/robot_harry/robotik/install/create3_examples_py:/opt/ros/humble /usr/bin/cmake --install /home/rss/robot_harry/robotik/build/my_robot_slam
[1.023s] INFO:colcon.colcon_ros.task.ament_python.build:Building ROS package in '/home/rss/robot_harry/robotik/src/pub_sub' with build type 'ament_python'
[1.023s] Level 1:colcon.colcon_core.shell:create_environment_hook('pub_sub', 'ament_prefix_path')
[1.023s] INFO:colcon.colcon_core.shell:Creating environment hook '/home/rss/robot_harry/robotik/install/pub_sub/share/pub_sub/hook/ament_prefix_path.ps1'
[1.024s] INFO:colcon.colcon_core.shell:Creating environment descriptor '/home/rss/robot_harry/robotik/install/pub_sub/share/pub_sub/hook/ament_prefix_path.dsv'
[1.024s] INFO:colcon.colcon_core.shell:Creating environment hook '/home/rss/robot_harry/robotik/install/pub_sub/share/pub_sub/hook/ament_prefix_path.sh'
[1.025s] INFO:colcon.colcon_core.shell:Skip shell extension 'powershell' for command environment: Not usable outside of PowerShell
[1.025s] DEBUG:colcon.colcon_core.shell:Skip shell extension 'dsv' for command environment
[1.241s] INFO:colcon.colcon_core.task.python.build:Building Python package in '/home/rss/robot_harry/robotik/src/object_detection'
[1.242s] INFO:colcon.colcon_core.shell:Skip shell extension 'powershell' for command environment: Not usable outside of PowerShell
[1.242s] DEBUG:colcon.colcon_core.shell:Skip shell extension 'dsv' for command environment
[1.246s] Level 1:colcon.colcon_core.environment:create_environment_scripts_only(apriltag_msgs)
[1.246s] Level 1:colcon.colcon_core.environment:checking '/home/rss/robot_harry/robotik/install/apriltag_msgs' for CMake module files
[1.246s] DEBUG:colcon.colcon_core.event_handler.log_command:Invoked command in '/home/rss/robot_harry/robotik/build/apriltag_msgs' returned '0': CMAKE_PREFIX_PATH=${CMAKE_PREFIX_PATH}:/home/rss/robot_harry/robotik/install/tag_detection:/home/rss/robot_harry/robotik/install/webcam_bringup:/home/rss/robot_harry/robotik/install/teleop:/home/rss/robot_harry/robotik/install/robot_bringup:/home/rss/robot_harry/robotik/install/pub_sub:/home/rss/robot_harry/robotik/install/object_detection:/home/rss/robot_harry/robotik/install/my_robot_navigation:/home/rss/robot_harry/robotik/install/create3_teleop:/home/rss/robot_harry/robotik/install/create3_examples_py:/opt/ros/humble /usr/bin/cmake --install /home/rss/robot_harry/robotik/build/apriltag_msgs
[1.247s] Level 1:colcon.colcon_core.environment:checking '/home/rss/robot_harry/robotik/install/apriltag_msgs' for CMake config files
[1.247s] Level 1:colcon.colcon_core.shell:create_environment_hook('apriltag_msgs', 'cmake_prefix_path')
[1.247s] INFO:colcon.colcon_core.shell:Creating environment hook '/home/rss/robot_harry/robotik/install/apriltag_msgs/share/apriltag_msgs/hook/cmake_prefix_path.ps1'
[1.248s] INFO:colcon.colcon_core.shell:Creating environment descriptor '/home/rss/robot_harry/robotik/install/apriltag_msgs/share/apriltag_msgs/hook/cmake_prefix_path.dsv'
[1.248s] INFO:colcon.colcon_core.shell:Creating environment hook '/home/rss/robot_harry/robotik/install/apriltag_msgs/share/apriltag_msgs/hook/cmake_prefix_path.sh'
[1.248s] Level 1:colcon.colcon_core.environment:checking '/home/rss/robot_harry/robotik/install/apriltag_msgs/lib'
[1.248s] Level 1:colcon.colcon_core.shell:create_environment_hook('apriltag_msgs', 'ld_library_path_lib')
[1.248s] INFO:colcon.colcon_core.shell:Creating environment hook '/home/rss/robot_harry/robotik/install/apriltag_msgs/share/apriltag_msgs/hook/ld_library_path_lib.ps1'
[1.249s] INFO:colcon.colcon_core.shell:Creating environment descriptor '/home/rss/robot_harry/robotik/install/apriltag_msgs/share/apriltag_msgs/hook/ld_library_path_lib.dsv'
[1.249s] INFO:colcon.colcon_core.shell:Creating environment hook '/home/rss/robot_harry/robotik/install/apriltag_msgs/share/apriltag_msgs/hook/ld_library_path_lib.sh'
[1.249s] Level 1:colcon.colcon_core.environment:checking '/home/rss/robot_harry/robotik/install/apriltag_msgs/bin'
[1.249s] Level 1:colcon.colcon_core.environment:checking '/home/rss/robot_harry/robotik/install/apriltag_msgs/lib/pkgconfig/apriltag_msgs.pc'
[1.249s] Level 1:colcon.colcon_core.environment:checking '/home/rss/robot_harry/robotik/install/apriltag_msgs/lib/python3.10/site-packages'
[1.249s] Level 1:colcon.colcon_core.environment:checking '/home/rss/robot_harry/robotik/install/apriltag_msgs/bin'
[1.250s] INFO:colcon.colcon_core.shell:Creating package script '/home/rss/robot_harry/robotik/install/apriltag_msgs/share/apriltag_msgs/package.ps1'
[1.250s] INFO:colcon.colcon_core.shell:Creating package descriptor '/home/rss/robot_harry/robotik/install/apriltag_msgs/share/apriltag_msgs/package.dsv'
[1.250s] INFO:colcon.colcon_core.shell:Creating package script '/home/rss/robot_harry/robotik/install/apriltag_msgs/share/apriltag_msgs/package.sh'
[1.250s] INFO:colcon.colcon_core.shell:Creating package script '/home/rss/robot_harry/robotik/install/apriltag_msgs/share/apriltag_msgs/package.bash'
[1.251s] INFO:colcon.colcon_core.shell:Creating package script '/home/rss/robot_harry/robotik/install/apriltag_msgs/share/apriltag_msgs/package.zsh'
[1.251s] Level 1:colcon.colcon_core.environment:create_file_with_runtime_dependencies(/home/rss/robot_harry/robotik/install/apriltag_msgs/share/colcon-core/packages/apriltag_msgs)
[1.251s] Level 1:colcon.colcon_core.environment:create_environment_scripts_only(apriltag_msgs)
[1.251s] Level 1:colcon.colcon_core.environment:checking '/home/rss/robot_harry/robotik/install/apriltag_msgs' for CMake module files
[1.252s] Level 1:colcon.colcon_core.environment:checking '/home/rss/robot_harry/robotik/install/apriltag_msgs' for CMake config files
[1.252s] Level 1:colcon.colcon_core.shell:create_environment_hook('apriltag_msgs', 'cmake_prefix_path')
[1.252s] INFO:colcon.colcon_core.shell:Creating environment hook '/home/rss/robot_harry/robotik/install/apriltag_msgs/share/apriltag_msgs/hook/cmake_prefix_path.ps1'
[1.252s] INFO:colcon.colcon_core.shell:Creating environment descriptor '/home/rss/robot_harry/robotik/install/apriltag_msgs/share/apriltag_msgs/hook/cmake_prefix_path.dsv'
[1.253s] INFO:colcon.colcon_core.shell:Creating environment hook '/home/rss/robot_harry/robotik/install/apriltag_msgs/share/apriltag_msgs/hook/cmake_prefix_path.sh'
[1.253s] Level 1:colcon.colcon_core.environment:checking '/home/rss/robot_harry/robotik/install/apriltag_msgs/lib'
[1.253s] Level 1:colcon.colcon_core.shell:create_environment_hook('apriltag_msgs', 'ld_library_path_lib')
[1.253s] INFO:colcon.colcon_core.shell:Creating environment hook '/home/rss/robot_harry/robotik/install/apriltag_msgs/share/apriltag_msgs/hook/ld_library_path_lib.ps1'
[1.253s] INFO:colcon.colcon_core.shell:Creating environment descriptor '/home/rss/robot_harry/robotik/install/apriltag_msgs/share/apriltag_msgs/hook/ld_library_path_lib.dsv'
[1.254s] INFO:colcon.colcon_core.shell:Creating environment hook '/home/rss/robot_harry/robotik/install/apriltag_msgs/share/apriltag_msgs/hook/ld_library_path_lib.sh'
[1.254s] Level 1:colcon.colcon_core.environment:checking '/home/rss/robot_harry/robotik/install/apriltag_msgs/bin'
[1.254s] Level 1:colcon.colcon_core.environment:checking '/home/rss/robot_harry/robotik/install/apriltag_msgs/lib/pkgconfig/apriltag_msgs.pc'
[1.254s] Level 1:colcon.colcon_core.environment:checking '/home/rss/robot_harry/robotik/install/apriltag_msgs/lib/python3.10/site-packages'
[1.254s] Level 1:colcon.colcon_core.environment:checking '/home/rss/robot_harry/robotik/install/apriltag_msgs/bin'
[1.255s] INFO:colcon.colcon_core.shell:Creating package script '/home/rss/robot_harry/robotik/install/apriltag_msgs/share/apriltag_msgs/package.ps1'
[1.255s] INFO:colcon.colcon_core.shell:Creating package descriptor '/home/rss/robot_harry/robotik/install/apriltag_msgs/share/apriltag_msgs/package.dsv'
[1.255s] INFO:colcon.colcon_core.shell:Creating package script '/home/rss/robot_harry/robotik/install/apriltag_msgs/share/apriltag_msgs/package.sh'
[1.256s] INFO:colcon.colcon_core.shell:Creating package script '/home/rss/robot_harry/robotik/install/apriltag_msgs/share/apriltag_msgs/package.bash'
[1.256s] INFO:colcon.colcon_core.shell:Creating package script '/home/rss/robot_harry/robotik/install/apriltag_msgs/share/apriltag_msgs/package.zsh'
[1.256s] Level 1:colcon.colcon_core.environment:create_file_with_runtime_dependencies(/home/rss/robot_harry/robotik/install/apriltag_msgs/share/colcon-core/packages/apriltag_msgs)
[1.256s] Level 1:colcon.colcon_core.environment:create_environment_scripts_only(create3_examples_msgs)
[1.257s] Level 1:colcon.colcon_core.environment:checking '/home/rss/robot_harry/robotik/install/create3_examples_msgs' for CMake module files
[1.258s] DEBUG:colcon.colcon_core.event_handler.log_command:Invoked command in '/home/rss/robot_harry/robotik/build/create3_examples_msgs' returned '0': CMAKE_PREFIX_PATH=${CMAKE_PREFIX_PATH}:/home/rss/robot_harry/robotik/install/tag_detection:/home/rss/robot_harry/robotik/install/webcam_bringup:/home/rss/robot_harry/robotik/install/teleop:/home/rss/robot_harry/robotik/install/robot_bringup:/home/rss/robot_harry/robotik/install/pub_sub:/home/rss/robot_harry/robotik/install/object_detection:/home/rss/robot_harry/robotik/install/my_robot_navigation:/home/rss/robot_harry/robotik/install/create3_teleop:/home/rss/robot_harry/robotik/install/create3_examples_py:/opt/ros/humble /usr/bin/cmake --install /home/rss/robot_harry/robotik/build/create3_examples_msgs
[1.258s] Level 1:colcon.colcon_core.environment:checking '/home/rss/robot_harry/robotik/install/create3_examples_msgs' for CMake config files
[1.258s] Level 1:colcon.colcon_core.shell:create_environment_hook('create3_examples_msgs', 'cmake_prefix_path')
[1.258s] INFO:colcon.colcon_core.shell:Creating environment hook '/home/rss/robot_harry/robotik/install/create3_examples_msgs/share/create3_examples_msgs/hook/cmake_prefix_path.ps1'
[1.259s] INFO:colcon.colcon_core.shell:Creating environment descriptor '/home/rss/robot_harry/robotik/install/create3_examples_msgs/share/create3_examples_msgs/hook/cmake_prefix_path.dsv'
[1.259s] INFO:colcon.colcon_core.shell:Creating environment hook '/home/rss/robot_harry/robotik/install/create3_examples_msgs/share/create3_examples_msgs/hook/cmake_prefix_path.sh'
[1.259s] Level 1:colcon.colcon_core.environment:checking '/home/rss/robot_harry/robotik/install/create3_examples_msgs/lib'
[1.259s] Level 1:colcon.colcon_core.shell:create_environment_hook('create3_examples_msgs', 'ld_library_path_lib')
[1.260s] INFO:colcon.colcon_core.shell:Creating environment hook '/home/rss/robot_harry/robotik/install/create3_examples_msgs/share/create3_examples_msgs/hook/ld_library_path_lib.ps1'
[1.260s] INFO:colcon.colcon_core.shell:Creating environment descriptor '/home/rss/robot_harry/robotik/install/create3_examples_msgs/share/create3_examples_msgs/hook/ld_library_path_lib.dsv'
[1.260s] INFO:colcon.colcon_core.shell:Creating environment hook '/home/rss/robot_harry/robotik/install/create3_examples_msgs/share/create3_examples_msgs/hook/ld_library_path_lib.sh'
[1.260s] Level 1:colcon.colcon_core.environment:checking '/home/rss/robot_harry/robotik/install/create3_examples_msgs/bin'
[1.260s] Level 1:colcon.colcon_core.environment:checking '/home/rss/robot_harry/robotik/install/create3_examples_msgs/lib/pkgconfig/create3_examples_msgs.pc'
[1.260s] Level 1:colcon.colcon_core.environment:checking '/home/rss/robot_harry/robotik/install/create3_examples_msgs/lib/python3.10/site-packages'
[1.261s] Level 1:colcon.colcon_core.environment:checking '/home/rss/robot_harry/robotik/install/create3_examples_msgs/bin'
[1.261s] INFO:colcon.colcon_core.shell:Creating package script '/home/rss/robot_harry/robotik/install/create3_examples_msgs/share/create3_examples_msgs/package.ps1'
[1.261s] INFO:colcon.colcon_core.shell:Creating package descriptor '/home/rss/robot_harry/robotik/install/create3_examples_msgs/share/create3_examples_msgs/package.dsv'
[1.262s] INFO:colcon.colcon_core.shell:Creating package script '/home/rss/robot_harry/robotik/install/create3_examples_msgs/share/create3_examples_msgs/package.sh'
[1.262s] INFO:colcon.colcon_core.shell:Creating package script '/home/rss/robot_harry/robotik/install/create3_examples_msgs/share/create3_examples_msgs/package.bash'
[1.262s] INFO:colcon.colcon_core.shell:Creating package script '/home/rss/robot_harry/robotik/install/create3_examples_msgs/share/create3_examples_msgs/package.zsh'
[1.262s] Level 1:colcon.colcon_core.environment:create_file_with_runtime_dependencies(/home/rss/robot_harry/robotik/install/create3_examples_msgs/share/colcon-core/packages/create3_examples_msgs)
[1.263s] Level 1:colcon.colcon_core.environment:create_environment_scripts_only(create3_examples_msgs)
[1.263s] Level 1:colcon.colcon_core.environment:checking '/home/rss/robot_harry/robotik/install/create3_examples_msgs' for CMake module files
[1.263s] Level 1:colcon.colcon_core.environment:checking '/home/rss/robot_harry/robotik/install/create3_examples_msgs' for CMake config files
[1.263s] Level 1:colcon.colcon_core.shell:create_environment_hook('create3_examples_msgs', 'cmake_prefix_path')
[1.264s] INFO:colcon.colcon_core.shell:Creating environment hook '/home/rss/robot_harry/robotik/install/create3_examples_msgs/share/create3_examples_msgs/hook/cmake_prefix_path.ps1'
[1.264s] INFO:colcon.colcon_core.shell:Creating environment descriptor '/home/rss/robot_harry/robotik/install/create3_examples_msgs/share/create3_examples_msgs/hook/cmake_prefix_path.dsv'
[1.264s] INFO:colcon.colcon_core.shell:Creating environment hook '/home/rss/robot_harry/robotik/install/create3_examples_msgs/share/create3_examples_msgs/hook/cmake_prefix_path.sh'
[1.265s] Level 1:colcon.colcon_core.environment:checking '/home/rss/robot_harry/robotik/install/create3_examples_msgs/lib'
[1.265s] Level 1:colcon.colcon_core.shell:create_environment_hook('create3_examples_msgs', 'ld_library_path_lib')
[1.265s] INFO:colcon.colcon_core.shell:Creating environment hook '/home/rss/robot_harry/robotik/install/create3_examples_msgs/share/create3_examples_msgs/hook/ld_library_path_lib.ps1'
[1.265s] INFO:colcon.colcon_core.shell:Creating environment descriptor '/home/rss/robot_harry/robotik/install/create3_examples_msgs/share/create3_examples_msgs/hook/ld_library_path_lib.dsv'
[1.265s] INFO:colcon.colcon_core.shell:Creating environment hook '/home/rss/robot_harry/robotik/install/create3_examples_msgs/share/create3_examples_msgs/hook/ld_library_path_lib.sh'
[1.265s] Level 1:colcon.colcon_core.environment:checking '/home/rss/robot_harry/robotik/install/create3_examples_msgs/bin'
[1.265s] Level 1:colcon.colcon_core.environment:checking '/home/rss/robot_harry/robotik/install/create3_examples_msgs/lib/pkgconfig/create3_examples_msgs.pc'
[1.266s] Level 1:colcon.colcon_core.environment:checking '/home/rss/robot_harry/robotik/install/create3_examples_msgs/lib/python3.10/site-packages'
[1.266s] Level 1:colcon.colcon_core.environment:checking '/home/rss/robot_harry/robotik/install/create3_examples_msgs/bin'
[1.266s] INFO:colcon.colcon_core.shell:Creating package script '/home/rss/robot_harry/robotik/install/create3_examples_msgs/share/create3_examples_msgs/package.ps1'
[1.266s] INFO:colcon.colcon_core.shell:Creating package descriptor '/home/rss/robot_harry/robotik/install/create3_examples_msgs/share/create3_examples_msgs/package.dsv'
[1.267s] INFO:colcon.colcon_core.shell:Creating package script '/home/rss/robot_harry/robotik/install/create3_examples_msgs/share/create3_examples_msgs/package.sh'
[1.267s] INFO:colcon.colcon_core.shell:Creating package script '/home/rss/robot_harry/robotik/install/create3_examples_msgs/share/create3_examples_msgs/package.bash'
[1.267s] INFO:colcon.colcon_core.shell:Creating package script '/home/rss/robot_harry/robotik/install/create3_examples_msgs/share/create3_examples_msgs/package.zsh'
[1.267s] Level 1:colcon.colcon_core.environment:create_file_with_runtime_dependencies(/home/rss/robot_harry/robotik/install/create3_examples_msgs/share/colcon-core/packages/create3_examples_msgs)
[1.268s] INFO:colcon.colcon_ros.task.ament_python.build:Building ROS package in '/home/rss/robot_harry/robotik/src/robot_bringup' with build type 'ament_python'
[1.268s] Level 1:colcon.colcon_core.shell:create_environment_hook('robot_bringup', 'ament_prefix_path')
[1.269s] INFO:colcon.colcon_core.shell:Creating environment hook '/home/rss/robot_harry/robotik/install/robot_bringup/share/robot_bringup/hook/ament_prefix_path.ps1'
[1.269s] INFO:colcon.colcon_core.shell:Creating environment descriptor '/home/rss/robot_harry/robotik/install/robot_bringup/share/robot_bringup/hook/ament_prefix_path.dsv'
[1.269s] INFO:colcon.colcon_core.shell:Creating environment hook '/home/rss/robot_harry/robotik/install/robot_bringup/share/robot_bringup/hook/ament_prefix_path.sh'
[1.269s] INFO:colcon.colcon_core.shell:Skip shell extension 'powershell' for command environment: Not usable outside of PowerShell
[1.270s] DEBUG:colcon.colcon_core.shell:Skip shell extension 'dsv' for command environment
[1.272s] INFO:colcon.colcon_ros.task.ament_python.build:Building ROS package in '/home/rss/robot_harry/robotik/src/tag_detection' with build type 'ament_python'
[1.272s] Level 1:colcon.colcon_core.shell:create_environment_hook('tag_detection', 'ament_prefix_path')
[1.272s] INFO:colcon.colcon_core.shell:Creating environment hook '/home/rss/robot_harry/robotik/install/tag_detection/share/tag_detection/hook/ament_prefix_path.ps1'
[1.273s] INFO:colcon.colcon_core.shell:Creating environment descriptor '/home/rss/robot_harry/robotik/install/tag_detection/share/tag_detection/hook/ament_prefix_path.dsv'
[1.273s] INFO:colcon.colcon_core.shell:Creating environment hook '/home/rss/robot_harry/robotik/install/tag_detection/share/tag_detection/hook/ament_prefix_path.sh'
[1.273s] INFO:colcon.colcon_core.shell:Skip shell extension 'powershell' for command environment: Not usable outside of PowerShell
[1.273s] DEBUG:colcon.colcon_core.shell:Skip shell extension 'dsv' for command environment
[1.275s] Level 1:colcon.colcon_core.environment:create_environment_scripts_only(my_robot_slam)
[1.276s] Level 1:colcon.colcon_core.environment:checking '/home/rss/robot_harry/robotik/install/my_robot_slam' for CMake module files
[1.276s] DEBUG:colcon.colcon_core.event_handler.log_command:Invoked command in '/home/rss/robot_harry/robotik/build/my_robot_slam' returned '0': CMAKE_PREFIX_PATH=${CMAKE_PREFIX_PATH}:/home/rss/robot_harry/robotik/install/tag_detection:/home/rss/robot_harry/robotik/install/webcam_bringup:/home/rss/robot_harry/robotik/install/teleop:/home/rss/robot_harry/robotik/install/robot_bringup:/home/rss/robot_harry/robotik/install/pub_sub:/home/rss/robot_harry/robotik/install/object_detection:/home/rss/robot_harry/robotik/install/my_robot_navigation:/home/rss/robot_harry/robotik/install/create3_teleop:/home/rss/robot_harry/robotik/install/create3_examples_py:/opt/ros/humble /usr/bin/cmake --install /home/rss/robot_harry/robotik/build/my_robot_slam
[1.276s] Level 1:colcon.colcon_core.environment:checking '/home/rss/robot_harry/robotik/install/my_robot_slam' for CMake config files
[1.276s] Level 1:colcon.colcon_core.shell:create_environment_hook('my_robot_slam', 'cmake_prefix_path')
[1.276s] INFO:colcon.colcon_core.shell:Creating environment hook '/home/rss/robot_harry/robotik/install/my_robot_slam/share/my_robot_slam/hook/cmake_prefix_path.ps1'
[1.277s] INFO:colcon.colcon_core.shell:Creating environment descriptor '/home/rss/robot_harry/robotik/install/my_robot_slam/share/my_robot_slam/hook/cmake_prefix_path.dsv'
[1.277s] INFO:colcon.colcon_core.shell:Creating environment hook '/home/rss/robot_harry/robotik/install/my_robot_slam/share/my_robot_slam/hook/cmake_prefix_path.sh'
[1.277s] Level 1:colcon.colcon_core.environment:checking '/home/rss/robot_harry/robotik/install/my_robot_slam/bin'
[1.277s] Level 1:colcon.colcon_core.environment:checking '/home/rss/robot_harry/robotik/install/my_robot_slam/lib/pkgconfig/my_robot_slam.pc'
[1.277s] Level 1:colcon.colcon_core.environment:checking '/home/rss/robot_harry/robotik/install/my_robot_slam/lib/python3.10/site-packages'
[1.278s] Level 1:colcon.colcon_core.environment:checking '/home/rss/robot_harry/robotik/install/my_robot_slam/bin'
[1.278s] INFO:colcon.colcon_core.shell:Creating package script '/home/rss/robot_harry/robotik/install/my_robot_slam/share/my_robot_slam/package.ps1'
[1.278s] INFO:colcon.colcon_core.shell:Creating package descriptor '/home/rss/robot_harry/robotik/install/my_robot_slam/share/my_robot_slam/package.dsv'
[1.278s] INFO:colcon.colcon_core.shell:Creating package script '/home/rss/robot_harry/robotik/install/my_robot_slam/share/my_robot_slam/package.sh'
[1.279s] INFO:colcon.colcon_core.shell:Creating package script '/home/rss/robot_harry/robotik/install/my_robot_slam/share/my_robot_slam/package.bash'
[1.279s] INFO:colcon.colcon_core.shell:Creating package script '/home/rss/robot_harry/robotik/install/my_robot_slam/share/my_robot_slam/package.zsh'
[1.279s] Level 1:colcon.colcon_core.environment:create_file_with_runtime_dependencies(/home/rss/robot_harry/robotik/install/my_robot_slam/share/colcon-core/packages/my_robot_slam)
[1.279s] Level 1:colcon.colcon_core.environment:create_environment_scripts_only(my_robot_slam)
[1.279s] Level 1:colcon.colcon_core.environment:checking '/home/rss/robot_harry/robotik/install/my_robot_slam' for CMake module files
[1.280s] Level 1:colcon.colcon_core.environment:checking '/home/rss/robot_harry/robotik/install/my_robot_slam' for CMake config files
[1.280s] Level 1:colcon.colcon_core.shell:create_environment_hook('my_robot_slam', 'cmake_prefix_path')
[1.280s] INFO:colcon.colcon_core.shell:Creating environment hook '/home/rss/robot_harry/robotik/install/my_robot_slam/share/my_robot_slam/hook/cmake_prefix_path.ps1'
[1.280s] INFO:colcon.colcon_core.shell:Creating environment descriptor '/home/rss/robot_harry/robotik/install/my_robot_slam/share/my_robot_slam/hook/cmake_prefix_path.dsv'
[1.280s] INFO:colcon.colcon_core.shell:Creating environment hook '/home/rss/robot_harry/robotik/install/my_robot_slam/share/my_robot_slam/hook/cmake_prefix_path.sh'
[1.281s] Level 1:colcon.colcon_core.environment:checking '/home/rss/robot_harry/robotik/install/my_robot_slam/bin'
[1.281s] Level 1:colcon.colcon_core.environment:checking '/home/rss/robot_harry/robotik/install/my_robot_slam/lib/pkgconfig/my_robot_slam.pc'
[1.281s] Level 1:colcon.colcon_core.environment:checking '/home/rss/robot_harry/robotik/install/my_robot_slam/lib/python3.10/site-packages'
[1.281s] Level 1:colcon.colcon_core.environment:checking '/home/rss/robot_harry/robotik/install/my_robot_slam/bin'
[1.281s] INFO:colcon.colcon_core.shell:Creating package script '/home/rss/robot_harry/robotik/install/my_robot_slam/share/my_robot_slam/package.ps1'
[1.281s] INFO:colcon.colcon_core.shell:Creating package descriptor '/home/rss/robot_harry/robotik/install/my_robot_slam/share/my_robot_slam/package.dsv'
[1.282s] INFO:colcon.colcon_core.shell:Creating package script '/home/rss/robot_harry/robotik/install/my_robot_slam/share/my_robot_slam/package.sh'
[1.282s] INFO:colcon.colcon_core.shell:Creating package script '/home/rss/robot_harry/robotik/install/my_robot_slam/share/my_robot_slam/package.bash'
[1.282s] INFO:colcon.colcon_core.shell:Creating package script '/home/rss/robot_harry/robotik/install/my_robot_slam/share/my_robot_slam/package.zsh'
[1.282s] Level 1:colcon.colcon_core.environment:create_file_with_runtime_dependencies(/home/rss/robot_harry/robotik/install/my_robot_slam/share/colcon-core/packages/my_robot_slam)
[1.464s] INFO:colcon.colcon_core.task.python.build:Building Python package in '/home/rss/robot_harry/robotik/src/pub_sub'
[1.464s] INFO:colcon.colcon_core.shell:Skip shell extension 'powershell' for command environment: Not usable outside of PowerShell
[1.464s] DEBUG:colcon.colcon_core.shell:Skip shell extension 'dsv' for command environment
[1.470s] DEBUG:colcon.colcon_core.event_handler.log_command:Invoking command in '/home/rss/robot_harry/robotik/src/create3_examples/create3_examples_py': PYTHONPATH=/home/rss/robot_harry/robotik/build/create3_examples_py/prefix_override:/usr/lib/python3/dist-packages/colcon_core/task/python/colcon_distutils_commands:/home/rss/robot_harry/robotik/install/create3_examples_py/lib/python3.10/site-packages:${PYTHONPATH} /usr/bin/python3 -W ignore:setup.py install is deprecated -W ignore:easy_install command is deprecated setup.py egg_info --egg-base ../../../build/create3_examples_py build --build-base /home/rss/robot_harry/robotik/build/create3_examples_py/build install --record /home/rss/robot_harry/robotik/build/create3_examples_py/install.log --single-version-externally-managed install_data
[1.470s] INFO:colcon.colcon_ros.task.ament_python.build:Building ROS package in '/home/rss/robot_harry/robotik/src/teleop' with build type 'ament_python'
[1.470s] Level 1:colcon.colcon_core.shell:create_environment_hook('teleop', 'ament_prefix_path')
[1.471s] INFO:colcon.colcon_core.shell:Creating environment hook '/home/rss/robot_harry/robotik/install/teleop/share/teleop/hook/ament_prefix_path.ps1'
[1.471s] INFO:colcon.colcon_core.shell:Creating environment descriptor '/home/rss/robot_harry/robotik/install/teleop/share/teleop/hook/ament_prefix_path.dsv'
[1.472s] DEBUG:colcon.colcon_core.event_handler.log_command:Invoking command in '/home/rss/robot_harry/robotik/src/my_robot_navigation': PYTHONPATH=/home/rss/robot_harry/robotik/build/my_robot_navigation/prefix_override:/usr/lib/python3/dist-packages/colcon_core/task/python/colcon_distutils_commands:/home/rss/robot_harry/robotik/install/my_robot_navigation/lib/python3.10/site-packages:${PYTHONPATH} /usr/bin/python3 -W ignore:setup.py install is deprecated -W ignore:easy_install command is deprecated setup.py egg_info --egg-base ../../build/my_robot_navigation build --build-base /home/rss/robot_harry/robotik/build/my_robot_navigation/build install --record /home/rss/robot_harry/robotik/build/my_robot_navigation/install.log --single-version-externally-managed install_data
[1.472s] INFO:colcon.colcon_core.shell:Creating environment hook '/home/rss/robot_harry/robotik/install/teleop/share/teleop/hook/ament_prefix_path.sh'
[1.473s] DEBUG:colcon.colcon_core.event_handler.log_command:Invoking command in '/home/rss/robot_harry/robotik/src/create3_examples/create3_teleop': PYTHONPATH=/home/rss/robot_harry/robotik/build/create3_teleop/prefix_override:/usr/lib/python3/dist-packages/colcon_core/task/python/colcon_distutils_commands:/home/rss/robot_harry/robotik/install/create3_teleop/lib/python3.10/site-packages:${PYTHONPATH} /usr/bin/python3 -W ignore:setup.py install is deprecated -W ignore:easy_install command is deprecated setup.py egg_info --egg-base ../../../build/create3_teleop build --build-base /home/rss/robot_harry/robotik/build/create3_teleop/build install --record /home/rss/robot_harry/robotik/build/create3_teleop/install.log --single-version-externally-managed install_data
[1.473s] INFO:colcon.colcon_core.shell:Skip shell extension 'powershell' for command environment: Not usable outside of PowerShell
[1.473s] DEBUG:colcon.colcon_core.shell:Skip shell extension 'dsv' for command environment
[1.690s] INFO:colcon.colcon_core.task.python.build:Building Python package in '/home/rss/robot_harry/robotik/src/robot_bringup'
[1.691s] INFO:colcon.colcon_core.shell:Skip shell extension 'powershell' for command environment: Not usable outside of PowerShell
[1.691s] DEBUG:colcon.colcon_core.shell:Skip shell extension 'dsv' for command environment
[1.885s] INFO:colcon.colcon_core.task.python.build:Building Python package in '/home/rss/robot_harry/robotik/src/tag_detection'
[1.886s] INFO:colcon.colcon_core.shell:Skip shell extension 'powershell' for command environment: Not usable outside of PowerShell
[1.886s] DEBUG:colcon.colcon_core.shell:Skip shell extension 'dsv' for command environment
[2.075s] INFO:colcon.colcon_core.task.python.build:Building Python package in '/home/rss/robot_harry/robotik/src/teleop'
[2.076s] INFO:colcon.colcon_core.shell:Skip shell extension 'powershell' for command environment: Not usable outside of PowerShell
[2.076s] DEBUG:colcon.colcon_core.shell:Skip shell extension 'dsv' for command environment
[2.079s] Level 1:colcon.colcon_core.environment:checking '/home/rss/robot_harry/robotik/install/create3_teleop' for CMake module files
[2.079s] DEBUG:colcon.colcon_core.event_handler.log_command:Invoked command in '/home/rss/robot_harry/robotik/src/create3_examples/create3_teleop' returned '0': PYTHONPATH=/home/rss/robot_harry/robotik/build/create3_teleop/prefix_override:/usr/lib/python3/dist-packages/colcon_core/task/python/colcon_distutils_commands:/home/rss/robot_harry/robotik/install/create3_teleop/lib/python3.10/site-packages:${PYTHONPATH} /usr/bin/python3 -W ignore:setup.py install is deprecated -W ignore:easy_install command is deprecated setup.py egg_info --egg-base ../../../build/create3_teleop build --build-base /home/rss/robot_harry/robotik/build/create3_teleop/build install --record /home/rss/robot_harry/robotik/build/create3_teleop/install.log --single-version-externally-managed install_data
[2.079s] Level 1:colcon.colcon_core.environment:checking '/home/rss/robot_harry/robotik/install/create3_teleop' for CMake config files
[2.080s] Level 1:colcon.colcon_core.environment:checking '/home/rss/robot_harry/robotik/install/create3_teleop/lib'
[2.080s] Level 1:colcon.colcon_core.environment:checking '/home/rss/robot_harry/robotik/install/create3_teleop/bin'
[2.080s] Level 1:colcon.colcon_core.environment:checking '/home/rss/robot_harry/robotik/install/create3_teleop/lib/pkgconfig/create3_teleop.pc'
[2.080s] Level 1:colcon.colcon_core.environment:checking '/home/rss/robot_harry/robotik/install/create3_teleop/lib/python3.10/site-packages'
[2.080s] Level 1:colcon.colcon_core.shell:create_environment_hook('create3_teleop', 'pythonpath')
[2.080s] INFO:colcon.colcon_core.shell:Creating environment hook '/home/rss/robot_harry/robotik/install/create3_teleop/share/create3_teleop/hook/pythonpath.ps1'
[2.080s] INFO:colcon.colcon_core.shell:Creating environment descriptor '/home/rss/robot_harry/robotik/install/create3_teleop/share/create3_teleop/hook/pythonpath.dsv'
[2.081s] INFO:colcon.colcon_core.shell:Creating environment hook '/home/rss/robot_harry/robotik/install/create3_teleop/share/create3_teleop/hook/pythonpath.sh'
[2.081s] Level 1:colcon.colcon_core.environment:checking '/home/rss/robot_harry/robotik/install/create3_teleop/bin'
[2.081s] Level 1:colcon.colcon_core.environment:create_environment_scripts_only(create3_teleop)
[2.081s] INFO:colcon.colcon_core.shell:Creating package script '/home/rss/robot_harry/robotik/install/create3_teleop/share/create3_teleop/package.ps1'
[2.082s] INFO:colcon.colcon_core.shell:Creating package descriptor '/home/rss/robot_harry/robotik/install/create3_teleop/share/create3_teleop/package.dsv'
[2.082s] INFO:colcon.colcon_core.shell:Creating package script '/home/rss/robot_harry/robotik/install/create3_teleop/share/create3_teleop/package.sh'
[2.082s] INFO:colcon.colcon_core.shell:Creating package script '/home/rss/robot_harry/robotik/install/create3_teleop/share/create3_teleop/package.bash'
[2.082s] INFO:colcon.colcon_core.shell:Creating package script '/home/rss/robot_harry/robotik/install/create3_teleop/share/create3_teleop/package.zsh'
[2.082s] Level 1:colcon.colcon_core.environment:create_file_with_runtime_dependencies(/home/rss/robot_harry/robotik/install/create3_teleop/share/colcon-core/packages/create3_teleop)
[2.083s] Level 1:colcon.colcon_core.environment:checking '/home/rss/robot_harry/robotik/install/my_robot_navigation' for CMake module files
[2.083s] Level 1:colcon.colcon_core.environment:checking '/home/rss/robot_harry/robotik/install/my_robot_navigation' for CMake config files
[2.083s] DEBUG:colcon.colcon_core.event_handler.log_command:Invoked command in '/home/rss/robot_harry/robotik/src/my_robot_navigation' returned '0': PYTHONPATH=/home/rss/robot_harry/robotik/build/my_robot_navigation/prefix_override:/usr/lib/python3/dist-packages/colcon_core/task/python/colcon_distutils_commands:/home/rss/robot_harry/robotik/install/my_robot_navigation/lib/python3.10/site-packages:${PYTHONPATH} /usr/bin/python3 -W ignore:setup.py install is deprecated -W ignore:easy_install command is deprecated setup.py egg_info --egg-base ../../build/my_robot_navigation build --build-base /home/rss/robot_harry/robotik/build/my_robot_navigation/build install --record /home/rss/robot_harry/robotik/build/my_robot_navigation/install.log --single-version-externally-managed install_data
[2.084s] Level 1:colcon.colcon_core.environment:checking '/home/rss/robot_harry/robotik/install/my_robot_navigation/lib'
[2.084s] Level 1:colcon.colcon_core.environment:checking '/home/rss/robot_harry/robotik/install/my_robot_navigation/bin'
[2.084s] Level 1:colcon.colcon_core.environment:checking '/home/rss/robot_harry/robotik/install/my_robot_navigation/lib/pkgconfig/my_robot_navigation.pc'
[2.084s] Level 1:colcon.colcon_core.environment:checking '/home/rss/robot_harry/robotik/install/my_robot_navigation/lib/python3.10/site-packages'
[2.084s] Level 1:colcon.colcon_core.shell:create_environment_hook('my_robot_navigation', 'pythonpath')
[2.084s] INFO:colcon.colcon_core.shell:Creating environment hook '/home/rss/robot_harry/robotik/install/my_robot_navigation/share/my_robot_navigation/hook/pythonpath.ps1'
[2.084s] INFO:colcon.colcon_core.shell:Creating environment descriptor '/home/rss/robot_harry/robotik/install/my_robot_navigation/share/my_robot_navigation/hook/pythonpath.dsv'
[2.085s] INFO:colcon.colcon_core.shell:Creating environment hook '/home/rss/robot_harry/robotik/install/my_robot_navigation/share/my_robot_navigation/hook/pythonpath.sh'
[2.085s] Level 1:colcon.colcon_core.environment:checking '/home/rss/robot_harry/robotik/install/my_robot_navigation/bin'
[2.085s] Level 1:colcon.colcon_core.environment:create_environment_scripts_only(my_robot_navigation)
[2.085s] INFO:colcon.colcon_core.shell:Creating package script '/home/rss/robot_harry/robotik/install/my_robot_navigation/share/my_robot_navigation/package.ps1'
[2.086s] INFO:colcon.colcon_core.shell:Creating package descriptor '/home/rss/robot_harry/robotik/install/my_robot_navigation/share/my_robot_navigation/package.dsv'
[2.086s] INFO:colcon.colcon_core.shell:Creating package script '/home/rss/robot_harry/robotik/install/my_robot_navigation/share/my_robot_navigation/package.sh'
[2.086s] INFO:colcon.colcon_core.shell:Creating package script '/home/rss/robot_harry/robotik/install/my_robot_navigation/share/my_robot_navigation/package.bash'
[2.086s] INFO:colcon.colcon_core.shell:Creating package script '/home/rss/robot_harry/robotik/install/my_robot_navigation/share/my_robot_navigation/package.zsh'
[2.086s] Level 1:colcon.colcon_core.environment:create_file_with_runtime_dependencies(/home/rss/robot_harry/robotik/install/my_robot_navigation/share/colcon-core/packages/my_robot_navigation)
[2.087s] Level 1:colcon.colcon_core.environment:checking '/home/rss/robot_harry/robotik/install/create3_examples_py' for CMake module files
[2.087s] Level 1:colcon.colcon_core.environment:checking '/home/rss/robot_harry/robotik/install/create3_examples_py' for CMake config files
[2.087s] DEBUG:colcon.colcon_core.event_handler.log_command:Invoked command in '/home/rss/robot_harry/robotik/src/create3_examples/create3_examples_py' returned '0': PYTHONPATH=/home/rss/robot_harry/robotik/build/create3_examples_py/prefix_override:/usr/lib/python3/dist-packages/colcon_core/task/python/colcon_distutils_commands:/home/rss/robot_harry/robotik/install/create3_examples_py/lib/python3.10/site-packages:${PYTHONPATH} /usr/bin/python3 -W ignore:setup.py install is deprecated -W ignore:easy_install command is deprecated setup.py egg_info --egg-base ../../../build/create3_examples_py build --build-base /home/rss/robot_harry/robotik/build/create3_examples_py/build install --record /home/rss/robot_harry/robotik/build/create3_examples_py/install.log --single-version-externally-managed install_data
[2.088s] Level 1:colcon.colcon_core.environment:checking '/home/rss/robot_harry/robotik/install/create3_examples_py/lib'
[2.088s] Level 1:colcon.colcon_core.environment:checking '/home/rss/robot_harry/robotik/install/create3_examples_py/bin'
[2.088s] Level 1:colcon.colcon_core.environment:checking '/home/rss/robot_harry/robotik/install/create3_examples_py/lib/pkgconfig/create3_examples_py.pc'
[2.088s] Level 1:colcon.colcon_core.environment:checking '/home/rss/robot_harry/robotik/install/create3_examples_py/lib/python3.10/site-packages'
[2.088s] Level 1:colcon.colcon_core.shell:create_environment_hook('create3_examples_py', 'pythonpath')
[2.088s] INFO:colcon.colcon_core.shell:Creating environment hook '/home/rss/robot_harry/robotik/install/create3_examples_py/share/create3_examples_py/hook/pythonpath.ps1'
[2.088s] INFO:colcon.colcon_core.shell:Creating environment descriptor '/home/rss/robot_harry/robotik/install/create3_examples_py/share/create3_examples_py/hook/pythonpath.dsv'
[2.089s] INFO:colcon.colcon_core.shell:Creating environment hook '/home/rss/robot_harry/robotik/install/create3_examples_py/share/create3_examples_py/hook/pythonpath.sh'
[2.089s] Level 1:colcon.colcon_core.environment:checking '/home/rss/robot_harry/robotik/install/create3_examples_py/bin'
[2.089s] Level 1:colcon.colcon_core.environment:create_environment_scripts_only(create3_examples_py)
[2.089s] INFO:colcon.colcon_core.shell:Creating package script '/home/rss/robot_harry/robotik/install/create3_examples_py/share/create3_examples_py/package.ps1'
[2.090s] INFO:colcon.colcon_core.shell:Creating package descriptor '/home/rss/robot_harry/robotik/install/create3_examples_py/share/create3_examples_py/package.dsv'
[2.090s] INFO:colcon.colcon_core.shell:Creating package script '/home/rss/robot_harry/robotik/install/create3_examples_py/share/create3_examples_py/package.sh'
[2.090s] INFO:colcon.colcon_core.shell:Creating package script '/home/rss/robot_harry/robotik/install/create3_examples_py/share/create3_examples_py/package.bash'
[2.091s] INFO:colcon.colcon_core.shell:Creating package script '/home/rss/robot_harry/robotik/install/create3_examples_py/share/create3_examples_py/package.zsh'
[2.091s] Level 1:colcon.colcon_core.environment:create_file_with_runtime_dependencies(/home/rss/robot_harry/robotik/install/create3_examples_py/share/colcon-core/packages/create3_examples_py)
[2.093s] INFO:colcon.colcon_ros.task.ament_python.build:Building ROS package in '/home/rss/robot_harry/robotik/src/webcam_bringup' with build type 'ament_python'
[2.093s] Level 1:colcon.colcon_core.shell:create_environment_hook('webcam_bringup', 'ament_prefix_path')
[2.093s] INFO:colcon.colcon_core.shell:Creating environment hook '/home/rss/robot_harry/robotik/install/webcam_bringup/share/webcam_bringup/hook/ament_prefix_path.ps1'
[2.094s] DEBUG:colcon.colcon_core.event_handler.log_command:Invoking command in '/home/rss/robot_harry/robotik/src/object_detection': PYTHONPATH=/home/rss/robot_harry/robotik/build/object_detection/prefix_override:/usr/lib/python3/dist-packages/colcon_core/task/python/colcon_distutils_commands:/home/rss/robot_harry/robotik/install/object_detection/lib/python3.10/site-packages:${PYTHONPATH} /usr/bin/python3 -W ignore:setup.py install is deprecated -W ignore:easy_install command is deprecated setup.py egg_info --egg-base ../../build/object_detection build --build-base /home/rss/robot_harry/robotik/build/object_detection/build install --record /home/rss/robot_harry/robotik/build/object_detection/install.log --single-version-externally-managed install_data
[2.094s] INFO:colcon.colcon_core.shell:Creating environment descriptor '/home/rss/robot_harry/robotik/install/webcam_bringup/share/webcam_bringup/hook/ament_prefix_path.dsv'
[2.094s] INFO:colcon.colcon_core.shell:Creating environment hook '/home/rss/robot_harry/robotik/install/webcam_bringup/share/webcam_bringup/hook/ament_prefix_path.sh'
[2.095s] INFO:colcon.colcon_core.shell:Skip shell extension 'powershell' for command environment: Not usable outside of PowerShell
[2.095s] DEBUG:colcon.colcon_core.shell:Skip shell extension 'dsv' for command environment
[2.098s] INFO:colcon.colcon_ros.task.ament_cmake.build:Building ROS package in '/home/rss/robot_harry/robotik/src/apriltag_ros' with build type 'ament_cmake'
[2.098s] INFO:colcon.colcon_cmake.task.cmake.build:Building CMake package in '/home/rss/robot_harry/robotik/src/apriltag_ros'
[2.098s] INFO:colcon.colcon_core.shell:Skip shell extension 'powershell' for command environment: Not usable outside of PowerShell
[2.098s] DEBUG:colcon.colcon_core.shell:Skip shell extension 'dsv' for command environment
[2.102s] INFO:colcon.colcon_ros.task.ament_cmake.build:Building ROS package in '/home/rss/robot_harry/robotik/src/create3_examples/create3_coverage' with build type 'ament_cmake'
[2.102s] INFO:colcon.colcon_cmake.task.cmake.build:Building CMake package in '/home/rss/robot_harry/robotik/src/create3_examples/create3_coverage'
[2.102s] INFO:colcon.colcon_core.shell:Skip shell extension 'powershell' for command environment: Not usable outside of PowerShell
[2.102s] DEBUG:colcon.colcon_core.shell:Skip shell extension 'dsv' for command environment
[2.441s] INFO:colcon.colcon_core.task.python.build:Building Python package in '/home/rss/robot_harry/robotik/src/webcam_bringup'
[2.442s] INFO:colcon.colcon_core.shell:Skip shell extension 'powershell' for command environment: Not usable outside of PowerShell
[2.442s] DEBUG:colcon.colcon_core.shell:Skip shell extension 'dsv' for command environment
[2.449s] DEBUG:colcon.colcon_core.event_handler.log_command:Invoking command in '/home/rss/robot_harry/robotik/build/apriltag_ros': CMAKE_PREFIX_PATH=/home/rss/robot_harry/robotik/install/apriltag_msgs:/home/rss/robot_harry/robotik/install/create3_lidar_slam:/home/rss/robot_harry/robotik/install/rplidar_ros:/home/rss/robot_harry/robotik/install/my_robot_slam:/home/rss/robot_harry/robotik/install/create3_republisher:/home/rss/robot_harry/robotik/install/create3_coverage:/home/rss/robot_harry/robotik/install/create3_examples_msgs:/home/rss/robot_harry/robotik/install/apriltag_ros:/home/rss/robot_harry/robotik/install/tag_detection:/home/rss/robot_harry/robotik/install/webcam_bringup:/home/rss/robot_harry/robotik/install/teleop:/home/rss/robot_harry/robotik/install/robot_bringup:/home/rss/robot_harry/robotik/install/pub_sub:/home/rss/robot_harry/robotik/install/object_detection:/home/rss/robot_harry/robotik/install/my_robot_navigation:/home/rss/robot_harry/robotik/install/create3_teleop:/home/rss/robot_harry/robotik/install/create3_examples_py:/opt/ros/humble LD_LIBRARY_PATH=/home/rss/robot_harry/robotik/install/apriltag_msgs/lib:/home/rss/robot_harry/robotik/install/create3_coverage/lib:/home/rss/robot_harry/robotik/install/create3_examples_msgs/lib:/home/rss/robot_harry/robotik/install/apriltag_ros/lib:/opt/ros/humble/opt/rviz_ogre_vendor/lib:/opt/ros/humble/lib/x86_64-linux-gnu:/opt/ros/humble/lib /usr/bin/cmake --build /home/rss/robot_harry/robotik/build/apriltag_ros -- -j8 -l8
[2.452s] DEBUG:colcon.colcon_core.event_handler.log_command:Invoking command in '/home/rss/robot_harry/robotik/build/create3_coverage': CMAKE_PREFIX_PATH=/home/rss/robot_harry/robotik/install/create3_examples_msgs:/home/rss/robot_harry/robotik/install/create3_lidar_slam:/home/rss/robot_harry/robotik/install/rplidar_ros:/home/rss/robot_harry/robotik/install/my_robot_slam:/home/rss/robot_harry/robotik/install/create3_republisher:/home/rss/robot_harry/robotik/install/create3_coverage:/home/rss/robot_harry/robotik/install/apriltag_ros:/home/rss/robot_harry/robotik/install/apriltag_msgs:/home/rss/robot_harry/robotik/install/tag_detection:/home/rss/robot_harry/robotik/install/webcam_bringup:/home/rss/robot_harry/robotik/install/teleop:/home/rss/robot_harry/robotik/install/robot_bringup:/home/rss/robot_harry/robotik/install/pub_sub:/home/rss/robot_harry/robotik/install/object_detection:/home/rss/robot_harry/robotik/install/my_robot_navigation:/home/rss/robot_harry/robotik/install/create3_teleop:/home/rss/robot_harry/robotik/install/create3_examples_py:/opt/ros/humble LD_LIBRARY_PATH=/home/rss/robot_harry/robotik/install/create3_examples_msgs/lib:/home/rss/robot_harry/robotik/install/create3_coverage/lib:/home/rss/robot_harry/robotik/install/apriltag_ros/lib:/home/rss/robot_harry/robotik/install/apriltag_msgs/lib:/opt/ros/humble/opt/rviz_ogre_vendor/lib:/opt/ros/humble/lib/x86_64-linux-gnu:/opt/ros/humble/lib /usr/bin/cmake --build /home/rss/robot_harry/robotik/build/create3_coverage -- -j8 -l8
[2.453s] Level 1:colcon.colcon_core.environment:checking '/home/rss/robot_harry/robotik/install/object_detection' for CMake module files
[2.454s] DEBUG:colcon.colcon_core.event_handler.log_command:Invoked command in '/home/rss/robot_harry/robotik/src/object_detection' returned '0': PYTHONPATH=/home/rss/robot_harry/robotik/build/object_detection/prefix_override:/usr/lib/python3/dist-packages/colcon_core/task/python/colcon_distutils_commands:/home/rss/robot_harry/robotik/install/object_detection/lib/python3.10/site-packages:${PYTHONPATH} /usr/bin/python3 -W ignore:setup.py install is deprecated -W ignore:easy_install command is deprecated setup.py egg_info --egg-base ../../build/object_detection build --build-base /home/rss/robot_harry/robotik/build/object_detection/build install --record /home/rss/robot_harry/robotik/build/object_detection/install.log --single-version-externally-managed install_data
[2.454s] Level 1:colcon.colcon_core.environment:checking '/home/rss/robot_harry/robotik/install/object_detection' for CMake config files
[2.455s] Level 1:colcon.colcon_core.environment:checking '/home/rss/robot_harry/robotik/install/object_detection/lib'
[2.455s] Level 1:colcon.colcon_core.environment:checking '/home/rss/robot_harry/robotik/install/object_detection/bin'
[2.455s] Level 1:colcon.colcon_core.environment:checking '/home/rss/robot_harry/robotik/install/object_detection/lib/pkgconfig/object_detection.pc'
[2.455s] Level 1:colcon.colcon_core.environment:checking '/home/rss/robot_harry/robotik/install/object_detection/lib/python3.10/site-packages'
[2.455s] Level 1:colcon.colcon_core.shell:create_environment_hook('object_detection', 'pythonpath')
[2.456s] INFO:colcon.colcon_core.shell:Creating environment hook '/home/rss/robot_harry/robotik/install/object_detection/share/object_detection/hook/pythonpath.ps1'
[2.456s] INFO:colcon.colcon_core.shell:Creating environment descriptor '/home/rss/robot_harry/robotik/install/object_detection/share/object_detection/hook/pythonpath.dsv'
[2.456s] INFO:colcon.colcon_core.shell:Creating environment hook '/home/rss/robot_harry/robotik/install/object_detection/share/object_detection/hook/pythonpath.sh'
[2.457s] Level 1:colcon.colcon_core.environment:checking '/home/rss/robot_harry/robotik/install/object_detection/bin'
[2.457s] Level 1:colcon.colcon_core.environment:create_environment_scripts_only(object_detection)
[2.458s] INFO:colcon.colcon_core.shell:Creating package script '/home/rss/robot_harry/robotik/install/object_detection/share/object_detection/package.ps1'
[2.458s] INFO:colcon.colcon_core.shell:Creating package descriptor '/home/rss/robot_harry/robotik/install/object_detection/share/object_detection/package.dsv'
[2.459s] INFO:colcon.colcon_core.shell:Creating package script '/home/rss/robot_harry/robotik/install/object_detection/share/object_detection/package.sh'
[2.459s] INFO:colcon.colcon_core.shell:Creating package script '/home/rss/robot_harry/robotik/install/object_detection/share/object_detection/package.bash'
[2.459s] INFO:colcon.colcon_core.shell:Creating package script '/home/rss/robot_harry/robotik/install/object_detection/share/object_detection/package.zsh'
[2.460s] Level 1:colcon.colcon_core.environment:create_file_with_runtime_dependencies(/home/rss/robot_harry/robotik/install/object_detection/share/colcon-core/packages/object_detection)
[2.465s] DEBUG:colcon.colcon_core.event_handler.log_command:Invoking command in '/home/rss/robot_harry/robotik/src/pub_sub': PYTHONPATH=/home/rss/robot_harry/robotik/build/pub_sub/prefix_override:/usr/lib/python3/dist-packages/colcon_core/task/python/colcon_distutils_commands:/home/rss/robot_harry/robotik/install/pub_sub/lib/python3.10/site-packages:${PYTHONPATH} /usr/bin/python3 -W ignore:setup.py install is deprecated -W ignore:easy_install command is deprecated setup.py egg_info --egg-base ../../build/pub_sub build --build-base /home/rss/robot_harry/robotik/build/pub_sub/build install --record /home/rss/robot_harry/robotik/build/pub_sub/install.log --single-version-externally-managed install_data
[2.467s] DEBUG:colcon.colcon_core.event_handler.log_command:Invoking command in '/home/rss/robot_harry/robotik/src/tag_detection': PYTHONPATH=/home/rss/robot_harry/robotik/build/tag_detection/prefix_override:/usr/lib/python3/dist-packages/colcon_core/task/python/colcon_distutils_commands:/home/rss/robot_harry/robotik/install/tag_detection/lib/python3.10/site-packages:${PYTHONPATH} /usr/bin/python3 -W ignore:setup.py install is deprecated -W ignore:easy_install command is deprecated setup.py egg_info --egg-base ../../build/tag_detection build --build-base /home/rss/robot_harry/robotik/build/tag_detection/build install --record /home/rss/robot_harry/robotik/build/tag_detection/install.log --single-version-externally-managed install_data
[2.468s] INFO:colcon.colcon_ros.task.ament_cmake.build:Building ROS package in '/home/rss/robot_harry/robotik/src/create3_examples/create3_lidar_slam' with build type 'ament_cmake'
[2.470s] INFO:colcon.colcon_cmake.task.cmake.build:Building CMake package in '/home/rss/robot_harry/robotik/src/create3_examples/create3_lidar_slam'
[2.470s] INFO:colcon.colcon_core.shell:Skip shell extension 'powershell' for command environment: Not usable outside of PowerShell
[2.469s] DEBUG:colcon.colcon_core.event_handler.log_command:Invoking command in '/home/rss/robot_harry/robotik/src/teleop': PYTHONPATH=/home/rss/robot_harry/robotik/build/teleop/prefix_override:/usr/lib/python3/dist-packages/colcon_core/task/python/colcon_distutils_commands:/home/rss/robot_harry/robotik/install/teleop/lib/python3.10/site-packages:${PYTHONPATH} /usr/bin/python3 -W ignore:setup.py install is deprecated -W ignore:easy_install command is deprecated setup.py egg_info --egg-base ../../build/teleop build --build-base /home/rss/robot_harry/robotik/build/teleop/build install --record /home/rss/robot_harry/robotik/build/teleop/install.log --single-version-externally-managed install_data
[2.470s] DEBUG:colcon.colcon_core.shell:Skip shell extension 'dsv' for command environment
[2.503s] DEBUG:colcon.colcon_core.event_handler.log_command:Invoking command in '/home/rss/robot_harry/robotik/build/create3_lidar_slam': CMAKE_PREFIX_PATH=/home/rss/robot_harry/robotik/install/rplidar_ros:/home/rss/robot_harry/robotik/install/create3_lidar_slam:/home/rss/robot_harry/robotik/install/my_robot_slam:/home/rss/robot_harry/robotik/install/create3_republisher:/home/rss/robot_harry/robotik/install/create3_coverage:/home/rss/robot_harry/robotik/install/create3_examples_msgs:/home/rss/robot_harry/robotik/install/apriltag_ros:/home/rss/robot_harry/robotik/install/apriltag_msgs:/home/rss/robot_harry/robotik/install/tag_detection:/home/rss/robot_harry/robotik/install/webcam_bringup:/home/rss/robot_harry/robotik/install/teleop:/home/rss/robot_harry/robotik/install/robot_bringup:/home/rss/robot_harry/robotik/install/pub_sub:/home/rss/robot_harry/robotik/install/object_detection:/home/rss/robot_harry/robotik/install/my_robot_navigation:/home/rss/robot_harry/robotik/install/create3_teleop:/home/rss/robot_harry/robotik/install/create3_examples_py:/opt/ros/humble /usr/bin/cmake --build /home/rss/robot_harry/robotik/build/create3_lidar_slam -- -j8 -l8
[2.527s] DEBUG:colcon.colcon_core.event_handler.log_command:Invoking command in '/home/rss/robot_harry/robotik/src/robot_bringup': PYTHONPATH=/home/rss/robot_harry/robotik/build/robot_bringup/prefix_override:/usr/lib/python3/dist-packages/colcon_core/task/python/colcon_distutils_commands:/home/rss/robot_harry/robotik/install/robot_bringup/lib/python3.10/site-packages:${PYTHONPATH} /usr/bin/python3 -W ignore:setup.py install is deprecated -W ignore:easy_install command is deprecated setup.py egg_info --egg-base ../../build/robot_bringup build --build-base /home/rss/robot_harry/robotik/build/robot_bringup/build install --record /home/rss/robot_harry/robotik/build/robot_bringup/install.log --single-version-externally-managed install_data
[2.554s] DEBUG:colcon.colcon_core.event_handler.log_command:Invoked command in '/home/rss/robot_harry/robotik/build/create3_lidar_slam' returned '0': CMAKE_PREFIX_PATH=/home/rss/robot_harry/robotik/install/rplidar_ros:/home/rss/robot_harry/robotik/install/create3_lidar_slam:/home/rss/robot_harry/robotik/install/my_robot_slam:/home/rss/robot_harry/robotik/install/create3_republisher:/home/rss/robot_harry/robotik/install/create3_coverage:/home/rss/robot_harry/robotik/install/create3_examples_msgs:/home/rss/robot_harry/robotik/install/apriltag_ros:/home/rss/robot_harry/robotik/install/apriltag_msgs:/home/rss/robot_harry/robotik/install/tag_detection:/home/rss/robot_harry/robotik/install/webcam_bringup:/home/rss/robot_harry/robotik/install/teleop:/home/rss/robot_harry/robotik/install/robot_bringup:/home/rss/robot_harry/robotik/install/pub_sub:/home/rss/robot_harry/robotik/install/object_detection:/home/rss/robot_harry/robotik/install/my_robot_navigation:/home/rss/robot_harry/robotik/install/create3_teleop:/home/rss/robot_harry/robotik/install/create3_examples_py:/opt/ros/humble /usr/bin/cmake --build /home/rss/robot_harry/robotik/build/create3_lidar_slam -- -j8 -l8
[2.562s] DEBUG:colcon.colcon_core.event_handler.log_command:Invoking command in '/home/rss/robot_harry/robotik/build/create3_lidar_slam': CMAKE_PREFIX_PATH=/home/rss/robot_harry/robotik/install/rplidar_ros:/home/rss/robot_harry/robotik/install/create3_lidar_slam:/home/rss/robot_harry/robotik/install/my_robot_slam:/home/rss/robot_harry/robotik/install/create3_republisher:/home/rss/robot_harry/robotik/install/create3_coverage:/home/rss/robot_harry/robotik/install/create3_examples_msgs:/home/rss/robot_harry/robotik/install/apriltag_ros:/home/rss/robot_harry/robotik/install/apriltag_msgs:/home/rss/robot_harry/robotik/install/tag_detection:/home/rss/robot_harry/robotik/install/webcam_bringup:/home/rss/robot_harry/robotik/install/teleop:/home/rss/robot_harry/robotik/install/robot_bringup:/home/rss/robot_harry/robotik/install/pub_sub:/home/rss/robot_harry/robotik/install/object_detection:/home/rss/robot_harry/robotik/install/my_robot_navigation:/home/rss/robot_harry/robotik/install/create3_teleop:/home/rss/robot_harry/robotik/install/create3_examples_py:/opt/ros/humble /usr/bin/cmake --install /home/rss/robot_harry/robotik/build/create3_lidar_slam
[2.635s] DEBUG:colcon.colcon_core.event_handler.log_command:Invoked command in '/home/rss/robot_harry/robotik/build/apriltag_ros' returned '0': CMAKE_PREFIX_PATH=/home/rss/robot_harry/robotik/install/apriltag_msgs:/home/rss/robot_harry/robotik/install/create3_lidar_slam:/home/rss/robot_harry/robotik/install/rplidar_ros:/home/rss/robot_harry/robotik/install/my_robot_slam:/home/rss/robot_harry/robotik/install/create3_republisher:/home/rss/robot_harry/robotik/install/create3_coverage:/home/rss/robot_harry/robotik/install/create3_examples_msgs:/home/rss/robot_harry/robotik/install/apriltag_ros:/home/rss/robot_harry/robotik/install/tag_detection:/home/rss/robot_harry/robotik/install/webcam_bringup:/home/rss/robot_harry/robotik/install/teleop:/home/rss/robot_harry/robotik/install/robot_bringup:/home/rss/robot_harry/robotik/install/pub_sub:/home/rss/robot_harry/robotik/install/object_detection:/home/rss/robot_harry/robotik/install/my_robot_navigation:/home/rss/robot_harry/robotik/install/create3_teleop:/home/rss/robot_harry/robotik/install/create3_examples_py:/opt/ros/humble LD_LIBRARY_PATH=/home/rss/robot_harry/robotik/install/apriltag_msgs/lib:/home/rss/robot_harry/robotik/install/create3_coverage/lib:/home/rss/robot_harry/robotik/install/create3_examples_msgs/lib:/home/rss/robot_harry/robotik/install/apriltag_ros/lib:/opt/ros/humble/opt/rviz_ogre_vendor/lib:/opt/ros/humble/lib/x86_64-linux-gnu:/opt/ros/humble/lib /usr/bin/cmake --build /home/rss/robot_harry/robotik/build/apriltag_ros -- -j8 -l8
[2.635s] DEBUG:colcon.colcon_core.event_handler.log_command:Invoking command in '/home/rss/robot_harry/robotik/build/apriltag_ros': CMAKE_PREFIX_PATH=/home/rss/robot_harry/robotik/install/apriltag_msgs:/home/rss/robot_harry/robotik/install/create3_lidar_slam:/home/rss/robot_harry/robotik/install/rplidar_ros:/home/rss/robot_harry/robotik/install/my_robot_slam:/home/rss/robot_harry/robotik/install/create3_republisher:/home/rss/robot_harry/robotik/install/create3_coverage:/home/rss/robot_harry/robotik/install/create3_examples_msgs:/home/rss/robot_harry/robotik/install/apriltag_ros:/home/rss/robot_harry/robotik/install/tag_detection:/home/rss/robot_harry/robotik/install/webcam_bringup:/home/rss/robot_harry/robotik/install/teleop:/home/rss/robot_harry/robotik/install/robot_bringup:/home/rss/robot_harry/robotik/install/pub_sub:/home/rss/robot_harry/robotik/install/object_detection:/home/rss/robot_harry/robotik/install/my_robot_navigation:/home/rss/robot_harry/robotik/install/create3_teleop:/home/rss/robot_harry/robotik/install/create3_examples_py:/opt/ros/humble LD_LIBRARY_PATH=/home/rss/robot_harry/robotik/install/apriltag_msgs/lib:/home/rss/robot_harry/robotik/install/create3_coverage/lib:/home/rss/robot_harry/robotik/install/create3_examples_msgs/lib:/home/rss/robot_harry/robotik/install/apriltag_ros/lib:/opt/ros/humble/opt/rviz_ogre_vendor/lib:/opt/ros/humble/lib/x86_64-linux-gnu:/opt/ros/humble/lib /usr/bin/cmake --install /home/rss/robot_harry/robotik/build/apriltag_ros
[2.636s] Level 1:colcon.colcon_core.environment:create_environment_scripts_only(create3_lidar_slam)
[2.636s] Level 1:colcon.colcon_core.environment:checking '/home/rss/robot_harry/robotik/install/create3_lidar_slam' for CMake module files
[2.637s] Level 1:colcon.colcon_core.environment:checking '/home/rss/robot_harry/robotik/install/create3_lidar_slam' for CMake config files
[2.637s] Level 1:colcon.colcon_core.shell:create_environment_hook('create3_lidar_slam', 'cmake_prefix_path')
[2.637s] INFO:colcon.colcon_core.shell:Creating environment hook '/home/rss/robot_harry/robotik/install/create3_lidar_slam/share/create3_lidar_slam/hook/cmake_prefix_path.ps1'
[2.638s] INFO:colcon.colcon_core.shell:Creating environment descriptor '/home/rss/robot_harry/robotik/install/create3_lidar_slam/share/create3_lidar_slam/hook/cmake_prefix_path.dsv'
[2.638s] INFO:colcon.colcon_core.shell:Creating environment hook '/home/rss/robot_harry/robotik/install/create3_lidar_slam/share/create3_lidar_slam/hook/cmake_prefix_path.sh'
[2.639s] Level 1:colcon.colcon_core.environment:checking '/home/rss/robot_harry/robotik/install/create3_lidar_slam/bin'
[2.639s] Level 1:colcon.colcon_core.environment:checking '/home/rss/robot_harry/robotik/install/create3_lidar_slam/lib/pkgconfig/create3_lidar_slam.pc'
[2.639s] Level 1:colcon.colcon_core.environment:checking '/home/rss/robot_harry/robotik/install/create3_lidar_slam/lib/python3.10/site-packages'
[2.645s] DEBUG:colcon.colcon_core.event_handler.log_command:Invoked command in '/home/rss/robot_harry/robotik/build/create3_lidar_slam' returned '0': CMAKE_PREFIX_PATH=/home/rss/robot_harry/robotik/install/rplidar_ros:/home/rss/robot_harry/robotik/install/create3_lidar_slam:/home/rss/robot_harry/robotik/install/my_robot_slam:/home/rss/robot_harry/robotik/install/create3_republisher:/home/rss/robot_harry/robotik/install/create3_coverage:/home/rss/robot_harry/robotik/install/create3_examples_msgs:/home/rss/robot_harry/robotik/install/apriltag_ros:/home/rss/robot_harry/robotik/install/apriltag_msgs:/home/rss/robot_harry/robotik/install/tag_detection:/home/rss/robot_harry/robotik/install/webcam_bringup:/home/rss/robot_harry/robotik/install/teleop:/home/rss/robot_harry/robotik/install/robot_bringup:/home/rss/robot_harry/robotik/install/pub_sub:/home/rss/robot_harry/robotik/install/object_detection:/home/rss/robot_harry/robotik/install/my_robot_navigation:/home/rss/robot_harry/robotik/install/create3_teleop:/home/rss/robot_harry/robotik/install/create3_examples_py:/opt/ros/humble /usr/bin/cmake --install /home/rss/robot_harry/robotik/build/create3_lidar_slam
[2.646s] Level 1:colcon.colcon_core.environment:checking '/home/rss/robot_harry/robotik/install/create3_lidar_slam/bin'
[2.646s] INFO:colcon.colcon_core.shell:Creating package script '/home/rss/robot_harry/robotik/install/create3_lidar_slam/share/create3_lidar_slam/package.ps1'
[2.646s] INFO:colcon.colcon_core.shell:Creating package descriptor '/home/rss/robot_harry/robotik/install/create3_lidar_slam/share/create3_lidar_slam/package.dsv'
[2.647s] INFO:colcon.colcon_core.shell:Creating package script '/home/rss/robot_harry/robotik/install/create3_lidar_slam/share/create3_lidar_slam/package.sh'
[2.647s] INFO:colcon.colcon_core.shell:Creating package script '/home/rss/robot_harry/robotik/install/create3_lidar_slam/share/create3_lidar_slam/package.bash'
[2.647s] INFO:colcon.colcon_core.shell:Creating package script '/home/rss/robot_harry/robotik/install/create3_lidar_slam/share/create3_lidar_slam/package.zsh'
[2.650s] Level 1:colcon.colcon_core.environment:create_file_with_runtime_dependencies(/home/rss/robot_harry/robotik/install/create3_lidar_slam/share/colcon-core/packages/create3_lidar_slam)
[2.650s] Level 1:colcon.colcon_core.environment:create_environment_scripts_only(create3_lidar_slam)
[2.650s] Level 1:colcon.colcon_core.environment:checking '/home/rss/robot_harry/robotik/install/create3_lidar_slam' for CMake module files
[2.652s] Level 1:colcon.colcon_core.environment:checking '/home/rss/robot_harry/robotik/install/create3_lidar_slam' for CMake config files
[2.653s] Level 1:colcon.colcon_core.shell:create_environment_hook('create3_lidar_slam', 'cmake_prefix_path')
[2.653s] INFO:colcon.colcon_core.shell:Creating environment hook '/home/rss/robot_harry/robotik/install/create3_lidar_slam/share/create3_lidar_slam/hook/cmake_prefix_path.ps1'
[2.653s] INFO:colcon.colcon_core.shell:Creating environment descriptor '/home/rss/robot_harry/robotik/install/create3_lidar_slam/share/create3_lidar_slam/hook/cmake_prefix_path.dsv'
[2.658s] INFO:colcon.colcon_core.shell:Creating environment hook '/home/rss/robot_harry/robotik/install/create3_lidar_slam/share/create3_lidar_slam/hook/cmake_prefix_path.sh'
[2.659s] Level 1:colcon.colcon_core.environment:checking '/home/rss/robot_harry/robotik/install/create3_lidar_slam/bin'
[2.659s] Level 1:colcon.colcon_core.environment:checking '/home/rss/robot_harry/robotik/install/create3_lidar_slam/lib/pkgconfig/create3_lidar_slam.pc'
[2.659s] Level 1:colcon.colcon_core.environment:checking '/home/rss/robot_harry/robotik/install/create3_lidar_slam/lib/python3.10/site-packages'
[2.659s] Level 1:colcon.colcon_core.environment:checking '/home/rss/robot_harry/robotik/install/create3_lidar_slam/bin'
[2.660s] INFO:colcon.colcon_core.shell:Creating package script '/home/rss/robot_harry/robotik/install/create3_lidar_slam/share/create3_lidar_slam/package.ps1'
[2.660s] INFO:colcon.colcon_core.shell:Creating package descriptor '/home/rss/robot_harry/robotik/install/create3_lidar_slam/share/create3_lidar_slam/package.dsv'
[2.660s] INFO:colcon.colcon_core.shell:Creating package script '/home/rss/robot_harry/robotik/install/create3_lidar_slam/share/create3_lidar_slam/package.sh'
[2.661s] INFO:colcon.colcon_core.shell:Creating package script '/home/rss/robot_harry/robotik/install/create3_lidar_slam/share/create3_lidar_slam/package.bash'
[2.661s] INFO:colcon.colcon_core.shell:Creating package script '/home/rss/robot_harry/robotik/install/create3_lidar_slam/share/create3_lidar_slam/package.zsh'
[2.666s] Level 1:colcon.colcon_core.environment:create_file_with_runtime_dependencies(/home/rss/robot_harry/robotik/install/create3_lidar_slam/share/colcon-core/packages/create3_lidar_slam)
[2.666s] Level 1:colcon.colcon_core.environment:create_environment_scripts_only(apriltag_ros)
[2.667s] Level 1:colcon.colcon_core.environment:checking '/home/rss/robot_harry/robotik/install/apriltag_ros' for CMake module files
[2.668s] DEBUG:colcon.colcon_core.event_handler.log_command:Invoked command in '/home/rss/robot_harry/robotik/build/apriltag_ros' returned '0': CMAKE_PREFIX_PATH=/home/rss/robot_harry/robotik/install/apriltag_msgs:/home/rss/robot_harry/robotik/install/create3_lidar_slam:/home/rss/robot_harry/robotik/install/rplidar_ros:/home/rss/robot_harry/robotik/install/my_robot_slam:/home/rss/robot_harry/robotik/install/create3_republisher:/home/rss/robot_harry/robotik/install/create3_coverage:/home/rss/robot_harry/robotik/install/create3_examples_msgs:/home/rss/robot_harry/robotik/install/apriltag_ros:/home/rss/robot_harry/robotik/install/tag_detection:/home/rss/robot_harry/robotik/install/webcam_bringup:/home/rss/robot_harry/robotik/install/teleop:/home/rss/robot_harry/robotik/install/robot_bringup:/home/rss/robot_harry/robotik/install/pub_sub:/home/rss/robot_harry/robotik/install/object_detection:/home/rss/robot_harry/robotik/install/my_robot_navigation:/home/rss/robot_harry/robotik/install/create3_teleop:/home/rss/robot_harry/robotik/install/create3_examples_py:/opt/ros/humble LD_LIBRARY_PATH=/home/rss/robot_harry/robotik/install/apriltag_msgs/lib:/home/rss/robot_harry/robotik/install/create3_coverage/lib:/home/rss/robot_harry/robotik/install/create3_examples_msgs/lib:/home/rss/robot_harry/robotik/install/apriltag_ros/lib:/opt/ros/humble/opt/rviz_ogre_vendor/lib:/opt/ros/humble/lib/x86_64-linux-gnu:/opt/ros/humble/lib /usr/bin/cmake --install /home/rss/robot_harry/robotik/build/apriltag_ros
[2.668s] Level 1:colcon.colcon_core.environment:checking '/home/rss/robot_harry/robotik/install/apriltag_ros' for CMake config files
[2.668s] Level 1:colcon.colcon_core.shell:create_environment_hook('apriltag_ros', 'cmake_prefix_path')
[2.669s] INFO:colcon.colcon_core.shell:Creating environment hook '/home/rss/robot_harry/robotik/install/apriltag_ros/share/apriltag_ros/hook/cmake_prefix_path.ps1'
[2.669s] INFO:colcon.colcon_core.shell:Creating environment descriptor '/home/rss/robot_harry/robotik/install/apriltag_ros/share/apriltag_ros/hook/cmake_prefix_path.dsv'
[2.670s] INFO:colcon.colcon_core.shell:Creating environment hook '/home/rss/robot_harry/robotik/install/apriltag_ros/share/apriltag_ros/hook/cmake_prefix_path.sh'
[2.670s] Level 1:colcon.colcon_core.environment:checking '/home/rss/robot_harry/robotik/install/apriltag_ros/lib'
[2.670s] Level 1:colcon.colcon_core.shell:create_environment_hook('apriltag_ros', 'ld_library_path_lib')
[2.671s] INFO:colcon.colcon_core.shell:Creating environment hook '/home/rss/robot_harry/robotik/install/apriltag_ros/share/apriltag_ros/hook/ld_library_path_lib.ps1'
[2.671s] INFO:colcon.colcon_core.shell:Creating environment descriptor '/home/rss/robot_harry/robotik/install/apriltag_ros/share/apriltag_ros/hook/ld_library_path_lib.dsv'
[2.671s] INFO:colcon.colcon_core.shell:Creating environment hook '/home/rss/robot_harry/robotik/install/apriltag_ros/share/apriltag_ros/hook/ld_library_path_lib.sh'
[2.672s] Level 1:colcon.colcon_core.environment:checking '/home/rss/robot_harry/robotik/install/apriltag_ros/bin'
[2.672s] Level 1:colcon.colcon_core.environment:checking '/home/rss/robot_harry/robotik/install/apriltag_ros/lib/pkgconfig/apriltag_ros.pc'
[2.672s] Level 1:colcon.colcon_core.environment:checking '/home/rss/robot_harry/robotik/install/apriltag_ros/lib/python3.10/site-packages'
[2.673s] Level 1:colcon.colcon_core.environment:checking '/home/rss/robot_harry/robotik/install/apriltag_ros/bin'
[2.674s] INFO:colcon.colcon_core.shell:Creating package script '/home/rss/robot_harry/robotik/install/apriltag_ros/share/apriltag_ros/package.ps1'
[2.674s] INFO:colcon.colcon_core.shell:Creating package descriptor '/home/rss/robot_harry/robotik/install/apriltag_ros/share/apriltag_ros/package.dsv'
[2.675s] INFO:colcon.colcon_core.shell:Creating package script '/home/rss/robot_harry/robotik/install/apriltag_ros/share/apriltag_ros/package.sh'
[2.679s] INFO:colcon.colcon_core.shell:Creating package script '/home/rss/robot_harry/robotik/install/apriltag_ros/share/apriltag_ros/package.bash'
[2.680s] INFO:colcon.colcon_core.shell:Creating package script '/home/rss/robot_harry/robotik/install/apriltag_ros/share/apriltag_ros/package.zsh'
[2.680s] Level 1:colcon.colcon_core.environment:create_file_with_runtime_dependencies(/home/rss/robot_harry/robotik/install/apriltag_ros/share/colcon-core/packages/apriltag_ros)
[2.681s] Level 1:colcon.colcon_core.environment:create_environment_scripts_only(apriltag_ros)
[2.681s] Level 1:colcon.colcon_core.environment:checking '/home/rss/robot_harry/robotik/install/apriltag_ros' for CMake module files
[2.682s] Level 1:colcon.colcon_core.environment:checking '/home/rss/robot_harry/robotik/install/apriltag_ros' for CMake config files
[2.682s] Level 1:colcon.colcon_core.shell:create_environment_hook('apriltag_ros', 'cmake_prefix_path')
[2.682s] INFO:colcon.colcon_core.shell:Creating environment hook '/home/rss/robot_harry/robotik/install/apriltag_ros/share/apriltag_ros/hook/cmake_prefix_path.ps1'
[2.683s] INFO:colcon.colcon_core.shell:Creating environment descriptor '/home/rss/robot_harry/robotik/install/apriltag_ros/share/apriltag_ros/hook/cmake_prefix_path.dsv'
[2.683s] INFO:colcon.colcon_core.shell:Creating environment hook '/home/rss/robot_harry/robotik/install/apriltag_ros/share/apriltag_ros/hook/cmake_prefix_path.sh'
[2.684s] Level 1:colcon.colcon_core.environment:checking '/home/rss/robot_harry/robotik/install/apriltag_ros/lib'
[2.684s] Level 1:colcon.colcon_core.shell:create_environment_hook('apriltag_ros', 'ld_library_path_lib')
[2.684s] INFO:colcon.colcon_core.shell:Creating environment hook '/home/rss/robot_harry/robotik/install/apriltag_ros/share/apriltag_ros/hook/ld_library_path_lib.ps1'
[2.685s] INFO:colcon.colcon_core.shell:Creating environment descriptor '/home/rss/robot_harry/robotik/install/apriltag_ros/share/apriltag_ros/hook/ld_library_path_lib.dsv'
[2.685s] INFO:colcon.colcon_core.shell:Creating environment hook '/home/rss/robot_harry/robotik/install/apriltag_ros/share/apriltag_ros/hook/ld_library_path_lib.sh'
[2.685s] Level 1:colcon.colcon_core.environment:checking '/home/rss/robot_harry/robotik/install/apriltag_ros/bin'
[2.685s] Level 1:colcon.colcon_core.environment:checking '/home/rss/robot_harry/robotik/install/apriltag_ros/lib/pkgconfig/apriltag_ros.pc'
[2.686s] Level 1:colcon.colcon_core.environment:checking '/home/rss/robot_harry/robotik/install/apriltag_ros/lib/python3.10/site-packages'
[2.686s] Level 1:colcon.colcon_core.environment:checking '/home/rss/robot_harry/robotik/install/apriltag_ros/bin'
[2.687s] INFO:colcon.colcon_core.shell:Creating package script '/home/rss/robot_harry/robotik/install/apriltag_ros/share/apriltag_ros/package.ps1'
[2.687s] INFO:colcon.colcon_core.shell:Creating package descriptor '/home/rss/robot_harry/robotik/install/apriltag_ros/share/apriltag_ros/package.dsv'
[2.688s] INFO:colcon.colcon_core.shell:Creating package script '/home/rss/robot_harry/robotik/install/apriltag_ros/share/apriltag_ros/package.sh'
[2.689s] INFO:colcon.colcon_core.shell:Creating package script '/home/rss/robot_harry/robotik/install/apriltag_ros/share/apriltag_ros/package.bash'
[2.689s] INFO:colcon.colcon_core.shell:Creating package script '/home/rss/robot_harry/robotik/install/apriltag_ros/share/apriltag_ros/package.zsh'
[2.689s] Level 1:colcon.colcon_core.environment:create_file_with_runtime_dependencies(/home/rss/robot_harry/robotik/install/apriltag_ros/share/colcon-core/packages/apriltag_ros)
[2.691s] DEBUG:colcon.colcon_core.event_handler.log_command:Invoked command in '/home/rss/robot_harry/robotik/build/create3_coverage' returned '0': CMAKE_PREFIX_PATH=/home/rss/robot_harry/robotik/install/create3_examples_msgs:/home/rss/robot_harry/robotik/install/create3_lidar_slam:/home/rss/robot_harry/robotik/install/rplidar_ros:/home/rss/robot_harry/robotik/install/my_robot_slam:/home/rss/robot_harry/robotik/install/create3_republisher:/home/rss/robot_harry/robotik/install/create3_coverage:/home/rss/robot_harry/robotik/install/apriltag_ros:/home/rss/robot_harry/robotik/install/apriltag_msgs:/home/rss/robot_harry/robotik/install/tag_detection:/home/rss/robot_harry/robotik/install/webcam_bringup:/home/rss/robot_harry/robotik/install/teleop:/home/rss/robot_harry/robotik/install/robot_bringup:/home/rss/robot_harry/robotik/install/pub_sub:/home/rss/robot_harry/robotik/install/object_detection:/home/rss/robot_harry/robotik/install/my_robot_navigation:/home/rss/robot_harry/robotik/install/create3_teleop:/home/rss/robot_harry/robotik/install/create3_examples_py:/opt/ros/humble LD_LIBRARY_PATH=/home/rss/robot_harry/robotik/install/create3_examples_msgs/lib:/home/rss/robot_harry/robotik/install/create3_coverage/lib:/home/rss/robot_harry/robotik/install/apriltag_ros/lib:/home/rss/robot_harry/robotik/install/apriltag_msgs/lib:/opt/ros/humble/opt/rviz_ogre_vendor/lib:/opt/ros/humble/lib/x86_64-linux-gnu:/opt/ros/humble/lib /usr/bin/cmake --build /home/rss/robot_harry/robotik/build/create3_coverage -- -j8 -l8
[2.695s] DEBUG:colcon.colcon_core.event_handler.log_command:Invoking command in '/home/rss/robot_harry/robotik/build/create3_coverage': CMAKE_PREFIX_PATH=/home/rss/robot_harry/robotik/install/create3_examples_msgs:/home/rss/robot_harry/robotik/install/create3_lidar_slam:/home/rss/robot_harry/robotik/install/rplidar_ros:/home/rss/robot_harry/robotik/install/my_robot_slam:/home/rss/robot_harry/robotik/install/create3_republisher:/home/rss/robot_harry/robotik/install/create3_coverage:/home/rss/robot_harry/robotik/install/apriltag_ros:/home/rss/robot_harry/robotik/install/apriltag_msgs:/home/rss/robot_harry/robotik/install/tag_detection:/home/rss/robot_harry/robotik/install/webcam_bringup:/home/rss/robot_harry/robotik/install/teleop:/home/rss/robot_harry/robotik/install/robot_bringup:/home/rss/robot_harry/robotik/install/pub_sub:/home/rss/robot_harry/robotik/install/object_detection:/home/rss/robot_harry/robotik/install/my_robot_navigation:/home/rss/robot_harry/robotik/install/create3_teleop:/home/rss/robot_harry/robotik/install/create3_examples_py:/opt/ros/humble LD_LIBRARY_PATH=/home/rss/robot_harry/robotik/install/create3_examples_msgs/lib:/home/rss/robot_harry/robotik/install/create3_coverage/lib:/home/rss/robot_harry/robotik/install/apriltag_ros/lib:/home/rss/robot_harry/robotik/install/apriltag_msgs/lib:/opt/ros/humble/opt/rviz_ogre_vendor/lib:/opt/ros/humble/lib/x86_64-linux-gnu:/opt/ros/humble/lib /usr/bin/cmake --install /home/rss/robot_harry/robotik/build/create3_coverage
[2.707s] Level 1:colcon.colcon_core.environment:create_environment_scripts_only(create3_coverage)
[2.708s] Level 1:colcon.colcon_core.environment:checking '/home/rss/robot_harry/robotik/install/create3_coverage' for CMake module files
[2.708s] Level 1:colcon.colcon_core.environment:checking '/home/rss/robot_harry/robotik/install/create3_coverage' for CMake config files
[2.708s] Level 1:colcon.colcon_core.shell:create_environment_hook('create3_coverage', 'cmake_prefix_path')
[2.709s] INFO:colcon.colcon_core.shell:Creating environment hook '/home/rss/robot_harry/robotik/install/create3_coverage/share/create3_coverage/hook/cmake_prefix_path.ps1'
[2.710s] INFO:colcon.colcon_core.shell:Creating environment descriptor '/home/rss/robot_harry/robotik/install/create3_coverage/share/create3_coverage/hook/cmake_prefix_path.dsv'
[2.710s] INFO:colcon.colcon_core.shell:Creating environment hook '/home/rss/robot_harry/robotik/install/create3_coverage/share/create3_coverage/hook/cmake_prefix_path.sh'
[2.711s] DEBUG:colcon.colcon_core.event_handler.log_command:Invoked command in '/home/rss/robot_harry/robotik/build/create3_coverage' returned '0': CMAKE_PREFIX_PATH=/home/rss/robot_harry/robotik/install/create3_examples_msgs:/home/rss/robot_harry/robotik/install/create3_lidar_slam:/home/rss/robot_harry/robotik/install/rplidar_ros:/home/rss/robot_harry/robotik/install/my_robot_slam:/home/rss/robot_harry/robotik/install/create3_republisher:/home/rss/robot_harry/robotik/install/create3_coverage:/home/rss/robot_harry/robotik/install/apriltag_ros:/home/rss/robot_harry/robotik/install/apriltag_msgs:/home/rss/robot_harry/robotik/install/tag_detection:/home/rss/robot_harry/robotik/install/webcam_bringup:/home/rss/robot_harry/robotik/install/teleop:/home/rss/robot_harry/robotik/install/robot_bringup:/home/rss/robot_harry/robotik/install/pub_sub:/home/rss/robot_harry/robotik/install/object_detection:/home/rss/robot_harry/robotik/install/my_robot_navigation:/home/rss/robot_harry/robotik/install/create3_teleop:/home/rss/robot_harry/robotik/install/create3_examples_py:/opt/ros/humble LD_LIBRARY_PATH=/home/rss/robot_harry/robotik/install/create3_examples_msgs/lib:/home/rss/robot_harry/robotik/install/create3_coverage/lib:/home/rss/robot_harry/robotik/install/apriltag_ros/lib:/home/rss/robot_harry/robotik/install/apriltag_msgs/lib:/opt/ros/humble/opt/rviz_ogre_vendor/lib:/opt/ros/humble/lib/x86_64-linux-gnu:/opt/ros/humble/lib /usr/bin/cmake --install /home/rss/robot_harry/robotik/build/create3_coverage
[2.711s] Level 1:colcon.colcon_core.environment:checking '/home/rss/robot_harry/robotik/install/create3_coverage/lib'
[2.711s] Level 1:colcon.colcon_core.shell:create_environment_hook('create3_coverage', 'ld_library_path_lib')
[2.711s] INFO:colcon.colcon_core.shell:Creating environment hook '/home/rss/robot_harry/robotik/install/create3_coverage/share/create3_coverage/hook/ld_library_path_lib.ps1'
[2.712s] INFO:colcon.colcon_core.shell:Creating environment descriptor '/home/rss/robot_harry/robotik/install/create3_coverage/share/create3_coverage/hook/ld_library_path_lib.dsv'
[2.712s] INFO:colcon.colcon_core.shell:Creating environment hook '/home/rss/robot_harry/robotik/install/create3_coverage/share/create3_coverage/hook/ld_library_path_lib.sh'
[2.712s] Level 1:colcon.colcon_core.environment:checking '/home/rss/robot_harry/robotik/install/create3_coverage/bin'
[2.712s] Level 1:colcon.colcon_core.environment:checking '/home/rss/robot_harry/robotik/install/create3_coverage/lib/pkgconfig/create3_coverage.pc'
[2.713s] Level 1:colcon.colcon_core.environment:checking '/home/rss/robot_harry/robotik/install/create3_coverage/lib/python3.10/site-packages'
[2.713s] Level 1:colcon.colcon_core.environment:checking '/home/rss/robot_harry/robotik/install/create3_coverage/bin'
[2.714s] INFO:colcon.colcon_core.shell:Creating package script '/home/rss/robot_harry/robotik/install/create3_coverage/share/create3_coverage/package.ps1'
[2.714s] INFO:colcon.colcon_core.shell:Creating package descriptor '/home/rss/robot_harry/robotik/install/create3_coverage/share/create3_coverage/package.dsv'
[2.715s] INFO:colcon.colcon_core.shell:Creating package script '/home/rss/robot_harry/robotik/install/create3_coverage/share/create3_coverage/package.sh'
[2.715s] INFO:colcon.colcon_core.shell:Creating package script '/home/rss/robot_harry/robotik/install/create3_coverage/share/create3_coverage/package.bash'
[2.715s] INFO:colcon.colcon_core.shell:Creating package script '/home/rss/robot_harry/robotik/install/create3_coverage/share/create3_coverage/package.zsh'
[2.716s] Level 1:colcon.colcon_core.environment:create_file_with_runtime_dependencies(/home/rss/robot_harry/robotik/install/create3_coverage/share/colcon-core/packages/create3_coverage)
[2.716s] Level 1:colcon.colcon_core.environment:create_environment_scripts_only(create3_coverage)
[2.716s] Level 1:colcon.colcon_core.environment:checking '/home/rss/robot_harry/robotik/install/create3_coverage' for CMake module files
[2.717s] Level 1:colcon.colcon_core.environment:checking '/home/rss/robot_harry/robotik/install/create3_coverage' for CMake config files
[2.717s] Level 1:colcon.colcon_core.shell:create_environment_hook('create3_coverage', 'cmake_prefix_path')
[2.717s] INFO:colcon.colcon_core.shell:Creating environment hook '/home/rss/robot_harry/robotik/install/create3_coverage/share/create3_coverage/hook/cmake_prefix_path.ps1'
[2.718s] INFO:colcon.colcon_core.shell:Creating environment descriptor '/home/rss/robot_harry/robotik/install/create3_coverage/share/create3_coverage/hook/cmake_prefix_path.dsv'
[2.718s] INFO:colcon.colcon_core.shell:Creating environment hook '/home/rss/robot_harry/robotik/install/create3_coverage/share/create3_coverage/hook/cmake_prefix_path.sh'
[2.719s] Level 1:colcon.colcon_core.environment:checking '/home/rss/robot_harry/robotik/install/create3_coverage/lib'
[2.719s] Level 1:colcon.colcon_core.shell:create_environment_hook('create3_coverage', 'ld_library_path_lib')
[2.719s] INFO:colcon.colcon_core.shell:Creating environment hook '/home/rss/robot_harry/robotik/install/create3_coverage/share/create3_coverage/hook/ld_library_path_lib.ps1'
[2.720s] INFO:colcon.colcon_core.shell:Creating environment descriptor '/home/rss/robot_harry/robotik/install/create3_coverage/share/create3_coverage/hook/ld_library_path_lib.dsv'
[2.720s] INFO:colcon.colcon_core.shell:Creating environment hook '/home/rss/robot_harry/robotik/install/create3_coverage/share/create3_coverage/hook/ld_library_path_lib.sh'
[2.720s] Level 1:colcon.colcon_core.environment:checking '/home/rss/robot_harry/robotik/install/create3_coverage/bin'
[2.720s] Level 1:colcon.colcon_core.environment:checking '/home/rss/robot_harry/robotik/install/create3_coverage/lib/pkgconfig/create3_coverage.pc'
[2.721s] Level 1:colcon.colcon_core.environment:checking '/home/rss/robot_harry/robotik/install/create3_coverage/lib/python3.10/site-packages'
[2.721s] Level 1:colcon.colcon_core.environment:checking '/home/rss/robot_harry/robotik/install/create3_coverage/bin'
[2.721s] INFO:colcon.colcon_core.shell:Creating package script '/home/rss/robot_harry/robotik/install/create3_coverage/share/create3_coverage/package.ps1'
[2.722s] INFO:colcon.colcon_core.shell:Creating package descriptor '/home/rss/robot_harry/robotik/install/create3_coverage/share/create3_coverage/package.dsv'
[2.722s] INFO:colcon.colcon_core.shell:Creating package script '/home/rss/robot_harry/robotik/install/create3_coverage/share/create3_coverage/package.sh'
[2.723s] INFO:colcon.colcon_core.shell:Creating package script '/home/rss/robot_harry/robotik/install/create3_coverage/share/create3_coverage/package.bash'
[2.723s] INFO:colcon.colcon_core.shell:Creating package script '/home/rss/robot_harry/robotik/install/create3_coverage/share/create3_coverage/package.zsh'
[2.723s] Level 1:colcon.colcon_core.environment:create_file_with_runtime_dependencies(/home/rss/robot_harry/robotik/install/create3_coverage/share/colcon-core/packages/create3_coverage)
[2.839s] Level 1:colcon.colcon_core.environment:checking '/home/rss/robot_harry/robotik/install/pub_sub' for CMake module files
[2.839s] Level 1:colcon.colcon_core.environment:checking '/home/rss/robot_harry/robotik/install/pub_sub' for CMake config files
[2.840s] Level 1:colcon.colcon_core.environment:checking '/home/rss/robot_harry/robotik/install/pub_sub/lib'
[2.840s] Level 1:colcon.colcon_core.environment:checking '/home/rss/robot_harry/robotik/install/pub_sub/bin'
[2.840s] Level 1:colcon.colcon_core.environment:checking '/home/rss/robot_harry/robotik/install/pub_sub/lib/pkgconfig/pub_sub.pc'
[2.840s] Level 1:colcon.colcon_core.environment:checking '/home/rss/robot_harry/robotik/install/pub_sub/lib/python3.10/site-packages'
[2.840s] Level 1:colcon.colcon_core.shell:create_environment_hook('pub_sub', 'pythonpath')
[2.841s] INFO:colcon.colcon_core.shell:Creating environment hook '/home/rss/robot_harry/robotik/install/pub_sub/share/pub_sub/hook/pythonpath.ps1'
[2.841s] INFO:colcon.colcon_core.shell:Creating environment descriptor '/home/rss/robot_harry/robotik/install/pub_sub/share/pub_sub/hook/pythonpath.dsv'
[2.842s] INFO:colcon.colcon_core.shell:Creating environment hook '/home/rss/robot_harry/robotik/install/pub_sub/share/pub_sub/hook/pythonpath.sh'
[2.843s] Level 1:colcon.colcon_core.environment:checking '/home/rss/robot_harry/robotik/install/pub_sub/bin'
[2.843s] DEBUG:colcon.colcon_core.event_handler.log_command:Invoked command in '/home/rss/robot_harry/robotik/src/pub_sub' returned '0': PYTHONPATH=/home/rss/robot_harry/robotik/build/pub_sub/prefix_override:/usr/lib/python3/dist-packages/colcon_core/task/python/colcon_distutils_commands:/home/rss/robot_harry/robotik/install/pub_sub/lib/python3.10/site-packages:${PYTHONPATH} /usr/bin/python3 -W ignore:setup.py install is deprecated -W ignore:easy_install command is deprecated setup.py egg_info --egg-base ../../build/pub_sub build --build-base /home/rss/robot_harry/robotik/build/pub_sub/build install --record /home/rss/robot_harry/robotik/build/pub_sub/install.log --single-version-externally-managed install_data
[2.843s] Level 1:colcon.colcon_core.environment:create_environment_scripts_only(pub_sub)
[2.844s] INFO:colcon.colcon_core.shell:Creating package script '/home/rss/robot_harry/robotik/install/pub_sub/share/pub_sub/package.ps1'
[2.844s] INFO:colcon.colcon_core.shell:Creating package descriptor '/home/rss/robot_harry/robotik/install/pub_sub/share/pub_sub/package.dsv'
[2.845s] INFO:colcon.colcon_core.shell:Creating package script '/home/rss/robot_harry/robotik/install/pub_sub/share/pub_sub/package.sh'
[2.845s] INFO:colcon.colcon_core.shell:Creating package script '/home/rss/robot_harry/robotik/install/pub_sub/share/pub_sub/package.bash'
[2.846s] INFO:colcon.colcon_core.shell:Creating package script '/home/rss/robot_harry/robotik/install/pub_sub/share/pub_sub/package.zsh'
[2.846s] Level 1:colcon.colcon_core.environment:create_file_with_runtime_dependencies(/home/rss/robot_harry/robotik/install/pub_sub/share/colcon-core/packages/pub_sub)
[2.915s] Level 1:colcon.colcon_core.environment:checking '/home/rss/robot_harry/robotik/install/teleop' for CMake module files
[2.915s] DEBUG:colcon.colcon_core.event_handler.log_command:Invoked command in '/home/rss/robot_harry/robotik/src/teleop' returned '0': PYTHONPATH=/home/rss/robot_harry/robotik/build/teleop/prefix_override:/usr/lib/python3/dist-packages/colcon_core/task/python/colcon_distutils_commands:/home/rss/robot_harry/robotik/install/teleop/lib/python3.10/site-packages:${PYTHONPATH} /usr/bin/python3 -W ignore:setup.py install is deprecated -W ignore:easy_install command is deprecated setup.py egg_info --egg-base ../../build/teleop build --build-base /home/rss/robot_harry/robotik/build/teleop/build install --record /home/rss/robot_harry/robotik/build/teleop/install.log --single-version-externally-managed install_data
[2.916s] Level 1:colcon.colcon_core.environment:checking '/home/rss/robot_harry/robotik/install/teleop' for CMake config files
[2.916s] Level 1:colcon.colcon_core.environment:checking '/home/rss/robot_harry/robotik/install/teleop/lib'
[2.916s] Level 1:colcon.colcon_core.environment:checking '/home/rss/robot_harry/robotik/install/teleop/bin'
[2.916s] Level 1:colcon.colcon_core.environment:checking '/home/rss/robot_harry/robotik/install/teleop/lib/pkgconfig/teleop.pc'
[2.917s] Level 1:colcon.colcon_core.environment:checking '/home/rss/robot_harry/robotik/install/teleop/lib/python3.10/site-packages'
[2.917s] Level 1:colcon.colcon_core.shell:create_environment_hook('teleop', 'pythonpath')
[2.917s] INFO:colcon.colcon_core.shell:Creating environment hook '/home/rss/robot_harry/robotik/install/teleop/share/teleop/hook/pythonpath.ps1'
[2.918s] INFO:colcon.colcon_core.shell:Creating environment descriptor '/home/rss/robot_harry/robotik/install/teleop/share/teleop/hook/pythonpath.dsv'
[2.918s] INFO:colcon.colcon_core.shell:Creating environment hook '/home/rss/robot_harry/robotik/install/teleop/share/teleop/hook/pythonpath.sh'
[2.919s] Level 1:colcon.colcon_core.environment:checking '/home/rss/robot_harry/robotik/install/teleop/bin'
[2.919s] Level 1:colcon.colcon_core.environment:create_environment_scripts_only(teleop)
[2.919s] INFO:colcon.colcon_core.shell:Creating package script '/home/rss/robot_harry/robotik/install/teleop/share/teleop/package.ps1'
[2.920s] INFO:colcon.colcon_core.shell:Creating package descriptor '/home/rss/robot_harry/robotik/install/teleop/share/teleop/package.dsv'
[2.920s] INFO:colcon.colcon_core.shell:Creating package script '/home/rss/robot_harry/robotik/install/teleop/share/teleop/package.sh'
[2.921s] INFO:colcon.colcon_core.shell:Creating package script '/home/rss/robot_harry/robotik/install/teleop/share/teleop/package.bash'
[2.921s] INFO:colcon.colcon_core.shell:Creating package script '/home/rss/robot_harry/robotik/install/teleop/share/teleop/package.zsh'
[2.921s] Level 1:colcon.colcon_core.environment:create_file_with_runtime_dependencies(/home/rss/robot_harry/robotik/install/teleop/share/colcon-core/packages/teleop)
[2.923s] Level 1:colcon.colcon_core.environment:checking '/home/rss/robot_harry/robotik/install/tag_detection' for CMake module files
[2.924s] DEBUG:colcon.colcon_core.event_handler.log_command:Invoked command in '/home/rss/robot_harry/robotik/src/tag_detection' returned '0': PYTHONPATH=/home/rss/robot_harry/robotik/build/tag_detection/prefix_override:/usr/lib/python3/dist-packages/colcon_core/task/python/colcon_distutils_commands:/home/rss/robot_harry/robotik/install/tag_detection/lib/python3.10/site-packages:${PYTHONPATH} /usr/bin/python3 -W ignore:setup.py install is deprecated -W ignore:easy_install command is deprecated setup.py egg_info --egg-base ../../build/tag_detection build --build-base /home/rss/robot_harry/robotik/build/tag_detection/build install --record /home/rss/robot_harry/robotik/build/tag_detection/install.log --single-version-externally-managed install_data
[2.924s] Level 1:colcon.colcon_core.environment:checking '/home/rss/robot_harry/robotik/install/tag_detection' for CMake config files
[2.925s] Level 1:colcon.colcon_core.environment:checking '/home/rss/robot_harry/robotik/install/tag_detection/lib'
[2.925s] Level 1:colcon.colcon_core.environment:checking '/home/rss/robot_harry/robotik/install/tag_detection/bin'
[2.925s] Level 1:colcon.colcon_core.environment:checking '/home/rss/robot_harry/robotik/install/tag_detection/lib/pkgconfig/tag_detection.pc'
[2.925s] Level 1:colcon.colcon_core.environment:checking '/home/rss/robot_harry/robotik/install/tag_detection/lib/python3.10/site-packages'
[2.925s] Level 1:colcon.colcon_core.shell:create_environment_hook('tag_detection', 'pythonpath')
[2.925s] INFO:colcon.colcon_core.shell:Creating environment hook '/home/rss/robot_harry/robotik/install/tag_detection/share/tag_detection/hook/pythonpath.ps1'
[2.926s] INFO:colcon.colcon_core.shell:Creating environment descriptor '/home/rss/robot_harry/robotik/install/tag_detection/share/tag_detection/hook/pythonpath.dsv'
[2.926s] INFO:colcon.colcon_core.shell:Creating environment hook '/home/rss/robot_harry/robotik/install/tag_detection/share/tag_detection/hook/pythonpath.sh'
[2.926s] Level 1:colcon.colcon_core.environment:checking '/home/rss/robot_harry/robotik/install/tag_detection/bin'
[2.927s] Level 1:colcon.colcon_core.environment:create_environment_scripts_only(tag_detection)
[2.927s] INFO:colcon.colcon_core.shell:Creating package script '/home/rss/robot_harry/robotik/install/tag_detection/share/tag_detection/package.ps1'
[2.927s] INFO:colcon.colcon_core.shell:Creating package descriptor '/home/rss/robot_harry/robotik/install/tag_detection/share/tag_detection/package.dsv'
[2.928s] INFO:colcon.colcon_core.shell:Creating package script '/home/rss/robot_harry/robotik/install/tag_detection/share/tag_detection/package.sh'
[2.928s] INFO:colcon.colcon_core.shell:Creating package script '/home/rss/robot_harry/robotik/install/tag_detection/share/tag_detection/package.bash'
[2.928s] INFO:colcon.colcon_core.shell:Creating package script '/home/rss/robot_harry/robotik/install/tag_detection/share/tag_detection/package.zsh'
[2.929s] Level 1:colcon.colcon_core.environment:create_file_with_runtime_dependencies(/home/rss/robot_harry/robotik/install/tag_detection/share/colcon-core/packages/tag_detection)
[2.956s] Level 1:colcon.colcon_core.environment:checking '/home/rss/robot_harry/robotik/install/robot_bringup' for CMake module files
[2.957s] DEBUG:colcon.colcon_core.event_handler.log_command:Invoked command in '/home/rss/robot_harry/robotik/src/robot_bringup' returned '0': PYTHONPATH=/home/rss/robot_harry/robotik/build/robot_bringup/prefix_override:/usr/lib/python3/dist-packages/colcon_core/task/python/colcon_distutils_commands:/home/rss/robot_harry/robotik/install/robot_bringup/lib/python3.10/site-packages:${PYTHONPATH} /usr/bin/python3 -W ignore:setup.py install is deprecated -W ignore:easy_install command is deprecated setup.py egg_info --egg-base ../../build/robot_bringup build --build-base /home/rss/robot_harry/robotik/build/robot_bringup/build install --record /home/rss/robot_harry/robotik/build/robot_bringup/install.log --single-version-externally-managed install_data
[2.957s] Level 1:colcon.colcon_core.environment:checking '/home/rss/robot_harry/robotik/install/robot_bringup' for CMake config files
[2.958s] Level 1:colcon.colcon_core.environment:checking '/home/rss/robot_harry/robotik/install/robot_bringup/lib'
[2.958s] Level 1:colcon.colcon_core.environment:checking '/home/rss/robot_harry/robotik/install/robot_bringup/bin'
[2.958s] Level 1:colcon.colcon_core.environment:checking '/home/rss/robot_harry/robotik/install/robot_bringup/lib/pkgconfig/robot_bringup.pc'
[2.958s] Level 1:colcon.colcon_core.environment:checking '/home/rss/robot_harry/robotik/install/robot_bringup/lib/python3.10/site-packages'
[2.958s] Level 1:colcon.colcon_core.shell:create_environment_hook('robot_bringup', 'pythonpath')
[2.958s] INFO:colcon.colcon_core.shell:Creating environment hook '/home/rss/robot_harry/robotik/install/robot_bringup/share/robot_bringup/hook/pythonpath.ps1'
[2.959s] INFO:colcon.colcon_core.shell:Creating environment descriptor '/home/rss/robot_harry/robotik/install/robot_bringup/share/robot_bringup/hook/pythonpath.dsv'
[2.959s] INFO:colcon.colcon_core.shell:Creating environment hook '/home/rss/robot_harry/robotik/install/robot_bringup/share/robot_bringup/hook/pythonpath.sh'
[2.960s] Level 1:colcon.colcon_core.environment:checking '/home/rss/robot_harry/robotik/install/robot_bringup/bin'
[2.960s] Level 1:colcon.colcon_core.environment:create_environment_scripts_only(robot_bringup)
[2.960s] INFO:colcon.colcon_core.shell:Creating package script '/home/rss/robot_harry/robotik/install/robot_bringup/share/robot_bringup/package.ps1'
[2.960s] INFO:colcon.colcon_core.shell:Creating package descriptor '/home/rss/robot_harry/robotik/install/robot_bringup/share/robot_bringup/package.dsv'
[2.961s] INFO:colcon.colcon_core.shell:Creating package script '/home/rss/robot_harry/robotik/install/robot_bringup/share/robot_bringup/package.sh'
[2.961s] INFO:colcon.colcon_core.shell:Creating package script '/home/rss/robot_harry/robotik/install/robot_bringup/share/robot_bringup/package.bash'
[2.961s] INFO:colcon.colcon_core.shell:Creating package script '/home/rss/robot_harry/robotik/install/robot_bringup/share/robot_bringup/package.zsh'
[2.962s] Level 1:colcon.colcon_core.environment:create_file_with_runtime_dependencies(/home/rss/robot_harry/robotik/install/robot_bringup/share/colcon-core/packages/robot_bringup)
[2.971s] DEBUG:colcon.colcon_core.event_handler.log_command:Invoking command in '/home/rss/robot_harry/robotik/src/webcam_bringup': PYTHONPATH=/home/rss/robot_harry/robotik/build/webcam_bringup/prefix_override:/usr/lib/python3/dist-packages/colcon_core/task/python/colcon_distutils_commands:/home/rss/robot_harry/robotik/install/webcam_bringup/lib/python3.10/site-packages:${PYTHONPATH} /usr/bin/python3 -W ignore:setup.py install is deprecated -W ignore:easy_install command is deprecated setup.py egg_info --egg-base ../../build/webcam_bringup build --build-base /home/rss/robot_harry/robotik/build/webcam_bringup/build install --record /home/rss/robot_harry/robotik/build/webcam_bringup/install.log --single-version-externally-managed install_data
[3.198s] Level 1:colcon.colcon_core.environment:checking '/home/rss/robot_harry/robotik/install/webcam_bringup' for CMake module files
[3.199s] DEBUG:colcon.colcon_core.event_handler.log_command:Invoked command in '/home/rss/robot_harry/robotik/src/webcam_bringup' returned '0': PYTHONPATH=/home/rss/robot_harry/robotik/build/webcam_bringup/prefix_override:/usr/lib/python3/dist-packages/colcon_core/task/python/colcon_distutils_commands:/home/rss/robot_harry/robotik/install/webcam_bringup/lib/python3.10/site-packages:${PYTHONPATH} /usr/bin/python3 -W ignore:setup.py install is deprecated -W ignore:easy_install command is deprecated setup.py egg_info --egg-base ../../build/webcam_bringup build --build-base /home/rss/robot_harry/robotik/build/webcam_bringup/build install --record /home/rss/robot_harry/robotik/build/webcam_bringup/install.log --single-version-externally-managed install_data
[3.199s] Level 1:colcon.colcon_core.environment:checking '/home/rss/robot_harry/robotik/install/webcam_bringup' for CMake config files
[3.199s] Level 1:colcon.colcon_core.environment:checking '/home/rss/robot_harry/robotik/install/webcam_bringup/lib'
[3.199s] Level 1:colcon.colcon_core.environment:checking '/home/rss/robot_harry/robotik/install/webcam_bringup/bin'
[3.199s] Level 1:colcon.colcon_core.environment:checking '/home/rss/robot_harry/robotik/install/webcam_bringup/lib/pkgconfig/webcam_bringup.pc'
[3.200s] Level 1:colcon.colcon_core.environment:checking '/home/rss/robot_harry/robotik/install/webcam_bringup/lib/python3.10/site-packages'
[3.200s] Level 1:colcon.colcon_core.shell:create_environment_hook('webcam_bringup', 'pythonpath')
[3.200s] INFO:colcon.colcon_core.shell:Creating environment hook '/home/rss/robot_harry/robotik/install/webcam_bringup/share/webcam_bringup/hook/pythonpath.ps1'
[3.200s] INFO:colcon.colcon_core.shell:Creating environment descriptor '/home/rss/robot_harry/robotik/install/webcam_bringup/share/webcam_bringup/hook/pythonpath.dsv'
[3.200s] INFO:colcon.colcon_core.shell:Creating environment hook '/home/rss/robot_harry/robotik/install/webcam_bringup/share/webcam_bringup/hook/pythonpath.sh'
[3.201s] Level 1:colcon.colcon_core.environment:checking '/home/rss/robot_harry/robotik/install/webcam_bringup/bin'
[3.201s] Level 1:colcon.colcon_core.environment:create_environment_scripts_only(webcam_bringup)
[3.201s] INFO:colcon.colcon_core.shell:Creating package script '/home/rss/robot_harry/robotik/install/webcam_bringup/share/webcam_bringup/package.ps1'
[3.202s] INFO:colcon.colcon_core.shell:Creating package descriptor '/home/rss/robot_harry/robotik/install/webcam_bringup/share/webcam_bringup/package.dsv'
[3.202s] INFO:colcon.colcon_core.shell:Creating package script '/home/rss/robot_harry/robotik/install/webcam_bringup/share/webcam_bringup/package.sh'
[3.202s] INFO:colcon.colcon_core.shell:Creating package script '/home/rss/robot_harry/robotik/install/webcam_bringup/share/webcam_bringup/package.bash'
[3.202s] INFO:colcon.colcon_core.shell:Creating package script '/home/rss/robot_harry/robotik/install/webcam_bringup/share/webcam_bringup/package.zsh'
[3.203s] Level 1:colcon.colcon_core.environment:create_file_with_runtime_dependencies(/home/rss/robot_harry/robotik/install/webcam_bringup/share/colcon-core/packages/webcam_bringup)
[3.203s] DEBUG:colcon.colcon_parallel_executor.executor.parallel:closing loop
[3.203s] DEBUG:colcon.colcon_parallel_executor.executor.parallel:loop closed
[3.203s] DEBUG:colcon.colcon_parallel_executor.executor.parallel:run_until_complete finished with '0'
[3.203s] DEBUG:colcon.colcon_core.event_reactor:joining thread
[3.208s] INFO:colcon.colcon_core.plugin_system:Skipping extension 'colcon_notification.desktop_notification.terminal_notifier': Not used on non-Darwin systems
[3.208s] INFO:colcon.colcon_core.plugin_system:Skipping extension 'colcon_notification.desktop_notification.win32': Not used on non-Windows systems
[3.208s] INFO:colcon.colcon_notification.desktop_notification:Sending desktop notification using 'notify2'
[3.218s] DEBUG:colcon.colcon_core.event_reactor:joined thread
[3.218s] INFO:colcon.colcon_core.shell:Creating prefix script '/home/rss/robot_harry/robotik/install/local_setup.ps1'
[3.219s] INFO:colcon.colcon_core.shell:Creating prefix util module '/home/rss/robot_harry/robotik/install/_local_setup_util_ps1.py'
[3.219s] INFO:colcon.colcon_core.shell:Creating prefix chain script '/home/rss/robot_harry/robotik/install/setup.ps1'
[3.220s] INFO:colcon.colcon_core.shell:Creating prefix script '/home/rss/robot_harry/robotik/install/local_setup.sh'
[3.221s] INFO:colcon.colcon_core.shell:Creating prefix util module '/home/rss/robot_harry/robotik/install/_local_setup_util_sh.py'
[3.221s] INFO:colcon.colcon_core.shell:Creating prefix chain script '/home/rss/robot_harry/robotik/install/setup.sh'
[3.222s] INFO:colcon.colcon_core.shell:Creating prefix script '/home/rss/robot_harry/robotik/install/local_setup.bash'
[3.223s] INFO:colcon.colcon_core.shell:Creating prefix chain script '/home/rss/robot_harry/robotik/install/setup.bash'
[3.224s] INFO:colcon.colcon_core.shell:Creating prefix script '/home/rss/robot_harry/robotik/install/local_setup.zsh'
[3.224s] INFO:colcon.colcon_core.shell:Creating prefix chain script '/home/rss/robot_harry/robotik/install/setup.zsh'
