[0.073s] DEBUG:colcon:Command line arguments: ['/usr/bin/colcon', 'build']
[0.073s] DEBUG:colcon:Parsed command line arguments: Namespace(log_base=None, log_level=None, verb_name='build', build_base='build', install_base='install', merge_install=False, symlink_install=False, test_result_base=None, continue_on_error=False, executor='parallel', parallel_workers=8, event_handlers=None, ignore_user_meta=False, metas=['./colcon.meta'], base_paths=['.'], packages_ignore=None, packages_ignore_regex=None, paths=None, packages_up_to=None, packages_up_to_regex=None, packages_above=None, packages_above_and_dependencies=None, packages_above_depth=None, packages_select_by_dep=None, packages_skip_by_dep=None, packages_skip_up_to=None, packages_select_build_failed=False, packages_skip_build_finished=False, packages_select_test_failures=False, packages_skip_test_passed=False, packages_select=None, packages_skip=None, packages_select_regex=None, packages_skip_regex=None, packages_start=None, packages_end=None, allow_overriding=[], cmake_args=None, cmake_target=None, cmake_target_skip_unavailable=False, cmake_clean_cache=False, cmake_clean_first=False, cmake_force_configure=False, ament_cmake_args=None, catkin_cmake_args=None, catkin_skip_building_tests=False, mixin_files=None, mixin=None, verb_parser=<colcon_mixin.mixin.mixin_argument.MixinArgumentDecorator object at 0x79625ee64730>, verb_extension=<colcon_core.verb.build.BuildVerb object at 0x79625ee641c0>, main=<bound method BuildVerb.main of <colcon_core.verb.build.BuildVerb object at 0x79625ee641c0>>, mixin_verb=('build',))
[0.185s] Level 1:colcon.colcon_core.package_discovery:discover_packages(colcon_meta) check parameters
[0.185s] Level 1:colcon.colcon_core.package_discovery:discover_packages(recursive) check parameters
[0.185s] Level 1:colcon.colcon_core.package_discovery:discover_packages(ignore) check parameters
[0.186s] Level 1:colcon.colcon_core.package_discovery:discover_packages(path) check parameters
[0.186s] Level 1:colcon.colcon_core.package_discovery:discover_packages(colcon_meta) discover
[0.186s] Level 1:colcon.colcon_core.package_discovery:discover_packages(recursive) discover
[0.186s] INFO:colcon.colcon_core.package_discovery:Crawling recursively for packages in '/home/rss/robot_harry/robotik'
[0.186s] Level 1:colcon.colcon_core.package_identification:_identify(.) by extensions ['ignore', 'ignore_ament_install']
[0.186s] Level 1:colcon.colcon_core.package_identification:_identify(.) by extension 'ignore'
[0.186s] Level 1:colcon.colcon_core.package_identification:_identify(.) by extension 'ignore_ament_install'
[0.186s] Level 1:colcon.colcon_core.package_identification:_identify(.) by extensions ['colcon_pkg']
[0.186s] Level 1:colcon.colcon_core.package_identification:_identify(.) by extension 'colcon_pkg'
[0.186s] Level 1:colcon.colcon_core.package_identification:_identify(.) by extensions ['colcon_meta']
[0.186s] Level 1:colcon.colcon_core.package_identification:_identify(.) by extension 'colcon_meta'
[0.186s] Level 1:colcon.colcon_core.package_identification:_identify(.) by extensions ['ros']
[0.186s] Level 1:colcon.colcon_core.package_identification:_identify(.) by extension 'ros'
[0.193s] Level 1:colcon.colcon_core.package_identification:_identify(.) by extensions ['cmake', 'python']
[0.193s] Level 1:colcon.colcon_core.package_identification:_identify(.) by extension 'cmake'
[0.193s] Level 1:colcon.colcon_core.package_identification:_identify(.) by extension 'python'
[0.193s] Level 1:colcon.colcon_core.package_identification:_identify(.) by extensions ['python_setup_py']
[0.193s] Level 1:colcon.colcon_core.package_identification:_identify(.) by extension 'python_setup_py'
[0.193s] Level 1:colcon.colcon_core.package_identification:_identify(build) by extensions ['ignore', 'ignore_ament_install']
[0.193s] Level 1:colcon.colcon_core.package_identification:_identify(build) by extension 'ignore'
[0.194s] Level 1:colcon.colcon_core.package_identification:_identify(build) ignored
[0.194s] Level 1:colcon.colcon_core.package_identification:_identify(install) by extensions ['ignore', 'ignore_ament_install']
[0.194s] Level 1:colcon.colcon_core.package_identification:_identify(install) by extension 'ignore'
[0.194s] Level 1:colcon.colcon_core.package_identification:_identify(install) ignored
[0.194s] Level 1:colcon.colcon_core.package_identification:_identify(log) by extensions ['ignore', 'ignore_ament_install']
[0.194s] Level 1:colcon.colcon_core.package_identification:_identify(log) by extension 'ignore'
[0.194s] Level 1:colcon.colcon_core.package_identification:_identify(log) ignored
[0.194s] Level 1:colcon.colcon_core.package_identification:_identify(note) by extensions ['ignore', 'ignore_ament_install']
[0.194s] Level 1:colcon.colcon_core.package_identification:_identify(note) by extension 'ignore'
[0.194s] Level 1:colcon.colcon_core.package_identification:_identify(note) by extension 'ignore_ament_install'
[0.194s] Level 1:colcon.colcon_core.package_identification:_identify(note) by extensions ['colcon_pkg']
[0.194s] Level 1:colcon.colcon_core.package_identification:_identify(note) by extension 'colcon_pkg'
[0.194s] Level 1:colcon.colcon_core.package_identification:_identify(note) by extensions ['colcon_meta']
[0.194s] Level 1:colcon.colcon_core.package_identification:_identify(note) by extension 'colcon_meta'
[0.194s] Level 1:colcon.colcon_core.package_identification:_identify(note) by extensions ['ros']
[0.194s] Level 1:colcon.colcon_core.package_identification:_identify(note) by extension 'ros'
[0.194s] Level 1:colcon.colcon_core.package_identification:_identify(note) by extensions ['cmake', 'python']
[0.194s] Level 1:colcon.colcon_core.package_identification:_identify(note) by extension 'cmake'
[0.194s] Level 1:colcon.colcon_core.package_identification:_identify(note) by extension 'python'
[0.194s] Level 1:colcon.colcon_core.package_identification:_identify(note) by extensions ['python_setup_py']
[0.194s] Level 1:colcon.colcon_core.package_identification:_identify(note) by extension 'python_setup_py'
[0.194s] Level 1:colcon.colcon_core.package_identification:_identify(src) by extensions ['ignore', 'ignore_ament_install']
[0.194s] Level 1:colcon.colcon_core.package_identification:_identify(src) by extension 'ignore'
[0.194s] Level 1:colcon.colcon_core.package_identification:_identify(src) by extension 'ignore_ament_install'
[0.194s] Level 1:colcon.colcon_core.package_identification:_identify(src) by extensions ['colcon_pkg']
[0.194s] Level 1:colcon.colcon_core.package_identification:_identify(src) by extension 'colcon_pkg'
[0.194s] Level 1:colcon.colcon_core.package_identification:_identify(src) by extensions ['colcon_meta']
[0.194s] Level 1:colcon.colcon_core.package_identification:_identify(src) by extension 'colcon_meta'
[0.194s] Level 1:colcon.colcon_core.package_identification:_identify(src) by extensions ['ros']
[0.194s] Level 1:colcon.colcon_core.package_identification:_identify(src) by extension 'ros'
[0.195s] Level 1:colcon.colcon_core.package_identification:_identify(src) by extensions ['cmake', 'python']
[0.195s] Level 1:colcon.colcon_core.package_identification:_identify(src) by extension 'cmake'
[0.195s] Level 1:colcon.colcon_core.package_identification:_identify(src) by extension 'python'
[0.195s] Level 1:colcon.colcon_core.package_identification:_identify(src) by extensions ['python_setup_py']
[0.195s] Level 1:colcon.colcon_core.package_identification:_identify(src) by extension 'python_setup_py'
[0.195s] Level 1:colcon.colcon_core.package_identification:_identify(src/apriltag_msgs) by extensions ['ignore', 'ignore_ament_install']
[0.195s] Level 1:colcon.colcon_core.package_identification:_identify(src/apriltag_msgs) by extension 'ignore'
[0.195s] Level 1:colcon.colcon_core.package_identification:_identify(src/apriltag_msgs) by extension 'ignore_ament_install'
[0.195s] Level 1:colcon.colcon_core.package_identification:_identify(src/apriltag_msgs) by extensions ['colcon_pkg']
[0.195s] Level 1:colcon.colcon_core.package_identification:_identify(src/apriltag_msgs) by extension 'colcon_pkg'
[0.195s] Level 1:colcon.colcon_core.package_identification:_identify(src/apriltag_msgs) by extensions ['colcon_meta']
[0.195s] Level 1:colcon.colcon_core.package_identification:_identify(src/apriltag_msgs) by extension 'colcon_meta'
[0.195s] Level 1:colcon.colcon_core.package_identification:_identify(src/apriltag_msgs) by extensions ['ros']
[0.195s] Level 1:colcon.colcon_core.package_identification:_identify(src/apriltag_msgs) by extension 'ros'
[0.197s] DEBUG:colcon.colcon_core.package_identification:Package 'src/apriltag_msgs' with type 'ros.ament_cmake' and name 'apriltag_msgs'
[0.197s] Level 1:colcon.colcon_core.package_identification:_identify(src/apriltag_ros) by extensions ['ignore', 'ignore_ament_install']
[0.197s] Level 1:colcon.colcon_core.package_identification:_identify(src/apriltag_ros) by extension 'ignore'
[0.197s] Level 1:colcon.colcon_core.package_identification:_identify(src/apriltag_ros) by extension 'ignore_ament_install'
[0.197s] Level 1:colcon.colcon_core.package_identification:_identify(src/apriltag_ros) by extensions ['colcon_pkg']
[0.197s] Level 1:colcon.colcon_core.package_identification:_identify(src/apriltag_ros) by extension 'colcon_pkg'
[0.197s] Level 1:colcon.colcon_core.package_identification:_identify(src/apriltag_ros) by extensions ['colcon_meta']
[0.197s] Level 1:colcon.colcon_core.package_identification:_identify(src/apriltag_ros) by extension 'colcon_meta'
[0.197s] Level 1:colcon.colcon_core.package_identification:_identify(src/apriltag_ros) by extensions ['ros']
[0.197s] Level 1:colcon.colcon_core.package_identification:_identify(src/apriltag_ros) by extension 'ros'
[0.199s] DEBUG:colcon.colcon_core.package_identification:Package 'src/apriltag_ros' with type 'ros.ament_cmake' and name 'apriltag_ros'
[0.199s] Level 1:colcon.colcon_core.package_identification:_identify(src/create3_examples) by extensions ['ignore', 'ignore_ament_install']
[0.199s] Level 1:colcon.colcon_core.package_identification:_identify(src/create3_examples) by extension 'ignore'
[0.199s] Level 1:colcon.colcon_core.package_identification:_identify(src/create3_examples) by extension 'ignore_ament_install'
[0.199s] Level 1:colcon.colcon_core.package_identification:_identify(src/create3_examples) by extensions ['colcon_pkg']
[0.199s] Level 1:colcon.colcon_core.package_identification:_identify(src/create3_examples) by extension 'colcon_pkg'
[0.199s] Level 1:colcon.colcon_core.package_identification:_identify(src/create3_examples) by extensions ['colcon_meta']
[0.199s] Level 1:colcon.colcon_core.package_identification:_identify(src/create3_examples) by extension 'colcon_meta'
[0.199s] Level 1:colcon.colcon_core.package_identification:_identify(src/create3_examples) by extensions ['ros']
[0.199s] Level 1:colcon.colcon_core.package_identification:_identify(src/create3_examples) by extension 'ros'
[0.199s] Level 1:colcon.colcon_core.package_identification:_identify(src/create3_examples) by extensions ['cmake', 'python']
[0.199s] Level 1:colcon.colcon_core.package_identification:_identify(src/create3_examples) by extension 'cmake'
[0.200s] Level 1:colcon.colcon_core.package_identification:_identify(src/create3_examples) by extension 'python'
[0.200s] Level 1:colcon.colcon_core.package_identification:_identify(src/create3_examples) by extensions ['python_setup_py']
[0.200s] Level 1:colcon.colcon_core.package_identification:_identify(src/create3_examples) by extension 'python_setup_py'
[0.200s] Level 1:colcon.colcon_core.package_identification:_identify(src/create3_examples/create3_coverage) by extensions ['ignore', 'ignore_ament_install']
[0.200s] Level 1:colcon.colcon_core.package_identification:_identify(src/create3_examples/create3_coverage) by extension 'ignore'
[0.200s] Level 1:colcon.colcon_core.package_identification:_identify(src/create3_examples/create3_coverage) by extension 'ignore_ament_install'
[0.200s] Level 1:colcon.colcon_core.package_identification:_identify(src/create3_examples/create3_coverage) by extensions ['colcon_pkg']
[0.200s] Level 1:colcon.colcon_core.package_identification:_identify(src/create3_examples/create3_coverage) by extension 'colcon_pkg'
[0.200s] Level 1:colcon.colcon_core.package_identification:_identify(src/create3_examples/create3_coverage) by extensions ['colcon_meta']
[0.200s] Level 1:colcon.colcon_core.package_identification:_identify(src/create3_examples/create3_coverage) by extension 'colcon_meta'
[0.200s] Level 1:colcon.colcon_core.package_identification:_identify(src/create3_examples/create3_coverage) by extensions ['ros']
[0.200s] Level 1:colcon.colcon_core.package_identification:_identify(src/create3_examples/create3_coverage) by extension 'ros'
[0.201s] DEBUG:colcon.colcon_core.package_identification:Package 'src/create3_examples/create3_coverage' with type 'ros.ament_cmake' and name 'create3_coverage'
[0.201s] Level 1:colcon.colcon_core.package_identification:_identify(src/create3_examples/create3_examples_msgs) by extensions ['ignore', 'ignore_ament_install']
[0.201s] Level 1:colcon.colcon_core.package_identification:_identify(src/create3_examples/create3_examples_msgs) by extension 'ignore'
[0.201s] Level 1:colcon.colcon_core.package_identification:_identify(src/create3_examples/create3_examples_msgs) by extension 'ignore_ament_install'
[0.201s] Level 1:colcon.colcon_core.package_identification:_identify(src/create3_examples/create3_examples_msgs) by extensions ['colcon_pkg']
[0.201s] Level 1:colcon.colcon_core.package_identification:_identify(src/create3_examples/create3_examples_msgs) by extension 'colcon_pkg'
[0.202s] Level 1:colcon.colcon_core.package_identification:_identify(src/create3_examples/create3_examples_msgs) by extensions ['colcon_meta']
[0.202s] Level 1:colcon.colcon_core.package_identification:_identify(src/create3_examples/create3_examples_msgs) by extension 'colcon_meta'
[0.202s] Level 1:colcon.colcon_core.package_identification:_identify(src/create3_examples/create3_examples_msgs) by extensions ['ros']
[0.202s] Level 1:colcon.colcon_core.package_identification:_identify(src/create3_examples/create3_examples_msgs) by extension 'ros'
[0.202s] DEBUG:colcon.colcon_core.package_identification:Package 'src/create3_examples/create3_examples_msgs' with type 'ros.ament_cmake' and name 'create3_examples_msgs'
[0.202s] Level 1:colcon.colcon_core.package_identification:_identify(src/create3_examples/create3_examples_py) by extensions ['ignore', 'ignore_ament_install']
[0.202s] Level 1:colcon.colcon_core.package_identification:_identify(src/create3_examples/create3_examples_py) by extension 'ignore'
[0.202s] Level 1:colcon.colcon_core.package_identification:_identify(src/create3_examples/create3_examples_py) by extension 'ignore_ament_install'
[0.202s] Level 1:colcon.colcon_core.package_identification:_identify(src/create3_examples/create3_examples_py) by extensions ['colcon_pkg']
[0.202s] Level 1:colcon.colcon_core.package_identification:_identify(src/create3_examples/create3_examples_py) by extension 'colcon_pkg'
[0.202s] Level 1:colcon.colcon_core.package_identification:_identify(src/create3_examples/create3_examples_py) by extensions ['colcon_meta']
[0.202s] Level 1:colcon.colcon_core.package_identification:_identify(src/create3_examples/create3_examples_py) by extension 'colcon_meta'
[0.202s] Level 1:colcon.colcon_core.package_identification:_identify(src/create3_examples/create3_examples_py) by extensions ['ros']
[0.202s] Level 1:colcon.colcon_core.package_identification:_identify(src/create3_examples/create3_examples_py) by extension 'ros'
[0.203s] DEBUG:colcon.colcon_core.package_identification:Package 'src/create3_examples/create3_examples_py' with type 'ros.ament_python' and name 'create3_examples_py'
[0.203s] Level 1:colcon.colcon_core.package_identification:_identify(src/create3_examples/create3_lidar_slam) by extensions ['ignore', 'ignore_ament_install']
[0.203s] Level 1:colcon.colcon_core.package_identification:_identify(src/create3_examples/create3_lidar_slam) by extension 'ignore'
[0.203s] Level 1:colcon.colcon_core.package_identification:_identify(src/create3_examples/create3_lidar_slam) by extension 'ignore_ament_install'
[0.203s] Level 1:colcon.colcon_core.package_identification:_identify(src/create3_examples/create3_lidar_slam) by extensions ['colcon_pkg']
[0.203s] Level 1:colcon.colcon_core.package_identification:_identify(src/create3_examples/create3_lidar_slam) by extension 'colcon_pkg'
[0.203s] Level 1:colcon.colcon_core.package_identification:_identify(src/create3_examples/create3_lidar_slam) by extensions ['colcon_meta']
[0.203s] Level 1:colcon.colcon_core.package_identification:_identify(src/create3_examples/create3_lidar_slam) by extension 'colcon_meta'
[0.203s] Level 1:colcon.colcon_core.package_identification:_identify(src/create3_examples/create3_lidar_slam) by extensions ['ros']
[0.203s] Level 1:colcon.colcon_core.package_identification:_identify(src/create3_examples/create3_lidar_slam) by extension 'ros'
[0.203s] DEBUG:colcon.colcon_core.package_identification:Package 'src/create3_examples/create3_lidar_slam' with type 'ros.ament_cmake' and name 'create3_lidar_slam'
[0.203s] Level 1:colcon.colcon_core.package_identification:_identify(src/create3_examples/create3_republisher) by extensions ['ignore', 'ignore_ament_install']
[0.204s] Level 1:colcon.colcon_core.package_identification:_identify(src/create3_examples/create3_republisher) by extension 'ignore'
[0.204s] Level 1:colcon.colcon_core.package_identification:_identify(src/create3_examples/create3_republisher) by extension 'ignore_ament_install'
[0.204s] Level 1:colcon.colcon_core.package_identification:_identify(src/create3_examples/create3_republisher) by extensions ['colcon_pkg']
[0.204s] Level 1:colcon.colcon_core.package_identification:_identify(src/create3_examples/create3_republisher) by extension 'colcon_pkg'
[0.204s] Level 1:colcon.colcon_core.package_identification:_identify(src/create3_examples/create3_republisher) by extensions ['colcon_meta']
[0.204s] Level 1:colcon.colcon_core.package_identification:_identify(src/create3_examples/create3_republisher) by extension 'colcon_meta'
[0.204s] Level 1:colcon.colcon_core.package_identification:_identify(src/create3_examples/create3_republisher) by extensions ['ros']
[0.204s] Level 1:colcon.colcon_core.package_identification:_identify(src/create3_examples/create3_republisher) by extension 'ros'
[0.204s] DEBUG:colcon.colcon_core.package_identification:Package 'src/create3_examples/create3_republisher' with type 'ros.ament_cmake' and name 'create3_republisher'
[0.205s] Level 1:colcon.colcon_core.package_identification:_identify(src/create3_examples/create3_teleop) by extensions ['ignore', 'ignore_ament_install']
[0.205s] Level 1:colcon.colcon_core.package_identification:_identify(src/create3_examples/create3_teleop) by extension 'ignore'
[0.205s] Level 1:colcon.colcon_core.package_identification:_identify(src/create3_examples/create3_teleop) by extension 'ignore_ament_install'
[0.205s] Level 1:colcon.colcon_core.package_identification:_identify(src/create3_examples/create3_teleop) by extensions ['colcon_pkg']
[0.205s] Level 1:colcon.colcon_core.package_identification:_identify(src/create3_examples/create3_teleop) by extension 'colcon_pkg'
[0.205s] Level 1:colcon.colcon_core.package_identification:_identify(src/create3_examples/create3_teleop) by extensions ['colcon_meta']
[0.205s] Level 1:colcon.colcon_core.package_identification:_identify(src/create3_examples/create3_teleop) by extension 'colcon_meta'
[0.205s] Level 1:colcon.colcon_core.package_identification:_identify(src/create3_examples/create3_teleop) by extensions ['ros']
[0.205s] Level 1:colcon.colcon_core.package_identification:_identify(src/create3_examples/create3_teleop) by extension 'ros'
[0.205s] DEBUG:colcon.colcon_core.package_identification:Package 'src/create3_examples/create3_teleop' with type 'ros.ament_python' and name 'create3_teleop'
[0.205s] Level 1:colcon.colcon_core.package_identification:_identify(src/my_first_package) by extensions ['ignore', 'ignore_ament_install']
[0.205s] Level 1:colcon.colcon_core.package_identification:_identify(src/my_first_package) by extension 'ignore'
[0.205s] Level 1:colcon.colcon_core.package_identification:_identify(src/my_first_package) by extension 'ignore_ament_install'
[0.205s] Level 1:colcon.colcon_core.package_identification:_identify(src/my_first_package) by extensions ['colcon_pkg']
[0.205s] Level 1:colcon.colcon_core.package_identification:_identify(src/my_first_package) by extension 'colcon_pkg'
[0.205s] Level 1:colcon.colcon_core.package_identification:_identify(src/my_first_package) by extensions ['colcon_meta']
[0.205s] Level 1:colcon.colcon_core.package_identification:_identify(src/my_first_package) by extension 'colcon_meta'
[0.205s] Level 1:colcon.colcon_core.package_identification:_identify(src/my_first_package) by extensions ['ros']
[0.205s] Level 1:colcon.colcon_core.package_identification:_identify(src/my_first_package) by extension 'ros'
[0.205s] Level 1:colcon.colcon_core.package_identification:_identify(src/my_first_package) by extensions ['cmake', 'python']
[0.205s] Level 1:colcon.colcon_core.package_identification:_identify(src/my_first_package) by extension 'cmake'
[0.205s] Level 1:colcon.colcon_core.package_identification:_identify(src/my_first_package) by extension 'python'
[0.205s] Level 1:colcon.colcon_core.package_identification:_identify(src/my_first_package) by extensions ['python_setup_py']
[0.205s] Level 1:colcon.colcon_core.package_identification:_identify(src/my_first_package) by extension 'python_setup_py'
[0.206s] Level 1:colcon.colcon_core.package_identification:_identify(src/my_first_package/my_first_package) by extensions ['ignore', 'ignore_ament_install']
[0.212s] Level 1:colcon.colcon_core.package_identification:_identify(src/my_first_package/my_first_package) by extension 'ignore'
[0.212s] Level 1:colcon.colcon_core.package_identification:_identify(src/my_first_package/my_first_package) by extension 'ignore_ament_install'
[0.212s] Level 1:colcon.colcon_core.package_identification:_identify(src/my_first_package/my_first_package) by extensions ['colcon_pkg']
[0.212s] Level 1:colcon.colcon_core.package_identification:_identify(src/my_first_package/my_first_package) by extension 'colcon_pkg'
[0.212s] Level 1:colcon.colcon_core.package_identification:_identify(src/my_first_package/my_first_package) by extensions ['colcon_meta']
[0.212s] Level 1:colcon.colcon_core.package_identification:_identify(src/my_first_package/my_first_package) by extension 'colcon_meta'
[0.212s] Level 1:colcon.colcon_core.package_identification:_identify(src/my_first_package/my_first_package) by extensions ['ros']
[0.212s] Level 1:colcon.colcon_core.package_identification:_identify(src/my_first_package/my_first_package) by extension 'ros'
[0.212s] Level 1:colcon.colcon_core.package_identification:_identify(src/my_first_package/my_first_package) by extensions ['cmake', 'python']
[0.212s] Level 1:colcon.colcon_core.package_identification:_identify(src/my_first_package/my_first_package) by extension 'cmake'
[0.212s] Level 1:colcon.colcon_core.package_identification:_identify(src/my_first_package/my_first_package) by extension 'python'
[0.212s] Level 1:colcon.colcon_core.package_identification:_identify(src/my_first_package/my_first_package) by extensions ['python_setup_py']
[0.212s] Level 1:colcon.colcon_core.package_identification:_identify(src/my_first_package/my_first_package) by extension 'python_setup_py'
[0.212s] Level 1:colcon.colcon_core.package_identification:_identify(src/my_robot_navigation) by extensions ['ignore', 'ignore_ament_install']
[0.212s] Level 1:colcon.colcon_core.package_identification:_identify(src/my_robot_navigation) by extension 'ignore'
[0.212s] Level 1:colcon.colcon_core.package_identification:_identify(src/my_robot_navigation) by extension 'ignore_ament_install'
[0.212s] Level 1:colcon.colcon_core.package_identification:_identify(src/my_robot_navigation) by extensions ['colcon_pkg']
[0.212s] Level 1:colcon.colcon_core.package_identification:_identify(src/my_robot_navigation) by extension 'colcon_pkg'
[0.212s] Level 1:colcon.colcon_core.package_identification:_identify(src/my_robot_navigation) by extensions ['colcon_meta']
[0.212s] Level 1:colcon.colcon_core.package_identification:_identify(src/my_robot_navigation) by extension 'colcon_meta'
[0.213s] Level 1:colcon.colcon_core.package_identification:_identify(src/my_robot_navigation) by extensions ['ros']
[0.213s] Level 1:colcon.colcon_core.package_identification:_identify(src/my_robot_navigation) by extension 'ros'
[0.213s] DEBUG:colcon.colcon_core.package_identification:Package 'src/my_robot_navigation' with type 'ros.ament_python' and name 'my_robot_navigation'
[0.213s] Level 1:colcon.colcon_core.package_identification:_identify(src/my_robot_slam) by extensions ['ignore', 'ignore_ament_install']
[0.213s] Level 1:colcon.colcon_core.package_identification:_identify(src/my_robot_slam) by extension 'ignore'
[0.213s] Level 1:colcon.colcon_core.package_identification:_identify(src/my_robot_slam) by extension 'ignore_ament_install'
[0.213s] Level 1:colcon.colcon_core.package_identification:_identify(src/my_robot_slam) by extensions ['colcon_pkg']
[0.213s] Level 1:colcon.colcon_core.package_identification:_identify(src/my_robot_slam) by extension 'colcon_pkg'
[0.213s] Level 1:colcon.colcon_core.package_identification:_identify(src/my_robot_slam) by extensions ['colcon_meta']
[0.213s] Level 1:colcon.colcon_core.package_identification:_identify(src/my_robot_slam) by extension 'colcon_meta'
[0.213s] Level 1:colcon.colcon_core.package_identification:_identify(src/my_robot_slam) by extensions ['ros']
[0.213s] Level 1:colcon.colcon_core.package_identification:_identify(src/my_robot_slam) by extension 'ros'
[0.214s] DEBUG:colcon.colcon_core.package_identification:Package 'src/my_robot_slam' with type 'ros.ament_cmake' and name 'my_robot_slam'
[0.214s] Level 1:colcon.colcon_core.package_identification:_identify(src/object_detection) by extensions ['ignore', 'ignore_ament_install']
[0.214s] Level 1:colcon.colcon_core.package_identification:_identify(src/object_detection) by extension 'ignore'
[0.214s] Level 1:colcon.colcon_core.package_identification:_identify(src/object_detection) by extension 'ignore_ament_install'
[0.214s] Level 1:colcon.colcon_core.package_identification:_identify(src/object_detection) by extensions ['colcon_pkg']
[0.214s] Level 1:colcon.colcon_core.package_identification:_identify(src/object_detection) by extension 'colcon_pkg'
[0.214s] Level 1:colcon.colcon_core.package_identification:_identify(src/object_detection) by extensions ['colcon_meta']
[0.214s] Level 1:colcon.colcon_core.package_identification:_identify(src/object_detection) by extension 'colcon_meta'
[0.214s] Level 1:colcon.colcon_core.package_identification:_identify(src/object_detection) by extensions ['ros']
[0.214s] Level 1:colcon.colcon_core.package_identification:_identify(src/object_detection) by extension 'ros'
[0.215s] DEBUG:colcon.colcon_core.package_identification:Package 'src/object_detection' with type 'ros.ament_python' and name 'object_detection'
[0.215s] Level 1:colcon.colcon_core.package_identification:_identify(src/pub_sub) by extensions ['ignore', 'ignore_ament_install']
[0.215s] Level 1:colcon.colcon_core.package_identification:_identify(src/pub_sub) by extension 'ignore'
[0.215s] Level 1:colcon.colcon_core.package_identification:_identify(src/pub_sub) by extension 'ignore_ament_install'
[0.215s] Level 1:colcon.colcon_core.package_identification:_identify(src/pub_sub) by extensions ['colcon_pkg']
[0.215s] Level 1:colcon.colcon_core.package_identification:_identify(src/pub_sub) by extension 'colcon_pkg'
[0.215s] Level 1:colcon.colcon_core.package_identification:_identify(src/pub_sub) by extensions ['colcon_meta']
[0.215s] Level 1:colcon.colcon_core.package_identification:_identify(src/pub_sub) by extension 'colcon_meta'
[0.215s] Level 1:colcon.colcon_core.package_identification:_identify(src/pub_sub) by extensions ['ros']
[0.215s] Level 1:colcon.colcon_core.package_identification:_identify(src/pub_sub) by extension 'ros'
[0.215s] DEBUG:colcon.colcon_core.package_identification:Package 'src/pub_sub' with type 'ros.ament_python' and name 'pub_sub'
[0.215s] Level 1:colcon.colcon_core.package_identification:_identify(src/robot_bringup) by extensions ['ignore', 'ignore_ament_install']
[0.215s] Level 1:colcon.colcon_core.package_identification:_identify(src/robot_bringup) by extension 'ignore'
[0.215s] Level 1:colcon.colcon_core.package_identification:_identify(src/robot_bringup) by extension 'ignore_ament_install'
[0.215s] Level 1:colcon.colcon_core.package_identification:_identify(src/robot_bringup) by extensions ['colcon_pkg']
[0.215s] Level 1:colcon.colcon_core.package_identification:_identify(src/robot_bringup) by extension 'colcon_pkg'
[0.215s] Level 1:colcon.colcon_core.package_identification:_identify(src/robot_bringup) by extensions ['colcon_meta']
[0.215s] Level 1:colcon.colcon_core.package_identification:_identify(src/robot_bringup) by extension 'colcon_meta'
[0.215s] Level 1:colcon.colcon_core.package_identification:_identify(src/robot_bringup) by extensions ['ros']
[0.216s] Level 1:colcon.colcon_core.package_identification:_identify(src/robot_bringup) by extension 'ros'
[0.216s] DEBUG:colcon.colcon_core.package_identification:Package 'src/robot_bringup' with type 'ros.ament_python' and name 'robot_bringup'
[0.216s] Level 1:colcon.colcon_core.package_identification:_identify(src/rplidar-ros) by extensions ['ignore', 'ignore_ament_install']
[0.216s] Level 1:colcon.colcon_core.package_identification:_identify(src/rplidar-ros) by extension 'ignore'
[0.216s] Level 1:colcon.colcon_core.package_identification:_identify(src/rplidar-ros) by extension 'ignore_ament_install'
[0.216s] Level 1:colcon.colcon_core.package_identification:_identify(src/rplidar-ros) by extensions ['colcon_pkg']
[0.216s] Level 1:colcon.colcon_core.package_identification:_identify(src/rplidar-ros) by extension 'colcon_pkg'
[0.216s] Level 1:colcon.colcon_core.package_identification:_identify(src/rplidar-ros) by extensions ['colcon_meta']
[0.216s] Level 1:colcon.colcon_core.package_identification:_identify(src/rplidar-ros) by extension 'colcon_meta'
[0.216s] Level 1:colcon.colcon_core.package_identification:_identify(src/rplidar-ros) by extensions ['ros']
[0.216s] Level 1:colcon.colcon_core.package_identification:_identify(src/rplidar-ros) by extension 'ros'
[0.217s] DEBUG:colcon.colcon_core.package_identification:Package 'src/rplidar-ros' with type 'ros.ament_cmake' and name 'rplidar_ros'
[0.217s] Level 1:colcon.colcon_core.package_identification:_identify(src/tag_detection) by extensions ['ignore', 'ignore_ament_install']
[0.217s] Level 1:colcon.colcon_core.package_identification:_identify(src/tag_detection) by extension 'ignore'
[0.217s] Level 1:colcon.colcon_core.package_identification:_identify(src/tag_detection) by extension 'ignore_ament_install'
[0.217s] Level 1:colcon.colcon_core.package_identification:_identify(src/tag_detection) by extensions ['colcon_pkg']
[0.217s] Level 1:colcon.colcon_core.package_identification:_identify(src/tag_detection) by extension 'colcon_pkg'
[0.217s] Level 1:colcon.colcon_core.package_identification:_identify(src/tag_detection) by extensions ['colcon_meta']
[0.217s] Level 1:colcon.colcon_core.package_identification:_identify(src/tag_detection) by extension 'colcon_meta'
[0.217s] Level 1:colcon.colcon_core.package_identification:_identify(src/tag_detection) by extensions ['ros']
[0.217s] Level 1:colcon.colcon_core.package_identification:_identify(src/tag_detection) by extension 'ros'
[0.217s] DEBUG:colcon.colcon_core.package_identification:Package 'src/tag_detection' with type 'ros.ament_python' and name 'tag_detection'
[0.217s] Level 1:colcon.colcon_core.package_identification:_identify(src/teleop) by extensions ['ignore', 'ignore_ament_install']
[0.217s] Level 1:colcon.colcon_core.package_identification:_identify(src/teleop) by extension 'ignore'
[0.217s] Level 1:colcon.colcon_core.package_identification:_identify(src/teleop) by extension 'ignore_ament_install'
[0.218s] Level 1:colcon.colcon_core.package_identification:_identify(src/teleop) by extensions ['colcon_pkg']
[0.218s] Level 1:colcon.colcon_core.package_identification:_identify(src/teleop) by extension 'colcon_pkg'
[0.218s] Level 1:colcon.colcon_core.package_identification:_identify(src/teleop) by extensions ['colcon_meta']
[0.218s] Level 1:colcon.colcon_core.package_identification:_identify(src/teleop) by extension 'colcon_meta'
[0.218s] Level 1:colcon.colcon_core.package_identification:_identify(src/teleop) by extensions ['ros']
[0.218s] Level 1:colcon.colcon_core.package_identification:_identify(src/teleop) by extension 'ros'
[0.218s] DEBUG:colcon.colcon_core.package_identification:Package 'src/teleop' with type 'ros.ament_python' and name 'teleop'
[0.218s] Level 1:colcon.colcon_core.package_identification:_identify(src/webcam_bringup) by extensions ['ignore', 'ignore_ament_install']
[0.218s] Level 1:colcon.colcon_core.package_identification:_identify(src/webcam_bringup) by extension 'ignore'
[0.218s] Level 1:colcon.colcon_core.package_identification:_identify(src/webcam_bringup) by extension 'ignore_ament_install'
[0.218s] Level 1:colcon.colcon_core.package_identification:_identify(src/webcam_bringup) by extensions ['colcon_pkg']
[0.218s] Level 1:colcon.colcon_core.package_identification:_identify(src/webcam_bringup) by extension 'colcon_pkg'
[0.218s] Level 1:colcon.colcon_core.package_identification:_identify(src/webcam_bringup) by extensions ['colcon_meta']
[0.218s] Level 1:colcon.colcon_core.package_identification:_identify(src/webcam_bringup) by extension 'colcon_meta'
[0.218s] Level 1:colcon.colcon_core.package_identification:_identify(src/webcam_bringup) by extensions ['ros']
[0.218s] Level 1:colcon.colcon_core.package_identification:_identify(src/webcam_bringup) by extension 'ros'
[0.219s] DEBUG:colcon.colcon_core.package_identification:Package 'src/webcam_bringup' with type 'ros.ament_python' and name 'webcam_bringup'
[0.219s] Level 1:colcon.colcon_core.package_identification:_identify(vs_worspace) by extensions ['ignore', 'ignore_ament_install']
[0.219s] Level 1:colcon.colcon_core.package_identification:_identify(vs_worspace) by extension 'ignore'
[0.219s] Level 1:colcon.colcon_core.package_identification:_identify(vs_worspace) by extension 'ignore_ament_install'
[0.219s] Level 1:colcon.colcon_core.package_identification:_identify(vs_worspace) by extensions ['colcon_pkg']
[0.219s] Level 1:colcon.colcon_core.package_identification:_identify(vs_worspace) by extension 'colcon_pkg'
[0.219s] Level 1:colcon.colcon_core.package_identification:_identify(vs_worspace) by extensions ['colcon_meta']
[0.219s] Level 1:colcon.colcon_core.package_identification:_identify(vs_worspace) by extension 'colcon_meta'
[0.219s] Level 1:colcon.colcon_core.package_identification:_identify(vs_worspace) by extensions ['ros']
[0.219s] Level 1:colcon.colcon_core.package_identification:_identify(vs_worspace) by extension 'ros'
[0.219s] Level 1:colcon.colcon_core.package_identification:_identify(vs_worspace) by extensions ['cmake', 'python']
[0.219s] Level 1:colcon.colcon_core.package_identification:_identify(vs_worspace) by extension 'cmake'
[0.219s] Level 1:colcon.colcon_core.package_identification:_identify(vs_worspace) by extension 'python'
[0.219s] Level 1:colcon.colcon_core.package_identification:_identify(vs_worspace) by extensions ['python_setup_py']
[0.219s] Level 1:colcon.colcon_core.package_identification:_identify(vs_worspace) by extension 'python_setup_py'
[0.219s] Level 1:colcon.colcon_core.package_discovery:discover_packages(recursive) using defaults
[0.219s] Level 1:colcon.colcon_core.package_discovery:discover_packages(ignore) discover
[0.219s] Level 1:colcon.colcon_core.package_discovery:discover_packages(ignore) using defaults
[0.219s] Level 1:colcon.colcon_core.package_discovery:discover_packages(path) discover
[0.219s] Level 1:colcon.colcon_core.package_discovery:discover_packages(path) using defaults
[0.236s] Level 1:colcon.colcon_core.package_discovery:discover_packages(prefix_path) check parameters
[0.236s] Level 1:colcon.colcon_core.package_discovery:discover_packages(prefix_path) discover
[0.237s] DEBUG:colcon.colcon_installed_package_information.package_discovery:Found 17 installed packages in /home/rss/robot_harry/robotik/install
[0.238s] DEBUG:colcon.colcon_installed_package_information.package_discovery:Found 346 installed packages in /opt/ros/humble
[0.240s] Level 1:colcon.colcon_core.package_discovery:discover_packages(prefix_path) using defaults
[0.268s] Level 5:colcon.colcon_core.verb:set package 'apriltag_msgs' build argument 'cmake_args' from command line to 'None'
[0.269s] Level 5:colcon.colcon_core.verb:set package 'apriltag_msgs' build argument 'cmake_target' from command line to 'None'
[0.269s] Level 5:colcon.colcon_core.verb:set package 'apriltag_msgs' build argument 'cmake_target_skip_unavailable' from command line to 'False'
[0.269s] Level 5:colcon.colcon_core.verb:set package 'apriltag_msgs' build argument 'cmake_clean_cache' from command line to 'False'
[0.269s] Level 5:colcon.colcon_core.verb:set package 'apriltag_msgs' build argument 'cmake_clean_first' from command line to 'False'
[0.269s] Level 5:colcon.colcon_core.verb:set package 'apriltag_msgs' build argument 'cmake_force_configure' from command line to 'False'
[0.269s] Level 5:colcon.colcon_core.verb:set package 'apriltag_msgs' build argument 'ament_cmake_args' from command line to 'None'
[0.269s] Level 5:colcon.colcon_core.verb:set package 'apriltag_msgs' build argument 'catkin_cmake_args' from command line to 'None'
[0.269s] Level 5:colcon.colcon_core.verb:set package 'apriltag_msgs' build argument 'catkin_skip_building_tests' from command line to 'False'
[0.269s] DEBUG:colcon.colcon_core.verb:Building package 'apriltag_msgs' with the following arguments: {'ament_cmake_args': None, 'build_base': '/home/rss/robot_harry/robotik/build/apriltag_msgs', 'catkin_cmake_args': None, 'catkin_skip_building_tests': False, 'cmake_args': None, 'cmake_clean_cache': False, 'cmake_clean_first': False, 'cmake_force_configure': False, 'cmake_target': None, 'cmake_target_skip_unavailable': False, 'install_base': '/home/rss/robot_harry/robotik/install/apriltag_msgs', 'merge_install': False, 'path': '/home/rss/robot_harry/robotik/src/apriltag_msgs', 'symlink_install': False, 'test_result_base': None}
[0.269s] Level 5:colcon.colcon_core.verb:set package 'create3_examples_msgs' build argument 'cmake_args' from command line to 'None'
[0.269s] Level 5:colcon.colcon_core.verb:set package 'create3_examples_msgs' build argument 'cmake_target' from command line to 'None'
[0.269s] Level 5:colcon.colcon_core.verb:set package 'create3_examples_msgs' build argument 'cmake_target_skip_unavailable' from command line to 'False'
[0.269s] Level 5:colcon.colcon_core.verb:set package 'create3_examples_msgs' build argument 'cmake_clean_cache' from command line to 'False'
[0.269s] Level 5:colcon.colcon_core.verb:set package 'create3_examples_msgs' build argument 'cmake_clean_first' from command line to 'False'
[0.269s] Level 5:colcon.colcon_core.verb:set package 'create3_examples_msgs' build argument 'cmake_force_configure' from command line to 'False'
[0.269s] Level 5:colcon.colcon_core.verb:set package 'create3_examples_msgs' build argument 'ament_cmake_args' from command line to 'None'
[0.269s] Level 5:colcon.colcon_core.verb:set package 'create3_examples_msgs' build argument 'catkin_cmake_args' from command line to 'None'
[0.269s] Level 5:colcon.colcon_core.verb:set package 'create3_examples_msgs' build argument 'catkin_skip_building_tests' from command line to 'False'
[0.269s] DEBUG:colcon.colcon_core.verb:Building package 'create3_examples_msgs' with the following arguments: {'ament_cmake_args': None, 'build_base': '/home/rss/robot_harry/robotik/build/create3_examples_msgs', 'catkin_cmake_args': None, 'catkin_skip_building_tests': False, 'cmake_args': None, 'cmake_clean_cache': False, 'cmake_clean_first': False, 'cmake_force_configure': False, 'cmake_target': None, 'cmake_target_skip_unavailable': False, 'install_base': '/home/rss/robot_harry/robotik/install/create3_examples_msgs', 'merge_install': False, 'path': '/home/rss/robot_harry/robotik/src/create3_examples/create3_examples_msgs', 'symlink_install': False, 'test_result_base': None}
[0.269s] Level 5:colcon.colcon_core.verb:set package 'create3_examples_py' build argument 'cmake_args' from command line to 'None'
[0.269s] Level 5:colcon.colcon_core.verb:set package 'create3_examples_py' build argument 'cmake_target' from command line to 'None'
[0.269s] Level 5:colcon.colcon_core.verb:set package 'create3_examples_py' build argument 'cmake_target_skip_unavailable' from command line to 'False'
[0.269s] Level 5:colcon.colcon_core.verb:set package 'create3_examples_py' build argument 'cmake_clean_cache' from command line to 'False'
[0.269s] Level 5:colcon.colcon_core.verb:set package 'create3_examples_py' build argument 'cmake_clean_first' from command line to 'False'
[0.269s] Level 5:colcon.colcon_core.verb:set package 'create3_examples_py' build argument 'cmake_force_configure' from command line to 'False'
[0.270s] Level 5:colcon.colcon_core.verb:set package 'create3_examples_py' build argument 'ament_cmake_args' from command line to 'None'
[0.270s] Level 5:colcon.colcon_core.verb:set package 'create3_examples_py' build argument 'catkin_cmake_args' from command line to 'None'
[0.270s] Level 5:colcon.colcon_core.verb:set package 'create3_examples_py' build argument 'catkin_skip_building_tests' from command line to 'False'
[0.270s] DEBUG:colcon.colcon_core.verb:Building package 'create3_examples_py' with the following arguments: {'ament_cmake_args': None, 'build_base': '/home/rss/robot_harry/robotik/build/create3_examples_py', 'catkin_cmake_args': None, 'catkin_skip_building_tests': False, 'cmake_args': None, 'cmake_clean_cache': False, 'cmake_clean_first': False, 'cmake_force_configure': False, 'cmake_target': None, 'cmake_target_skip_unavailable': False, 'install_base': '/home/rss/robot_harry/robotik/install/create3_examples_py', 'merge_install': False, 'path': '/home/rss/robot_harry/robotik/src/create3_examples/create3_examples_py', 'symlink_install': False, 'test_result_base': None}
[0.270s] Level 5:colcon.colcon_core.verb:set package 'create3_republisher' build argument 'cmake_args' from command line to 'None'
[0.270s] Level 5:colcon.colcon_core.verb:set package 'create3_republisher' build argument 'cmake_target' from command line to 'None'
[0.270s] Level 5:colcon.colcon_core.verb:set package 'create3_republisher' build argument 'cmake_target_skip_unavailable' from command line to 'False'
[0.270s] Level 5:colcon.colcon_core.verb:set package 'create3_republisher' build argument 'cmake_clean_cache' from command line to 'False'
[0.270s] Level 5:colcon.colcon_core.verb:set package 'create3_republisher' build argument 'cmake_clean_first' from command line to 'False'
[0.270s] Level 5:colcon.colcon_core.verb:set package 'create3_republisher' build argument 'cmake_force_configure' from command line to 'False'
[0.270s] Level 5:colcon.colcon_core.verb:set package 'create3_republisher' build argument 'ament_cmake_args' from command line to 'None'
[0.270s] Level 5:colcon.colcon_core.verb:set package 'create3_republisher' build argument 'catkin_cmake_args' from command line to 'None'
[0.270s] Level 5:colcon.colcon_core.verb:set package 'create3_republisher' build argument 'catkin_skip_building_tests' from command line to 'False'
[0.270s] DEBUG:colcon.colcon_core.verb:Building package 'create3_republisher' with the following arguments: {'ament_cmake_args': None, 'build_base': '/home/rss/robot_harry/robotik/build/create3_republisher', 'catkin_cmake_args': None, 'catkin_skip_building_tests': False, 'cmake_args': None, 'cmake_clean_cache': False, 'cmake_clean_first': False, 'cmake_force_configure': False, 'cmake_target': None, 'cmake_target_skip_unavailable': False, 'install_base': '/home/rss/robot_harry/robotik/install/create3_republisher', 'merge_install': False, 'path': '/home/rss/robot_harry/robotik/src/create3_examples/create3_republisher', 'symlink_install': False, 'test_result_base': None}
[0.270s] Level 5:colcon.colcon_core.verb:set package 'create3_teleop' build argument 'cmake_args' from command line to 'None'
[0.270s] Level 5:colcon.colcon_core.verb:set package 'create3_teleop' build argument 'cmake_target' from command line to 'None'
[0.270s] Level 5:colcon.colcon_core.verb:set package 'create3_teleop' build argument 'cmake_target_skip_unavailable' from command line to 'False'
[0.270s] Level 5:colcon.colcon_core.verb:set package 'create3_teleop' build argument 'cmake_clean_cache' from command line to 'False'
[0.270s] Level 5:colcon.colcon_core.verb:set package 'create3_teleop' build argument 'cmake_clean_first' from command line to 'False'
[0.270s] Level 5:colcon.colcon_core.verb:set package 'create3_teleop' build argument 'cmake_force_configure' from command line to 'False'
[0.270s] Level 5:colcon.colcon_core.verb:set package 'create3_teleop' build argument 'ament_cmake_args' from command line to 'None'
[0.270s] Level 5:colcon.colcon_core.verb:set package 'create3_teleop' build argument 'catkin_cmake_args' from command line to 'None'
[0.270s] Level 5:colcon.colcon_core.verb:set package 'create3_teleop' build argument 'catkin_skip_building_tests' from command line to 'False'
[0.270s] DEBUG:colcon.colcon_core.verb:Building package 'create3_teleop' with the following arguments: {'ament_cmake_args': None, 'build_base': '/home/rss/robot_harry/robotik/build/create3_teleop', 'catkin_cmake_args': None, 'catkin_skip_building_tests': False, 'cmake_args': None, 'cmake_clean_cache': False, 'cmake_clean_first': False, 'cmake_force_configure': False, 'cmake_target': None, 'cmake_target_skip_unavailable': False, 'install_base': '/home/rss/robot_harry/robotik/install/create3_teleop', 'merge_install': False, 'path': '/home/rss/robot_harry/robotik/src/create3_examples/create3_teleop', 'symlink_install': False, 'test_result_base': None}
[0.270s] Level 5:colcon.colcon_core.verb:set package 'my_robot_navigation' build argument 'cmake_args' from command line to 'None'
[0.270s] Level 5:colcon.colcon_core.verb:set package 'my_robot_navigation' build argument 'cmake_target' from command line to 'None'
[0.270s] Level 5:colcon.colcon_core.verb:set package 'my_robot_navigation' build argument 'cmake_target_skip_unavailable' from command line to 'False'
[0.270s] Level 5:colcon.colcon_core.verb:set package 'my_robot_navigation' build argument 'cmake_clean_cache' from command line to 'False'
[0.270s] Level 5:colcon.colcon_core.verb:set package 'my_robot_navigation' build argument 'cmake_clean_first' from command line to 'False'
[0.271s] Level 5:colcon.colcon_core.verb:set package 'my_robot_navigation' build argument 'cmake_force_configure' from command line to 'False'
[0.271s] Level 5:colcon.colcon_core.verb:set package 'my_robot_navigation' build argument 'ament_cmake_args' from command line to 'None'
[0.271s] Level 5:colcon.colcon_core.verb:set package 'my_robot_navigation' build argument 'catkin_cmake_args' from command line to 'None'
[0.271s] Level 5:colcon.colcon_core.verb:set package 'my_robot_navigation' build argument 'catkin_skip_building_tests' from command line to 'False'
[0.271s] DEBUG:colcon.colcon_core.verb:Building package 'my_robot_navigation' with the following arguments: {'ament_cmake_args': None, 'build_base': '/home/rss/robot_harry/robotik/build/my_robot_navigation', 'catkin_cmake_args': None, 'catkin_skip_building_tests': False, 'cmake_args': None, 'cmake_clean_cache': False, 'cmake_clean_first': False, 'cmake_force_configure': False, 'cmake_target': None, 'cmake_target_skip_unavailable': False, 'install_base': '/home/rss/robot_harry/robotik/install/my_robot_navigation', 'merge_install': False, 'path': '/home/rss/robot_harry/robotik/src/my_robot_navigation', 'symlink_install': False, 'test_result_base': None}
[0.271s] Level 5:colcon.colcon_core.verb:set package 'my_robot_slam' build argument 'cmake_args' from command line to 'None'
[0.271s] Level 5:colcon.colcon_core.verb:set package 'my_robot_slam' build argument 'cmake_target' from command line to 'None'
[0.271s] Level 5:colcon.colcon_core.verb:set package 'my_robot_slam' build argument 'cmake_target_skip_unavailable' from command line to 'False'
[0.271s] Level 5:colcon.colcon_core.verb:set package 'my_robot_slam' build argument 'cmake_clean_cache' from command line to 'False'
[0.271s] Level 5:colcon.colcon_core.verb:set package 'my_robot_slam' build argument 'cmake_clean_first' from command line to 'False'
[0.271s] Level 5:colcon.colcon_core.verb:set package 'my_robot_slam' build argument 'cmake_force_configure' from command line to 'False'
[0.271s] Level 5:colcon.colcon_core.verb:set package 'my_robot_slam' build argument 'ament_cmake_args' from command line to 'None'
[0.271s] Level 5:colcon.colcon_core.verb:set package 'my_robot_slam' build argument 'catkin_cmake_args' from command line to 'None'
[0.271s] Level 5:colcon.colcon_core.verb:set package 'my_robot_slam' build argument 'catkin_skip_building_tests' from command line to 'False'
[0.271s] DEBUG:colcon.colcon_core.verb:Building package 'my_robot_slam' with the following arguments: {'ament_cmake_args': None, 'build_base': '/home/rss/robot_harry/robotik/build/my_robot_slam', 'catkin_cmake_args': None, 'catkin_skip_building_tests': False, 'cmake_args': None, 'cmake_clean_cache': False, 'cmake_clean_first': False, 'cmake_force_configure': False, 'cmake_target': None, 'cmake_target_skip_unavailable': False, 'install_base': '/home/rss/robot_harry/robotik/install/my_robot_slam', 'merge_install': False, 'path': '/home/rss/robot_harry/robotik/src/my_robot_slam', 'symlink_install': False, 'test_result_base': None}
[0.271s] Level 5:colcon.colcon_core.verb:set package 'object_detection' build argument 'cmake_args' from command line to 'None'
[0.271s] Level 5:colcon.colcon_core.verb:set package 'object_detection' build argument 'cmake_target' from command line to 'None'
[0.271s] Level 5:colcon.colcon_core.verb:set package 'object_detection' build argument 'cmake_target_skip_unavailable' from command line to 'False'
[0.271s] Level 5:colcon.colcon_core.verb:set package 'object_detection' build argument 'cmake_clean_cache' from command line to 'False'
[0.271s] Level 5:colcon.colcon_core.verb:set package 'object_detection' build argument 'cmake_clean_first' from command line to 'False'
[0.271s] Level 5:colcon.colcon_core.verb:set package 'object_detection' build argument 'cmake_force_configure' from command line to 'False'
[0.271s] Level 5:colcon.colcon_core.verb:set package 'object_detection' build argument 'ament_cmake_args' from command line to 'None'
[0.271s] Level 5:colcon.colcon_core.verb:set package 'object_detection' build argument 'catkin_cmake_args' from command line to 'None'
[0.271s] Level 5:colcon.colcon_core.verb:set package 'object_detection' build argument 'catkin_skip_building_tests' from command line to 'False'
[0.271s] DEBUG:colcon.colcon_core.verb:Building package 'object_detection' with the following arguments: {'ament_cmake_args': None, 'build_base': '/home/rss/robot_harry/robotik/build/object_detection', 'catkin_cmake_args': None, 'catkin_skip_building_tests': False, 'cmake_args': None, 'cmake_clean_cache': False, 'cmake_clean_first': False, 'cmake_force_configure': False, 'cmake_target': None, 'cmake_target_skip_unavailable': False, 'install_base': '/home/rss/robot_harry/robotik/install/object_detection', 'merge_install': False, 'path': '/home/rss/robot_harry/robotik/src/object_detection', 'symlink_install': False, 'test_result_base': None}
[0.271s] Level 5:colcon.colcon_core.verb:set package 'pub_sub' build argument 'cmake_args' from command line to 'None'
[0.271s] Level 5:colcon.colcon_core.verb:set package 'pub_sub' build argument 'cmake_target' from command line to 'None'
[0.271s] Level 5:colcon.colcon_core.verb:set package 'pub_sub' build argument 'cmake_target_skip_unavailable' from command line to 'False'
[0.271s] Level 5:colcon.colcon_core.verb:set package 'pub_sub' build argument 'cmake_clean_cache' from command line to 'False'
[0.271s] Level 5:colcon.colcon_core.verb:set package 'pub_sub' build argument 'cmake_clean_first' from command line to 'False'
[0.271s] Level 5:colcon.colcon_core.verb:set package 'pub_sub' build argument 'cmake_force_configure' from command line to 'False'
[0.271s] Level 5:colcon.colcon_core.verb:set package 'pub_sub' build argument 'ament_cmake_args' from command line to 'None'
[0.272s] Level 5:colcon.colcon_core.verb:set package 'pub_sub' build argument 'catkin_cmake_args' from command line to 'None'
[0.272s] Level 5:colcon.colcon_core.verb:set package 'pub_sub' build argument 'catkin_skip_building_tests' from command line to 'False'
[0.272s] DEBUG:colcon.colcon_core.verb:Building package 'pub_sub' with the following arguments: {'ament_cmake_args': None, 'build_base': '/home/rss/robot_harry/robotik/build/pub_sub', 'catkin_cmake_args': None, 'catkin_skip_building_tests': False, 'cmake_args': None, 'cmake_clean_cache': False, 'cmake_clean_first': False, 'cmake_force_configure': False, 'cmake_target': None, 'cmake_target_skip_unavailable': False, 'install_base': '/home/rss/robot_harry/robotik/install/pub_sub', 'merge_install': False, 'path': '/home/rss/robot_harry/robotik/src/pub_sub', 'symlink_install': False, 'test_result_base': None}
[0.272s] Level 5:colcon.colcon_core.verb:set package 'robot_bringup' build argument 'cmake_args' from command line to 'None'
[0.272s] Level 5:colcon.colcon_core.verb:set package 'robot_bringup' build argument 'cmake_target' from command line to 'None'
[0.272s] Level 5:colcon.colcon_core.verb:set package 'robot_bringup' build argument 'cmake_target_skip_unavailable' from command line to 'False'
[0.272s] Level 5:colcon.colcon_core.verb:set package 'robot_bringup' build argument 'cmake_clean_cache' from command line to 'False'
[0.272s] Level 5:colcon.colcon_core.verb:set package 'robot_bringup' build argument 'cmake_clean_first' from command line to 'False'
[0.272s] Level 5:colcon.colcon_core.verb:set package 'robot_bringup' build argument 'cmake_force_configure' from command line to 'False'
[0.272s] Level 5:colcon.colcon_core.verb:set package 'robot_bringup' build argument 'ament_cmake_args' from command line to 'None'
[0.272s] Level 5:colcon.colcon_core.verb:set package 'robot_bringup' build argument 'catkin_cmake_args' from command line to 'None'
[0.272s] Level 5:colcon.colcon_core.verb:set package 'robot_bringup' build argument 'catkin_skip_building_tests' from command line to 'False'
[0.272s] DEBUG:colcon.colcon_core.verb:Building package 'robot_bringup' with the following arguments: {'ament_cmake_args': None, 'build_base': '/home/rss/robot_harry/robotik/build/robot_bringup', 'catkin_cmake_args': None, 'catkin_skip_building_tests': False, 'cmake_args': None, 'cmake_clean_cache': False, 'cmake_clean_first': False, 'cmake_force_configure': False, 'cmake_target': None, 'cmake_target_skip_unavailable': False, 'install_base': '/home/rss/robot_harry/robotik/install/robot_bringup', 'merge_install': False, 'path': '/home/rss/robot_harry/robotik/src/robot_bringup', 'symlink_install': False, 'test_result_base': None}
[0.272s] Level 5:colcon.colcon_core.verb:set package 'rplidar_ros' build argument 'cmake_args' from command line to 'None'
[0.272s] Level 5:colcon.colcon_core.verb:set package 'rplidar_ros' build argument 'cmake_target' from command line to 'None'
[0.272s] Level 5:colcon.colcon_core.verb:set package 'rplidar_ros' build argument 'cmake_target_skip_unavailable' from command line to 'False'
[0.272s] Level 5:colcon.colcon_core.verb:set package 'rplidar_ros' build argument 'cmake_clean_cache' from command line to 'False'
[0.272s] Level 5:colcon.colcon_core.verb:set package 'rplidar_ros' build argument 'cmake_clean_first' from command line to 'False'
[0.272s] Level 5:colcon.colcon_core.verb:set package 'rplidar_ros' build argument 'cmake_force_configure' from command line to 'False'
[0.272s] Level 5:colcon.colcon_core.verb:set package 'rplidar_ros' build argument 'ament_cmake_args' from command line to 'None'
[0.272s] Level 5:colcon.colcon_core.verb:set package 'rplidar_ros' build argument 'catkin_cmake_args' from command line to 'None'
[0.272s] Level 5:colcon.colcon_core.verb:set package 'rplidar_ros' build argument 'catkin_skip_building_tests' from command line to 'False'
[0.272s] DEBUG:colcon.colcon_core.verb:Building package 'rplidar_ros' with the following arguments: {'ament_cmake_args': None, 'build_base': '/home/rss/robot_harry/robotik/build/rplidar_ros', 'catkin_cmake_args': None, 'catkin_skip_building_tests': False, 'cmake_args': None, 'cmake_clean_cache': False, 'cmake_clean_first': False, 'cmake_force_configure': False, 'cmake_target': None, 'cmake_target_skip_unavailable': False, 'install_base': '/home/rss/robot_harry/robotik/install/rplidar_ros', 'merge_install': False, 'path': '/home/rss/robot_harry/robotik/src/rplidar-ros', 'symlink_install': False, 'test_result_base': None}
[0.272s] Level 5:colcon.colcon_core.verb:set package 'tag_detection' build argument 'cmake_args' from command line to 'None'
[0.272s] Level 5:colcon.colcon_core.verb:set package 'tag_detection' build argument 'cmake_target' from command line to 'None'
[0.272s] Level 5:colcon.colcon_core.verb:set package 'tag_detection' build argument 'cmake_target_skip_unavailable' from command line to 'False'
[0.272s] Level 5:colcon.colcon_core.verb:set package 'tag_detection' build argument 'cmake_clean_cache' from command line to 'False'
[0.272s] Level 5:colcon.colcon_core.verb:set package 'tag_detection' build argument 'cmake_clean_first' from command line to 'False'
[0.272s] Level 5:colcon.colcon_core.verb:set package 'tag_detection' build argument 'cmake_force_configure' from command line to 'False'
[0.272s] Level 5:colcon.colcon_core.verb:set package 'tag_detection' build argument 'ament_cmake_args' from command line to 'None'
[0.273s] Level 5:colcon.colcon_core.verb:set package 'tag_detection' build argument 'catkin_cmake_args' from command line to 'None'
[0.273s] Level 5:colcon.colcon_core.verb:set package 'tag_detection' build argument 'catkin_skip_building_tests' from command line to 'False'
[0.273s] DEBUG:colcon.colcon_core.verb:Building package 'tag_detection' with the following arguments: {'ament_cmake_args': None, 'build_base': '/home/rss/robot_harry/robotik/build/tag_detection', 'catkin_cmake_args': None, 'catkin_skip_building_tests': False, 'cmake_args': None, 'cmake_clean_cache': False, 'cmake_clean_first': False, 'cmake_force_configure': False, 'cmake_target': None, 'cmake_target_skip_unavailable': False, 'install_base': '/home/rss/robot_harry/robotik/install/tag_detection', 'merge_install': False, 'path': '/home/rss/robot_harry/robotik/src/tag_detection', 'symlink_install': False, 'test_result_base': None}
[0.273s] Level 5:colcon.colcon_core.verb:set package 'teleop' build argument 'cmake_args' from command line to 'None'
[0.273s] Level 5:colcon.colcon_core.verb:set package 'teleop' build argument 'cmake_target' from command line to 'None'
[0.273s] Level 5:colcon.colcon_core.verb:set package 'teleop' build argument 'cmake_target_skip_unavailable' from command line to 'False'
[0.273s] Level 5:colcon.colcon_core.verb:set package 'teleop' build argument 'cmake_clean_cache' from command line to 'False'
[0.273s] Level 5:colcon.colcon_core.verb:set package 'teleop' build argument 'cmake_clean_first' from command line to 'False'
[0.273s] Level 5:colcon.colcon_core.verb:set package 'teleop' build argument 'cmake_force_configure' from command line to 'False'
[0.273s] Level 5:colcon.colcon_core.verb:set package 'teleop' build argument 'ament_cmake_args' from command line to 'None'
[0.273s] Level 5:colcon.colcon_core.verb:set package 'teleop' build argument 'catkin_cmake_args' from command line to 'None'
[0.273s] Level 5:colcon.colcon_core.verb:set package 'teleop' build argument 'catkin_skip_building_tests' from command line to 'False'
[0.273s] DEBUG:colcon.colcon_core.verb:Building package 'teleop' with the following arguments: {'ament_cmake_args': None, 'build_base': '/home/rss/robot_harry/robotik/build/teleop', 'catkin_cmake_args': None, 'catkin_skip_building_tests': False, 'cmake_args': None, 'cmake_clean_cache': False, 'cmake_clean_first': False, 'cmake_force_configure': False, 'cmake_target': None, 'cmake_target_skip_unavailable': False, 'install_base': '/home/rss/robot_harry/robotik/install/teleop', 'merge_install': False, 'path': '/home/rss/robot_harry/robotik/src/teleop', 'symlink_install': False, 'test_result_base': None}
[0.273s] Level 5:colcon.colcon_core.verb:set package 'webcam_bringup' build argument 'cmake_args' from command line to 'None'
[0.273s] Level 5:colcon.colcon_core.verb:set package 'webcam_bringup' build argument 'cmake_target' from command line to 'None'
[0.273s] Level 5:colcon.colcon_core.verb:set package 'webcam_bringup' build argument 'cmake_target_skip_unavailable' from command line to 'False'
[0.273s] Level 5:colcon.colcon_core.verb:set package 'webcam_bringup' build argument 'cmake_clean_cache' from command line to 'False'
[0.273s] Level 5:colcon.colcon_core.verb:set package 'webcam_bringup' build argument 'cmake_clean_first' from command line to 'False'
[0.273s] Level 5:colcon.colcon_core.verb:set package 'webcam_bringup' build argument 'cmake_force_configure' from command line to 'False'
[0.273s] Level 5:colcon.colcon_core.verb:set package 'webcam_bringup' build argument 'ament_cmake_args' from command line to 'None'
[0.273s] Level 5:colcon.colcon_core.verb:set package 'webcam_bringup' build argument 'catkin_cmake_args' from command line to 'None'
[0.273s] Level 5:colcon.colcon_core.verb:set package 'webcam_bringup' build argument 'catkin_skip_building_tests' from command line to 'False'
[0.273s] DEBUG:colcon.colcon_core.verb:Building package 'webcam_bringup' with the following arguments: {'ament_cmake_args': None, 'build_base': '/home/rss/robot_harry/robotik/build/webcam_bringup', 'catkin_cmake_args': None, 'catkin_skip_building_tests': False, 'cmake_args': None, 'cmake_clean_cache': False, 'cmake_clean_first': False, 'cmake_force_configure': False, 'cmake_target': None, 'cmake_target_skip_unavailable': False, 'install_base': '/home/rss/robot_harry/robotik/install/webcam_bringup', 'merge_install': False, 'path': '/home/rss/robot_harry/robotik/src/webcam_bringup', 'symlink_install': False, 'test_result_base': None}
[0.274s] Level 5:colcon.colcon_core.verb:set package 'apriltag_ros' build argument 'cmake_args' from command line to 'None'
[0.274s] Level 5:colcon.colcon_core.verb:set package 'apriltag_ros' build argument 'cmake_target' from command line to 'None'
[0.274s] Level 5:colcon.colcon_core.verb:set package 'apriltag_ros' build argument 'cmake_target_skip_unavailable' from command line to 'False'
[0.274s] Level 5:colcon.colcon_core.verb:set package 'apriltag_ros' build argument 'cmake_clean_cache' from command line to 'False'
[0.274s] Level 5:colcon.colcon_core.verb:set package 'apriltag_ros' build argument 'cmake_clean_first' from command line to 'False'
[0.274s] Level 5:colcon.colcon_core.verb:set package 'apriltag_ros' build argument 'cmake_force_configure' from command line to 'False'
[0.274s] Level 5:colcon.colcon_core.verb:set package 'apriltag_ros' build argument 'ament_cmake_args' from command line to 'None'
[0.274s] Level 5:colcon.colcon_core.verb:set package 'apriltag_ros' build argument 'catkin_cmake_args' from command line to 'None'
[0.274s] Level 5:colcon.colcon_core.verb:set package 'apriltag_ros' build argument 'catkin_skip_building_tests' from command line to 'False'
[0.274s] DEBUG:colcon.colcon_core.verb:Building package 'apriltag_ros' with the following arguments: {'ament_cmake_args': None, 'build_base': '/home/rss/robot_harry/robotik/build/apriltag_ros', 'catkin_cmake_args': None, 'catkin_skip_building_tests': False, 'cmake_args': None, 'cmake_clean_cache': False, 'cmake_clean_first': False, 'cmake_force_configure': False, 'cmake_target': None, 'cmake_target_skip_unavailable': False, 'install_base': '/home/rss/robot_harry/robotik/install/apriltag_ros', 'merge_install': False, 'path': '/home/rss/robot_harry/robotik/src/apriltag_ros', 'symlink_install': False, 'test_result_base': None}
[0.274s] Level 5:colcon.colcon_core.verb:set package 'create3_coverage' build argument 'cmake_args' from command line to 'None'
[0.274s] Level 5:colcon.colcon_core.verb:set package 'create3_coverage' build argument 'cmake_target' from command line to 'None'
[0.274s] Level 5:colcon.colcon_core.verb:set package 'create3_coverage' build argument 'cmake_target_skip_unavailable' from command line to 'False'
[0.274s] Level 5:colcon.colcon_core.verb:set package 'create3_coverage' build argument 'cmake_clean_cache' from command line to 'False'
[0.274s] Level 5:colcon.colcon_core.verb:set package 'create3_coverage' build argument 'cmake_clean_first' from command line to 'False'
[0.274s] Level 5:colcon.colcon_core.verb:set package 'create3_coverage' build argument 'cmake_force_configure' from command line to 'False'
[0.274s] Level 5:colcon.colcon_core.verb:set package 'create3_coverage' build argument 'ament_cmake_args' from command line to 'None'
[0.274s] Level 5:colcon.colcon_core.verb:set package 'create3_coverage' build argument 'catkin_cmake_args' from command line to 'None'
[0.274s] Level 5:colcon.colcon_core.verb:set package 'create3_coverage' build argument 'catkin_skip_building_tests' from command line to 'False'
[0.274s] DEBUG:colcon.colcon_core.verb:Building package 'create3_coverage' with the following arguments: {'ament_cmake_args': None, 'build_base': '/home/rss/robot_harry/robotik/build/create3_coverage', 'catkin_cmake_args': None, 'catkin_skip_building_tests': False, 'cmake_args': None, 'cmake_clean_cache': False, 'cmake_clean_first': False, 'cmake_force_configure': False, 'cmake_target': None, 'cmake_target_skip_unavailable': False, 'install_base': '/home/rss/robot_harry/robotik/install/create3_coverage', 'merge_install': False, 'path': '/home/rss/robot_harry/robotik/src/create3_examples/create3_coverage', 'symlink_install': False, 'test_result_base': None}
[0.274s] Level 5:colcon.colcon_core.verb:set package 'create3_lidar_slam' build argument 'cmake_args' from command line to 'None'
[0.274s] Level 5:colcon.colcon_core.verb:set package 'create3_lidar_slam' build argument 'cmake_target' from command line to 'None'
[0.274s] Level 5:colcon.colcon_core.verb:set package 'create3_lidar_slam' build argument 'cmake_target_skip_unavailable' from command line to 'False'
[0.274s] Level 5:colcon.colcon_core.verb:set package 'create3_lidar_slam' build argument 'cmake_clean_cache' from command line to 'False'
[0.274s] Level 5:colcon.colcon_core.verb:set package 'create3_lidar_slam' build argument 'cmake_clean_first' from command line to 'False'
[0.274s] Level 5:colcon.colcon_core.verb:set package 'create3_lidar_slam' build argument 'cmake_force_configure' from command line to 'False'
[0.274s] Level 5:colcon.colcon_core.verb:set package 'create3_lidar_slam' build argument 'ament_cmake_args' from command line to 'None'
[0.274s] Level 5:colcon.colcon_core.verb:set package 'create3_lidar_slam' build argument 'catkin_cmake_args' from command line to 'None'
[0.274s] Level 5:colcon.colcon_core.verb:set package 'create3_lidar_slam' build argument 'catkin_skip_building_tests' from command line to 'False'
[0.274s] DEBUG:colcon.colcon_core.verb:Building package 'create3_lidar_slam' with the following arguments: {'ament_cmake_args': None, 'build_base': '/home/rss/robot_harry/robotik/build/create3_lidar_slam', 'catkin_cmake_args': None, 'catkin_skip_building_tests': False, 'cmake_args': None, 'cmake_clean_cache': False, 'cmake_clean_first': False, 'cmake_force_configure': False, 'cmake_target': None, 'cmake_target_skip_unavailable': False, 'install_base': '/home/rss/robot_harry/robotik/install/create3_lidar_slam', 'merge_install': False, 'path': '/home/rss/robot_harry/robotik/src/create3_examples/create3_lidar_slam', 'symlink_install': False, 'test_result_base': None}
[0.274s] INFO:colcon.colcon_core.executor:Executing jobs using 'parallel' executor
[0.275s] DEBUG:colcon.colcon_parallel_executor.executor.parallel:run_until_complete
[0.276s] INFO:colcon.colcon_ros.task.ament_cmake.build:Building ROS package in '/home/rss/robot_harry/robotik/src/apriltag_msgs' with build type 'ament_cmake'
[0.276s] INFO:colcon.colcon_cmake.task.cmake.build:Building CMake package in '/home/rss/robot_harry/robotik/src/apriltag_msgs'
[0.277s] INFO:colcon.colcon_core.plugin_system:Skipping extension 'colcon_core.shell.bat': Not used on non-Windows systems
[0.277s] INFO:colcon.colcon_core.shell:Skip shell extension 'powershell' for command environment: Not usable outside of PowerShell
[0.277s] DEBUG:colcon.colcon_core.shell:Skip shell extension 'dsv' for command environment
[0.280s] INFO:colcon.colcon_ros.task.ament_cmake.build:Building ROS package in '/home/rss/robot_harry/robotik/src/create3_examples/create3_examples_msgs' with build type 'ament_cmake'
[0.280s] INFO:colcon.colcon_cmake.task.cmake.build:Building CMake package in '/home/rss/robot_harry/robotik/src/create3_examples/create3_examples_msgs'
[0.280s] INFO:colcon.colcon_core.shell:Skip shell extension 'powershell' for command environment: Not usable outside of PowerShell
[0.280s] DEBUG:colcon.colcon_core.shell:Skip shell extension 'dsv' for command environment
[0.283s] INFO:colcon.colcon_ros.task.ament_cmake.build:Building ROS package in '/home/rss/robot_harry/robotik/src/rplidar-ros' with build type 'ament_cmake'
[0.283s] INFO:colcon.colcon_cmake.task.cmake.build:Building CMake package in '/home/rss/robot_harry/robotik/src/rplidar-ros'
[0.283s] INFO:colcon.colcon_core.shell:Skip shell extension 'powershell' for command environment: Not usable outside of PowerShell
[0.283s] DEBUG:colcon.colcon_core.shell:Skip shell extension 'dsv' for command environment
[0.286s] INFO:colcon.colcon_ros.task.ament_python.build:Building ROS package in '/home/rss/robot_harry/robotik/src/create3_examples/create3_examples_py' with build type 'ament_python'
[0.286s] Level 1:colcon.colcon_core.shell:create_environment_hook('create3_examples_py', 'ament_prefix_path')
[0.286s] INFO:colcon.colcon_core.shell:Creating environment hook '/home/rss/robot_harry/robotik/install/create3_examples_py/share/create3_examples_py/hook/ament_prefix_path.ps1'
[0.287s] INFO:colcon.colcon_core.shell:Creating environment descriptor '/home/rss/robot_harry/robotik/install/create3_examples_py/share/create3_examples_py/hook/ament_prefix_path.dsv'
[0.287s] INFO:colcon.colcon_core.shell:Creating environment hook '/home/rss/robot_harry/robotik/install/create3_examples_py/share/create3_examples_py/hook/ament_prefix_path.sh'
[0.288s] INFO:colcon.colcon_core.shell:Skip shell extension 'powershell' for command environment: Not usable outside of PowerShell
[0.288s] DEBUG:colcon.colcon_core.shell:Skip shell extension 'dsv' for command environment
[0.290s] INFO:colcon.colcon_ros.task.ament_cmake.build:Building ROS package in '/home/rss/robot_harry/robotik/src/create3_examples/create3_republisher' with build type 'ament_cmake'
[0.290s] INFO:colcon.colcon_cmake.task.cmake.build:Building CMake package in '/home/rss/robot_harry/robotik/src/create3_examples/create3_republisher'
[0.290s] INFO:colcon.colcon_core.shell:Skip shell extension 'powershell' for command environment: Not usable outside of PowerShell
[0.290s] DEBUG:colcon.colcon_core.shell:Skip shell extension 'dsv' for command environment
[0.293s] INFO:colcon.colcon_ros.task.ament_python.build:Building ROS package in '/home/rss/robot_harry/robotik/src/create3_examples/create3_teleop' with build type 'ament_python'
[0.294s] Level 1:colcon.colcon_core.shell:create_environment_hook('create3_teleop', 'ament_prefix_path')
[0.294s] INFO:colcon.colcon_core.shell:Creating environment hook '/home/rss/robot_harry/robotik/install/create3_teleop/share/create3_teleop/hook/ament_prefix_path.ps1'
[0.294s] INFO:colcon.colcon_core.shell:Creating environment descriptor '/home/rss/robot_harry/robotik/install/create3_teleop/share/create3_teleop/hook/ament_prefix_path.dsv'
[0.294s] INFO:colcon.colcon_core.shell:Creating environment hook '/home/rss/robot_harry/robotik/install/create3_teleop/share/create3_teleop/hook/ament_prefix_path.sh'
[0.295s] INFO:colcon.colcon_core.shell:Skip shell extension 'powershell' for command environment: Not usable outside of PowerShell
[0.295s] DEBUG:colcon.colcon_core.shell:Skip shell extension 'dsv' for command environment
[0.297s] INFO:colcon.colcon_ros.task.ament_python.build:Building ROS package in '/home/rss/robot_harry/robotik/src/my_robot_navigation' with build type 'ament_python'
[0.297s] Level 1:colcon.colcon_core.shell:create_environment_hook('my_robot_navigation', 'ament_prefix_path')
[0.297s] INFO:colcon.colcon_core.shell:Creating environment hook '/home/rss/robot_harry/robotik/install/my_robot_navigation/share/my_robot_navigation/hook/ament_prefix_path.ps1'
[0.297s] INFO:colcon.colcon_core.shell:Creating environment descriptor '/home/rss/robot_harry/robotik/install/my_robot_navigation/share/my_robot_navigation/hook/ament_prefix_path.dsv'
[0.298s] INFO:colcon.colcon_core.shell:Creating environment hook '/home/rss/robot_harry/robotik/install/my_robot_navigation/share/my_robot_navigation/hook/ament_prefix_path.sh'
[0.298s] INFO:colcon.colcon_core.shell:Skip shell extension 'powershell' for command environment: Not usable outside of PowerShell
[0.298s] DEBUG:colcon.colcon_core.shell:Skip shell extension 'dsv' for command environment
[0.300s] INFO:colcon.colcon_ros.task.ament_cmake.build:Building ROS package in '/home/rss/robot_harry/robotik/src/my_robot_slam' with build type 'ament_cmake'
[0.301s] INFO:colcon.colcon_cmake.task.cmake.build:Building CMake package in '/home/rss/robot_harry/robotik/src/my_robot_slam'
[0.301s] INFO:colcon.colcon_core.shell:Skip shell extension 'powershell' for command environment: Not usable outside of PowerShell
[0.301s] DEBUG:colcon.colcon_core.shell:Skip shell extension 'dsv' for command environment
[0.307s] DEBUG:colcon.colcon_core.event_handler.log_command:Invoking command in '/home/rss/robot_harry/robotik/build/apriltag_msgs': CMAKE_PREFIX_PATH=${CMAKE_PREFIX_PATH}:/home/rss/robot_harry/robotik/install/tag_detection:/home/rss/robot_harry/robotik/install/webcam_bringup:/home/rss/robot_harry/robotik/install/teleop:/home/rss/robot_harry/robotik/install/robot_bringup:/home/rss/robot_harry/robotik/install/pub_sub:/home/rss/robot_harry/robotik/install/object_detection:/home/rss/robot_harry/robotik/install/my_robot_navigation:/home/rss/robot_harry/robotik/install/create3_teleop:/home/rss/robot_harry/robotik/install/create3_examples_py:/opt/ros/humble /usr/bin/cmake --build /home/rss/robot_harry/robotik/build/apriltag_msgs -- -j8 -l8
[0.310s] DEBUG:colcon.colcon_core.event_handler.log_command:Invoking command in '/home/rss/robot_harry/robotik/build/create3_examples_msgs': CMAKE_PREFIX_PATH=${CMAKE_PREFIX_PATH}:/home/rss/robot_harry/robotik/install/tag_detection:/home/rss/robot_harry/robotik/install/webcam_bringup:/home/rss/robot_harry/robotik/install/teleop:/home/rss/robot_harry/robotik/install/robot_bringup:/home/rss/robot_harry/robotik/install/pub_sub:/home/rss/robot_harry/robotik/install/object_detection:/home/rss/robot_harry/robotik/install/my_robot_navigation:/home/rss/robot_harry/robotik/install/create3_teleop:/home/rss/robot_harry/robotik/install/create3_examples_py:/opt/ros/humble /usr/bin/cmake --build /home/rss/robot_harry/robotik/build/create3_examples_msgs -- -j8 -l8
[0.312s] DEBUG:colcon.colcon_core.event_handler.log_command:Invoking command in '/home/rss/robot_harry/robotik/build/rplidar_ros': CMAKE_PREFIX_PATH=${CMAKE_PREFIX_PATH}:/home/rss/robot_harry/robotik/install/tag_detection:/home/rss/robot_harry/robotik/install/webcam_bringup:/home/rss/robot_harry/robotik/install/teleop:/home/rss/robot_harry/robotik/install/robot_bringup:/home/rss/robot_harry/robotik/install/pub_sub:/home/rss/robot_harry/robotik/install/object_detection:/home/rss/robot_harry/robotik/install/my_robot_navigation:/home/rss/robot_harry/robotik/install/create3_teleop:/home/rss/robot_harry/robotik/install/create3_examples_py:/opt/ros/humble /usr/bin/cmake --build /home/rss/robot_harry/robotik/build/rplidar_ros -- -j8 -l8
[0.575s] INFO:colcon.colcon_core.task.python.build:Building Python package in '/home/rss/robot_harry/robotik/src/create3_examples/create3_examples_py'
[0.575s] INFO:colcon.colcon_core.shell:Skip shell extension 'powershell' for command environment: Not usable outside of PowerShell
[0.575s] DEBUG:colcon.colcon_core.shell:Skip shell extension 'dsv' for command environment
[0.582s] DEBUG:colcon.colcon_core.event_handler.log_command:Invoking command in '/home/rss/robot_harry/robotik/build/create3_republisher': CMAKE_PREFIX_PATH=${CMAKE_PREFIX_PATH}:/home/rss/robot_harry/robotik/install/tag_detection:/home/rss/robot_harry/robotik/install/webcam_bringup:/home/rss/robot_harry/robotik/install/teleop:/home/rss/robot_harry/robotik/install/robot_bringup:/home/rss/robot_harry/robotik/install/pub_sub:/home/rss/robot_harry/robotik/install/object_detection:/home/rss/robot_harry/robotik/install/my_robot_navigation:/home/rss/robot_harry/robotik/install/create3_teleop:/home/rss/robot_harry/robotik/install/create3_examples_py:/opt/ros/humble /usr/bin/cmake --build /home/rss/robot_harry/robotik/build/create3_republisher -- -j8 -l8
[0.770s] INFO:colcon.colcon_core.task.python.build:Building Python package in '/home/rss/robot_harry/robotik/src/create3_examples/create3_teleop'
[0.770s] INFO:colcon.colcon_core.shell:Skip shell extension 'powershell' for command environment: Not usable outside of PowerShell
[0.770s] DEBUG:colcon.colcon_core.shell:Skip shell extension 'dsv' for command environment
[0.951s] INFO:colcon.colcon_core.task.python.build:Building Python package in '/home/rss/robot_harry/robotik/src/my_robot_navigation'
[0.951s] INFO:colcon.colcon_core.shell:Skip shell extension 'powershell' for command environment: Not usable outside of PowerShell
[0.951s] DEBUG:colcon.colcon_core.shell:Skip shell extension 'dsv' for command environment
[0.960s] DEBUG:colcon.colcon_core.event_handler.log_command:Invoking command in '/home/rss/robot_harry/robotik/build/my_robot_slam': CMAKE_PREFIX_PATH=${CMAKE_PREFIX_PATH}:/home/rss/robot_harry/robotik/install/tag_detection:/home/rss/robot_harry/robotik/install/webcam_bringup:/home/rss/robot_harry/robotik/install/teleop:/home/rss/robot_harry/robotik/install/robot_bringup:/home/rss/robot_harry/robotik/install/pub_sub:/home/rss/robot_harry/robotik/install/object_detection:/home/rss/robot_harry/robotik/install/my_robot_navigation:/home/rss/robot_harry/robotik/install/create3_teleop:/home/rss/robot_harry/robotik/install/create3_examples_py:/opt/ros/humble /usr/bin/cmake --build /home/rss/robot_harry/robotik/build/my_robot_slam -- -j8 -l8
[0.961s] DEBUG:colcon.colcon_core.event_handler.log_command:Invoked command in '/home/rss/robot_harry/robotik/build/rplidar_ros' returned '0': CMAKE_PREFIX_PATH=${CMAKE_PREFIX_PATH}:/home/rss/robot_harry/robotik/install/tag_detection:/home/rss/robot_harry/robotik/install/webcam_bringup:/home/rss/robot_harry/robotik/install/teleop:/home/rss/robot_harry/robotik/install/robot_bringup:/home/rss/robot_harry/robotik/install/pub_sub:/home/rss/robot_harry/robotik/install/object_detection:/home/rss/robot_harry/robotik/install/my_robot_navigation:/home/rss/robot_harry/robotik/install/create3_teleop:/home/rss/robot_harry/robotik/install/create3_examples_py:/opt/ros/humble /usr/bin/cmake --build /home/rss/robot_harry/robotik/build/rplidar_ros -- -j8 -l8
[0.969s] DEBUG:colcon.colcon_core.event_handler.log_command:Invoking command in '/home/rss/robot_harry/robotik/build/rplidar_ros': CMAKE_PREFIX_PATH=${CMAKE_PREFIX_PATH}:/home/rss/robot_harry/robotik/install/tag_detection:/home/rss/robot_harry/robotik/install/webcam_bringup:/home/rss/robot_harry/robotik/install/teleop:/home/rss/robot_harry/robotik/install/robot_bringup:/home/rss/robot_harry/robotik/install/pub_sub:/home/rss/robot_harry/robotik/install/object_detection:/home/rss/robot_harry/robotik/install/my_robot_navigation:/home/rss/robot_harry/robotik/install/create3_teleop:/home/rss/robot_harry/robotik/install/create3_examples_py:/opt/ros/humble /usr/bin/cmake --install /home/rss/robot_harry/robotik/build/rplidar_ros
[0.970s] DEBUG:colcon.colcon_core.event_handler.log_command:Invoked command in '/home/rss/robot_harry/robotik/build/create3_republisher' returned '0': CMAKE_PREFIX_PATH=${CMAKE_PREFIX_PATH}:/home/rss/robot_harry/robotik/install/tag_detection:/home/rss/robot_harry/robotik/install/webcam_bringup:/home/rss/robot_harry/robotik/install/teleop:/home/rss/robot_harry/robotik/install/robot_bringup:/home/rss/robot_harry/robotik/install/pub_sub:/home/rss/robot_harry/robotik/install/object_detection:/home/rss/robot_harry/robotik/install/my_robot_navigation:/home/rss/robot_harry/robotik/install/create3_teleop:/home/rss/robot_harry/robotik/install/create3_examples_py:/opt/ros/humble /usr/bin/cmake --build /home/rss/robot_harry/robotik/build/create3_republisher -- -j8 -l8
[0.971s] DEBUG:colcon.colcon_core.event_handler.log_command:Invoking command in '/home/rss/robot_harry/robotik/build/create3_republisher': CMAKE_PREFIX_PATH=${CMAKE_PREFIX_PATH}:/home/rss/robot_harry/robotik/install/tag_detection:/home/rss/robot_harry/robotik/install/webcam_bringup:/home/rss/robot_harry/robotik/install/teleop:/home/rss/robot_harry/robotik/install/robot_bringup:/home/rss/robot_harry/robotik/install/pub_sub:/home/rss/robot_harry/robotik/install/object_detection:/home/rss/robot_harry/robotik/install/my_robot_navigation:/home/rss/robot_harry/robotik/install/create3_teleop:/home/rss/robot_harry/robotik/install/create3_examples_py:/opt/ros/humble /usr/bin/cmake --install /home/rss/robot_harry/robotik/build/create3_republisher
[0.972s] DEBUG:colcon.colcon_core.event_handler.log_command:Invoked command in '/home/rss/robot_harry/robotik/build/apriltag_msgs' returned '0': CMAKE_PREFIX_PATH=${CMAKE_PREFIX_PATH}:/home/rss/robot_harry/robotik/install/tag_detection:/home/rss/robot_harry/robotik/install/webcam_bringup:/home/rss/robot_harry/robotik/install/teleop:/home/rss/robot_harry/robotik/install/robot_bringup:/home/rss/robot_harry/robotik/install/pub_sub:/home/rss/robot_harry/robotik/install/object_detection:/home/rss/robot_harry/robotik/install/my_robot_navigation:/home/rss/robot_harry/robotik/install/create3_teleop:/home/rss/robot_harry/robotik/install/create3_examples_py:/opt/ros/humble /usr/bin/cmake --build /home/rss/robot_harry/robotik/build/apriltag_msgs -- -j8 -l8
[0.973s] DEBUG:colcon.colcon_core.event_handler.log_command:Invoking command in '/home/rss/robot_harry/robotik/build/apriltag_msgs': CMAKE_PREFIX_PATH=${CMAKE_PREFIX_PATH}:/home/rss/robot_harry/robotik/install/tag_detection:/home/rss/robot_harry/robotik/install/webcam_bringup:/home/rss/robot_harry/robotik/install/teleop:/home/rss/robot_harry/robotik/install/robot_bringup:/home/rss/robot_harry/robotik/install/pub_sub:/home/rss/robot_harry/robotik/install/object_detection:/home/rss/robot_harry/robotik/install/my_robot_navigation:/home/rss/robot_harry/robotik/install/create3_teleop:/home/rss/robot_harry/robotik/install/create3_examples_py:/opt/ros/humble /usr/bin/cmake --install /home/rss/robot_harry/robotik/build/apriltag_msgs
[0.973s] DEBUG:colcon.colcon_core.event_handler.log_command:Invoked command in '/home/rss/robot_harry/robotik/build/create3_examples_msgs' returned '0': CMAKE_PREFIX_PATH=${CMAKE_PREFIX_PATH}:/home/rss/robot_harry/robotik/install/tag_detection:/home/rss/robot_harry/robotik/install/webcam_bringup:/home/rss/robot_harry/robotik/install/teleop:/home/rss/robot_harry/robotik/install/robot_bringup:/home/rss/robot_harry/robotik/install/pub_sub:/home/rss/robot_harry/robotik/install/object_detection:/home/rss/robot_harry/robotik/install/my_robot_navigation:/home/rss/robot_harry/robotik/install/create3_teleop:/home/rss/robot_harry/robotik/install/create3_examples_py:/opt/ros/humble /usr/bin/cmake --build /home/rss/robot_harry/robotik/build/create3_examples_msgs -- -j8 -l8
[0.975s] DEBUG:colcon.colcon_core.event_handler.log_command:Invoking command in '/home/rss/robot_harry/robotik/build/create3_examples_msgs': CMAKE_PREFIX_PATH=${CMAKE_PREFIX_PATH}:/home/rss/robot_harry/robotik/install/tag_detection:/home/rss/robot_harry/robotik/install/webcam_bringup:/home/rss/robot_harry/robotik/install/teleop:/home/rss/robot_harry/robotik/install/robot_bringup:/home/rss/robot_harry/robotik/install/pub_sub:/home/rss/robot_harry/robotik/install/object_detection:/home/rss/robot_harry/robotik/install/my_robot_navigation:/home/rss/robot_harry/robotik/install/create3_teleop:/home/rss/robot_harry/robotik/install/create3_examples_py:/opt/ros/humble /usr/bin/cmake --install /home/rss/robot_harry/robotik/build/create3_examples_msgs
[0.996s] Level 1:colcon.colcon_core.environment:create_environment_scripts_only(create3_republisher)
[1.005s] Level 1:colcon.colcon_core.environment:checking '/home/rss/robot_harry/robotik/install/create3_republisher' for CMake module files
[1.006s] Level 1:colcon.colcon_core.environment:checking '/home/rss/robot_harry/robotik/install/create3_republisher' for CMake config files
[1.006s] Level 1:colcon.colcon_core.shell:create_environment_hook('create3_republisher', 'cmake_prefix_path')
[1.006s] INFO:colcon.colcon_core.shell:Creating environment hook '/home/rss/robot_harry/robotik/install/create3_republisher/share/create3_republisher/hook/cmake_prefix_path.ps1'
[1.007s] INFO:colcon.colcon_core.shell:Creating environment descriptor '/home/rss/robot_harry/robotik/install/create3_republisher/share/create3_republisher/hook/cmake_prefix_path.dsv'
[1.007s] INFO:colcon.colcon_core.shell:Creating environment hook '/home/rss/robot_harry/robotik/install/create3_republisher/share/create3_republisher/hook/cmake_prefix_path.sh'
[1.008s] Level 1:colcon.colcon_core.environment:checking '/home/rss/robot_harry/robotik/install/create3_republisher/lib'
[1.009s] Level 1:colcon.colcon_core.environment:checking '/home/rss/robot_harry/robotik/install/create3_republisher/bin'
[1.009s] Level 1:colcon.colcon_core.environment:checking '/home/rss/robot_harry/robotik/install/create3_republisher/lib/pkgconfig/create3_republisher.pc'
[1.009s] Level 1:colcon.colcon_core.environment:checking '/home/rss/robot_harry/robotik/install/create3_republisher/lib/python3.10/site-packages'
[1.009s] Level 1:colcon.colcon_core.environment:checking '/home/rss/robot_harry/robotik/install/create3_republisher/bin'
[1.010s] INFO:colcon.colcon_core.shell:Creating package script '/home/rss/robot_harry/robotik/install/create3_republisher/share/create3_republisher/package.ps1'
[1.011s] INFO:colcon.colcon_core.shell:Creating package descriptor '/home/rss/robot_harry/robotik/install/create3_republisher/share/create3_republisher/package.dsv'
[1.013s] INFO:colcon.colcon_core.shell:Creating package script '/home/rss/robot_harry/robotik/install/create3_republisher/share/create3_republisher/package.sh'
[1.014s] INFO:colcon.colcon_core.shell:Creating package script '/home/rss/robot_harry/robotik/install/create3_republisher/share/create3_republisher/package.bash'
[1.015s] INFO:colcon.colcon_core.shell:Creating package script '/home/rss/robot_harry/robotik/install/create3_republisher/share/create3_republisher/package.zsh'
[1.015s] DEBUG:colcon.colcon_core.event_handler.log_command:Invoked command in '/home/rss/robot_harry/robotik/build/create3_republisher' returned '0': CMAKE_PREFIX_PATH=${CMAKE_PREFIX_PATH}:/home/rss/robot_harry/robotik/install/tag_detection:/home/rss/robot_harry/robotik/install/webcam_bringup:/home/rss/robot_harry/robotik/install/teleop:/home/rss/robot_harry/robotik/install/robot_bringup:/home/rss/robot_harry/robotik/install/pub_sub:/home/rss/robot_harry/robotik/install/object_detection:/home/rss/robot_harry/robotik/install/my_robot_navigation:/home/rss/robot_harry/robotik/install/create3_teleop:/home/rss/robot_harry/robotik/install/create3_examples_py:/opt/ros/humble /usr/bin/cmake --install /home/rss/robot_harry/robotik/build/create3_republisher
[1.016s] Level 1:colcon.colcon_core.environment:create_file_with_runtime_dependencies(/home/rss/robot_harry/robotik/install/create3_republisher/share/colcon-core/packages/create3_republisher)
[1.017s] Level 1:colcon.colcon_core.environment:create_environment_scripts_only(create3_republisher)
[1.017s] Level 1:colcon.colcon_core.environment:checking '/home/rss/robot_harry/robotik/install/create3_republisher' for CMake module files
[1.018s] Level 1:colcon.colcon_core.environment:checking '/home/rss/robot_harry/robotik/install/create3_republisher' for CMake config files
[1.018s] Level 1:colcon.colcon_core.shell:create_environment_hook('create3_republisher', 'cmake_prefix_path')
[1.018s] INFO:colcon.colcon_core.shell:Creating environment hook '/home/rss/robot_harry/robotik/install/create3_republisher/share/create3_republisher/hook/cmake_prefix_path.ps1'
[1.019s] INFO:colcon.colcon_core.shell:Creating environment descriptor '/home/rss/robot_harry/robotik/install/create3_republisher/share/create3_republisher/hook/cmake_prefix_path.dsv'
[1.019s] INFO:colcon.colcon_core.shell:Creating environment hook '/home/rss/robot_harry/robotik/install/create3_republisher/share/create3_republisher/hook/cmake_prefix_path.sh'
[1.020s] Level 1:colcon.colcon_core.environment:checking '/home/rss/robot_harry/robotik/install/create3_republisher/lib'
[1.020s] Level 1:colcon.colcon_core.environment:checking '/home/rss/robot_harry/robotik/install/create3_republisher/bin'
[1.020s] Level 1:colcon.colcon_core.environment:checking '/home/rss/robot_harry/robotik/install/create3_republisher/lib/pkgconfig/create3_republisher.pc'
[1.020s] Level 1:colcon.colcon_core.environment:checking '/home/rss/robot_harry/robotik/install/create3_republisher/lib/python3.10/site-packages'
[1.021s] Level 1:colcon.colcon_core.environment:checking '/home/rss/robot_harry/robotik/install/create3_republisher/bin'
[1.021s] INFO:colcon.colcon_core.shell:Creating package script '/home/rss/robot_harry/robotik/install/create3_republisher/share/create3_republisher/package.ps1'
[1.022s] INFO:colcon.colcon_core.shell:Creating package descriptor '/home/rss/robot_harry/robotik/install/create3_republisher/share/create3_republisher/package.dsv'
[1.022s] INFO:colcon.colcon_core.shell:Creating package script '/home/rss/robot_harry/robotik/install/create3_republisher/share/create3_republisher/package.sh'
[1.022s] INFO:colcon.colcon_core.shell:Creating package script '/home/rss/robot_harry/robotik/install/create3_republisher/share/create3_republisher/package.bash'
[1.023s] INFO:colcon.colcon_core.shell:Creating package script '/home/rss/robot_harry/robotik/install/create3_republisher/share/create3_republisher/package.zsh'
[1.023s] Level 1:colcon.colcon_core.environment:create_file_with_runtime_dependencies(/home/rss/robot_harry/robotik/install/create3_republisher/share/colcon-core/packages/create3_republisher)
[1.024s] INFO:colcon.colcon_ros.task.ament_python.build:Building ROS package in '/home/rss/robot_harry/robotik/src/object_detection' with build type 'ament_python'
[1.024s] Level 1:colcon.colcon_core.shell:create_environment_hook('object_detection', 'ament_prefix_path')
[1.024s] INFO:colcon.colcon_core.shell:Creating environment hook '/home/rss/robot_harry/robotik/install/object_detection/share/object_detection/hook/ament_prefix_path.ps1'
[1.025s] INFO:colcon.colcon_core.shell:Creating environment descriptor '/home/rss/robot_harry/robotik/install/object_detection/share/object_detection/hook/ament_prefix_path.dsv'
[1.025s] INFO:colcon.colcon_core.shell:Creating environment hook '/home/rss/robot_harry/robotik/install/object_detection/share/object_detection/hook/ament_prefix_path.sh'
[1.026s] INFO:colcon.colcon_core.shell:Skip shell extension 'powershell' for command environment: Not usable outside of PowerShell
[1.026s] DEBUG:colcon.colcon_core.shell:Skip shell extension 'dsv' for command environment
[1.034s] Level 1:colcon.colcon_core.environment:create_environment_scripts_only(rplidar_ros)
[1.035s] Level 1:colcon.colcon_core.environment:checking '/home/rss/robot_harry/robotik/install/rplidar_ros' for CMake module files
[1.038s] Level 1:colcon.colcon_core.environment:checking '/home/rss/robot_harry/robotik/install/rplidar_ros' for CMake config files
[1.039s] DEBUG:colcon.colcon_core.event_handler.log_command:Invoked command in '/home/rss/robot_harry/robotik/build/rplidar_ros' returned '0': CMAKE_PREFIX_PATH=${CMAKE_PREFIX_PATH}:/home/rss/robot_harry/robotik/install/tag_detection:/home/rss/robot_harry/robotik/install/webcam_bringup:/home/rss/robot_harry/robotik/install/teleop:/home/rss/robot_harry/robotik/install/robot_bringup:/home/rss/robot_harry/robotik/install/pub_sub:/home/rss/robot_harry/robotik/install/object_detection:/home/rss/robot_harry/robotik/install/my_robot_navigation:/home/rss/robot_harry/robotik/install/create3_teleop:/home/rss/robot_harry/robotik/install/create3_examples_py:/opt/ros/humble /usr/bin/cmake --install /home/rss/robot_harry/robotik/build/rplidar_ros
[1.041s] Level 1:colcon.colcon_core.shell:create_environment_hook('rplidar_ros', 'cmake_prefix_path')
[1.041s] INFO:colcon.colcon_core.shell:Creating environment hook '/home/rss/robot_harry/robotik/install/rplidar_ros/share/rplidar_ros/hook/cmake_prefix_path.ps1'
[1.041s] INFO:colcon.colcon_core.shell:Creating environment descriptor '/home/rss/robot_harry/robotik/install/rplidar_ros/share/rplidar_ros/hook/cmake_prefix_path.dsv'
[1.042s] INFO:colcon.colcon_core.shell:Creating environment hook '/home/rss/robot_harry/robotik/install/rplidar_ros/share/rplidar_ros/hook/cmake_prefix_path.sh'
[1.042s] Level 1:colcon.colcon_core.environment:checking '/home/rss/robot_harry/robotik/install/rplidar_ros/lib'
[1.042s] Level 1:colcon.colcon_core.environment:checking '/home/rss/robot_harry/robotik/install/rplidar_ros/bin'
[1.042s] Level 1:colcon.colcon_core.environment:checking '/home/rss/robot_harry/robotik/install/rplidar_ros/lib/pkgconfig/rplidar_ros.pc'
[1.042s] Level 1:colcon.colcon_core.environment:checking '/home/rss/robot_harry/robotik/install/rplidar_ros/lib/python3.10/site-packages'
[1.042s] Level 1:colcon.colcon_core.environment:checking '/home/rss/robot_harry/robotik/install/rplidar_ros/bin'
[1.043s] INFO:colcon.colcon_core.shell:Creating package script '/home/rss/robot_harry/robotik/install/rplidar_ros/share/rplidar_ros/package.ps1'
[1.043s] INFO:colcon.colcon_core.shell:Creating package descriptor '/home/rss/robot_harry/robotik/install/rplidar_ros/share/rplidar_ros/package.dsv'
[1.043s] INFO:colcon.colcon_core.shell:Creating package script '/home/rss/robot_harry/robotik/install/rplidar_ros/share/rplidar_ros/package.sh'
[1.044s] INFO:colcon.colcon_core.shell:Creating package script '/home/rss/robot_harry/robotik/install/rplidar_ros/share/rplidar_ros/package.bash'
[1.044s] INFO:colcon.colcon_core.shell:Creating package script '/home/rss/robot_harry/robotik/install/rplidar_ros/share/rplidar_ros/package.zsh'
[1.044s] Level 1:colcon.colcon_core.environment:create_file_with_runtime_dependencies(/home/rss/robot_harry/robotik/install/rplidar_ros/share/colcon-core/packages/rplidar_ros)
[1.044s] Level 1:colcon.colcon_core.environment:create_environment_scripts_only(rplidar_ros)
[1.045s] Level 1:colcon.colcon_core.environment:checking '/home/rss/robot_harry/robotik/install/rplidar_ros' for CMake module files
[1.045s] Level 1:colcon.colcon_core.environment:checking '/home/rss/robot_harry/robotik/install/rplidar_ros' for CMake config files
[1.045s] Level 1:colcon.colcon_core.shell:create_environment_hook('rplidar_ros', 'cmake_prefix_path')
[1.045s] INFO:colcon.colcon_core.shell:Creating environment hook '/home/rss/robot_harry/robotik/install/rplidar_ros/share/rplidar_ros/hook/cmake_prefix_path.ps1'
[1.045s] INFO:colcon.colcon_core.shell:Creating environment descriptor '/home/rss/robot_harry/robotik/install/rplidar_ros/share/rplidar_ros/hook/cmake_prefix_path.dsv'
[1.046s] INFO:colcon.colcon_core.shell:Creating environment hook '/home/rss/robot_harry/robotik/install/rplidar_ros/share/rplidar_ros/hook/cmake_prefix_path.sh'
[1.046s] Level 1:colcon.colcon_core.environment:checking '/home/rss/robot_harry/robotik/install/rplidar_ros/lib'
[1.046s] Level 1:colcon.colcon_core.environment:checking '/home/rss/robot_harry/robotik/install/rplidar_ros/bin'
[1.046s] Level 1:colcon.colcon_core.environment:checking '/home/rss/robot_harry/robotik/install/rplidar_ros/lib/pkgconfig/rplidar_ros.pc'
[1.046s] Level 1:colcon.colcon_core.environment:checking '/home/rss/robot_harry/robotik/install/rplidar_ros/lib/python3.10/site-packages'
[1.046s] Level 1:colcon.colcon_core.environment:checking '/home/rss/robot_harry/robotik/install/rplidar_ros/bin'
[1.047s] INFO:colcon.colcon_core.shell:Creating package script '/home/rss/robot_harry/robotik/install/rplidar_ros/share/rplidar_ros/package.ps1'
[1.047s] INFO:colcon.colcon_core.shell:Creating package descriptor '/home/rss/robot_harry/robotik/install/rplidar_ros/share/rplidar_ros/package.dsv'
[1.047s] INFO:colcon.colcon_core.shell:Creating package script '/home/rss/robot_harry/robotik/install/rplidar_ros/share/rplidar_ros/package.sh'
[1.047s] INFO:colcon.colcon_core.shell:Creating package script '/home/rss/robot_harry/robotik/install/rplidar_ros/share/rplidar_ros/package.bash'
[1.048s] INFO:colcon.colcon_core.shell:Creating package script '/home/rss/robot_harry/robotik/install/rplidar_ros/share/rplidar_ros/package.zsh'
[1.048s] Level 1:colcon.colcon_core.environment:create_file_with_runtime_dependencies(/home/rss/robot_harry/robotik/install/rplidar_ros/share/colcon-core/packages/rplidar_ros)
[1.049s] INFO:colcon.colcon_ros.task.ament_python.build:Building ROS package in '/home/rss/robot_harry/robotik/src/pub_sub' with build type 'ament_python'
[1.050s] Level 1:colcon.colcon_core.shell:create_environment_hook('pub_sub', 'ament_prefix_path')
[1.050s] INFO:colcon.colcon_core.shell:Creating environment hook '/home/rss/robot_harry/robotik/install/pub_sub/share/pub_sub/hook/ament_prefix_path.ps1'
[1.050s] INFO:colcon.colcon_core.shell:Creating environment descriptor '/home/rss/robot_harry/robotik/install/pub_sub/share/pub_sub/hook/ament_prefix_path.dsv'
[1.051s] INFO:colcon.colcon_core.shell:Creating environment hook '/home/rss/robot_harry/robotik/install/pub_sub/share/pub_sub/hook/ament_prefix_path.sh'
[1.051s] INFO:colcon.colcon_core.shell:Skip shell extension 'powershell' for command environment: Not usable outside of PowerShell
[1.051s] DEBUG:colcon.colcon_core.shell:Skip shell extension 'dsv' for command environment
[1.057s] DEBUG:colcon.colcon_core.event_handler.log_command:Invoked command in '/home/rss/robot_harry/robotik/build/my_robot_slam' returned '0': CMAKE_PREFIX_PATH=${CMAKE_PREFIX_PATH}:/home/rss/robot_harry/robotik/install/tag_detection:/home/rss/robot_harry/robotik/install/webcam_bringup:/home/rss/robot_harry/robotik/install/teleop:/home/rss/robot_harry/robotik/install/robot_bringup:/home/rss/robot_harry/robotik/install/pub_sub:/home/rss/robot_harry/robotik/install/object_detection:/home/rss/robot_harry/robotik/install/my_robot_navigation:/home/rss/robot_harry/robotik/install/create3_teleop:/home/rss/robot_harry/robotik/install/create3_examples_py:/opt/ros/humble /usr/bin/cmake --build /home/rss/robot_harry/robotik/build/my_robot_slam -- -j8 -l8
[1.059s] DEBUG:colcon.colcon_core.event_handler.log_command:Invoking command in '/home/rss/robot_harry/robotik/build/my_robot_slam': CMAKE_PREFIX_PATH=${CMAKE_PREFIX_PATH}:/home/rss/robot_harry/robotik/install/tag_detection:/home/rss/robot_harry/robotik/install/webcam_bringup:/home/rss/robot_harry/robotik/install/teleop:/home/rss/robot_harry/robotik/install/robot_bringup:/home/rss/robot_harry/robotik/install/pub_sub:/home/rss/robot_harry/robotik/install/object_detection:/home/rss/robot_harry/robotik/install/my_robot_navigation:/home/rss/robot_harry/robotik/install/create3_teleop:/home/rss/robot_harry/robotik/install/create3_examples_py:/opt/ros/humble /usr/bin/cmake --install /home/rss/robot_harry/robotik/build/my_robot_slam
[1.060s] Level 1:colcon.colcon_core.environment:create_environment_scripts_only(apriltag_msgs)
[1.060s] Level 1:colcon.colcon_core.environment:checking '/home/rss/robot_harry/robotik/install/apriltag_msgs' for CMake module files
[1.061s] DEBUG:colcon.colcon_core.event_handler.log_command:Invoked command in '/home/rss/robot_harry/robotik/build/apriltag_msgs' returned '0': CMAKE_PREFIX_PATH=${CMAKE_PREFIX_PATH}:/home/rss/robot_harry/robotik/install/tag_detection:/home/rss/robot_harry/robotik/install/webcam_bringup:/home/rss/robot_harry/robotik/install/teleop:/home/rss/robot_harry/robotik/install/robot_bringup:/home/rss/robot_harry/robotik/install/pub_sub:/home/rss/robot_harry/robotik/install/object_detection:/home/rss/robot_harry/robotik/install/my_robot_navigation:/home/rss/robot_harry/robotik/install/create3_teleop:/home/rss/robot_harry/robotik/install/create3_examples_py:/opt/ros/humble /usr/bin/cmake --install /home/rss/robot_harry/robotik/build/apriltag_msgs
[1.061s] Level 1:colcon.colcon_core.environment:checking '/home/rss/robot_harry/robotik/install/apriltag_msgs' for CMake config files
[1.062s] Level 1:colcon.colcon_core.shell:create_environment_hook('apriltag_msgs', 'cmake_prefix_path')
[1.062s] INFO:colcon.colcon_core.shell:Creating environment hook '/home/rss/robot_harry/robotik/install/apriltag_msgs/share/apriltag_msgs/hook/cmake_prefix_path.ps1'
[1.063s] INFO:colcon.colcon_core.shell:Creating environment descriptor '/home/rss/robot_harry/robotik/install/apriltag_msgs/share/apriltag_msgs/hook/cmake_prefix_path.dsv'
[1.063s] INFO:colcon.colcon_core.shell:Creating environment hook '/home/rss/robot_harry/robotik/install/apriltag_msgs/share/apriltag_msgs/hook/cmake_prefix_path.sh'
[1.063s] Level 1:colcon.colcon_core.environment:checking '/home/rss/robot_harry/robotik/install/apriltag_msgs/lib'
[1.063s] Level 1:colcon.colcon_core.shell:create_environment_hook('apriltag_msgs', 'ld_library_path_lib')
[1.064s] INFO:colcon.colcon_core.shell:Creating environment hook '/home/rss/robot_harry/robotik/install/apriltag_msgs/share/apriltag_msgs/hook/ld_library_path_lib.ps1'
[1.065s] INFO:colcon.colcon_core.shell:Creating environment descriptor '/home/rss/robot_harry/robotik/install/apriltag_msgs/share/apriltag_msgs/hook/ld_library_path_lib.dsv'
[1.065s] INFO:colcon.colcon_core.shell:Creating environment hook '/home/rss/robot_harry/robotik/install/apriltag_msgs/share/apriltag_msgs/hook/ld_library_path_lib.sh'
[1.065s] Level 1:colcon.colcon_core.environment:checking '/home/rss/robot_harry/robotik/install/apriltag_msgs/bin'
[1.065s] Level 1:colcon.colcon_core.environment:checking '/home/rss/robot_harry/robotik/install/apriltag_msgs/lib/pkgconfig/apriltag_msgs.pc'
[1.066s] Level 1:colcon.colcon_core.environment:checking '/home/rss/robot_harry/robotik/install/apriltag_msgs/lib/python3.10/site-packages'
[1.066s] Level 1:colcon.colcon_core.environment:checking '/home/rss/robot_harry/robotik/install/apriltag_msgs/bin'
[1.067s] INFO:colcon.colcon_core.shell:Creating package script '/home/rss/robot_harry/robotik/install/apriltag_msgs/share/apriltag_msgs/package.ps1'
[1.067s] INFO:colcon.colcon_core.shell:Creating package descriptor '/home/rss/robot_harry/robotik/install/apriltag_msgs/share/apriltag_msgs/package.dsv'
[1.068s] INFO:colcon.colcon_core.shell:Creating package script '/home/rss/robot_harry/robotik/install/apriltag_msgs/share/apriltag_msgs/package.sh'
[1.068s] INFO:colcon.colcon_core.shell:Creating package script '/home/rss/robot_harry/robotik/install/apriltag_msgs/share/apriltag_msgs/package.bash'
[1.068s] INFO:colcon.colcon_core.shell:Creating package script '/home/rss/robot_harry/robotik/install/apriltag_msgs/share/apriltag_msgs/package.zsh'
[1.069s] Level 1:colcon.colcon_core.environment:create_file_with_runtime_dependencies(/home/rss/robot_harry/robotik/install/apriltag_msgs/share/colcon-core/packages/apriltag_msgs)
[1.069s] Level 1:colcon.colcon_core.environment:create_environment_scripts_only(apriltag_msgs)
[1.070s] Level 1:colcon.colcon_core.environment:checking '/home/rss/robot_harry/robotik/install/apriltag_msgs' for CMake module files
[1.070s] Level 1:colcon.colcon_core.environment:checking '/home/rss/robot_harry/robotik/install/apriltag_msgs' for CMake config files
[1.071s] Level 1:colcon.colcon_core.shell:create_environment_hook('apriltag_msgs', 'cmake_prefix_path')
[1.071s] INFO:colcon.colcon_core.shell:Creating environment hook '/home/rss/robot_harry/robotik/install/apriltag_msgs/share/apriltag_msgs/hook/cmake_prefix_path.ps1'
[1.072s] INFO:colcon.colcon_core.shell:Creating environment descriptor '/home/rss/robot_harry/robotik/install/apriltag_msgs/share/apriltag_msgs/hook/cmake_prefix_path.dsv'
[1.072s] INFO:colcon.colcon_core.shell:Creating environment hook '/home/rss/robot_harry/robotik/install/apriltag_msgs/share/apriltag_msgs/hook/cmake_prefix_path.sh'
[1.073s] Level 1:colcon.colcon_core.environment:checking '/home/rss/robot_harry/robotik/install/apriltag_msgs/lib'
[1.073s] Level 1:colcon.colcon_core.shell:create_environment_hook('apriltag_msgs', 'ld_library_path_lib')
[1.073s] INFO:colcon.colcon_core.shell:Creating environment hook '/home/rss/robot_harry/robotik/install/apriltag_msgs/share/apriltag_msgs/hook/ld_library_path_lib.ps1'
[1.073s] INFO:colcon.colcon_core.shell:Creating environment descriptor '/home/rss/robot_harry/robotik/install/apriltag_msgs/share/apriltag_msgs/hook/ld_library_path_lib.dsv'
[1.074s] INFO:colcon.colcon_core.shell:Creating environment hook '/home/rss/robot_harry/robotik/install/apriltag_msgs/share/apriltag_msgs/hook/ld_library_path_lib.sh'
[1.074s] Level 1:colcon.colcon_core.environment:checking '/home/rss/robot_harry/robotik/install/apriltag_msgs/bin'
[1.074s] Level 1:colcon.colcon_core.environment:checking '/home/rss/robot_harry/robotik/install/apriltag_msgs/lib/pkgconfig/apriltag_msgs.pc'
[1.074s] Level 1:colcon.colcon_core.environment:checking '/home/rss/robot_harry/robotik/install/apriltag_msgs/lib/python3.10/site-packages'
[1.074s] Level 1:colcon.colcon_core.environment:checking '/home/rss/robot_harry/robotik/install/apriltag_msgs/bin'
[1.074s] INFO:colcon.colcon_core.shell:Creating package script '/home/rss/robot_harry/robotik/install/apriltag_msgs/share/apriltag_msgs/package.ps1'
[1.075s] INFO:colcon.colcon_core.shell:Creating package descriptor '/home/rss/robot_harry/robotik/install/apriltag_msgs/share/apriltag_msgs/package.dsv'
[1.075s] INFO:colcon.colcon_core.shell:Creating package script '/home/rss/robot_harry/robotik/install/apriltag_msgs/share/apriltag_msgs/package.sh'
[1.075s] INFO:colcon.colcon_core.shell:Creating package script '/home/rss/robot_harry/robotik/install/apriltag_msgs/share/apriltag_msgs/package.bash'
[1.076s] INFO:colcon.colcon_core.shell:Creating package script '/home/rss/robot_harry/robotik/install/apriltag_msgs/share/apriltag_msgs/package.zsh'
[1.076s] Level 1:colcon.colcon_core.environment:create_file_with_runtime_dependencies(/home/rss/robot_harry/robotik/install/apriltag_msgs/share/colcon-core/packages/apriltag_msgs)
[1.077s] Level 1:colcon.colcon_core.environment:create_environment_scripts_only(create3_examples_msgs)
[1.077s] Level 1:colcon.colcon_core.environment:checking '/home/rss/robot_harry/robotik/install/create3_examples_msgs' for CMake module files
[1.078s] Level 1:colcon.colcon_core.environment:checking '/home/rss/robot_harry/robotik/install/create3_examples_msgs' for CMake config files
[1.080s] DEBUG:colcon.colcon_core.event_handler.log_command:Invoked command in '/home/rss/robot_harry/robotik/build/create3_examples_msgs' returned '0': CMAKE_PREFIX_PATH=${CMAKE_PREFIX_PATH}:/home/rss/robot_harry/robotik/install/tag_detection:/home/rss/robot_harry/robotik/install/webcam_bringup:/home/rss/robot_harry/robotik/install/teleop:/home/rss/robot_harry/robotik/install/robot_bringup:/home/rss/robot_harry/robotik/install/pub_sub:/home/rss/robot_harry/robotik/install/object_detection:/home/rss/robot_harry/robotik/install/my_robot_navigation:/home/rss/robot_harry/robotik/install/create3_teleop:/home/rss/robot_harry/robotik/install/create3_examples_py:/opt/ros/humble /usr/bin/cmake --install /home/rss/robot_harry/robotik/build/create3_examples_msgs
[1.080s] Level 1:colcon.colcon_core.shell:create_environment_hook('create3_examples_msgs', 'cmake_prefix_path')
[1.080s] INFO:colcon.colcon_core.shell:Creating environment hook '/home/rss/robot_harry/robotik/install/create3_examples_msgs/share/create3_examples_msgs/hook/cmake_prefix_path.ps1'
[1.081s] INFO:colcon.colcon_core.shell:Creating environment descriptor '/home/rss/robot_harry/robotik/install/create3_examples_msgs/share/create3_examples_msgs/hook/cmake_prefix_path.dsv'
[1.081s] INFO:colcon.colcon_core.shell:Creating environment hook '/home/rss/robot_harry/robotik/install/create3_examples_msgs/share/create3_examples_msgs/hook/cmake_prefix_path.sh'
[1.081s] Level 1:colcon.colcon_core.environment:checking '/home/rss/robot_harry/robotik/install/create3_examples_msgs/lib'
[1.081s] Level 1:colcon.colcon_core.shell:create_environment_hook('create3_examples_msgs', 'ld_library_path_lib')
[1.081s] INFO:colcon.colcon_core.shell:Creating environment hook '/home/rss/robot_harry/robotik/install/create3_examples_msgs/share/create3_examples_msgs/hook/ld_library_path_lib.ps1'
[1.082s] INFO:colcon.colcon_core.shell:Creating environment descriptor '/home/rss/robot_harry/robotik/install/create3_examples_msgs/share/create3_examples_msgs/hook/ld_library_path_lib.dsv'
[1.082s] INFO:colcon.colcon_core.shell:Creating environment hook '/home/rss/robot_harry/robotik/install/create3_examples_msgs/share/create3_examples_msgs/hook/ld_library_path_lib.sh'
[1.082s] Level 1:colcon.colcon_core.environment:checking '/home/rss/robot_harry/robotik/install/create3_examples_msgs/bin'
[1.082s] Level 1:colcon.colcon_core.environment:checking '/home/rss/robot_harry/robotik/install/create3_examples_msgs/lib/pkgconfig/create3_examples_msgs.pc'
[1.082s] Level 1:colcon.colcon_core.environment:checking '/home/rss/robot_harry/robotik/install/create3_examples_msgs/lib/python3.10/site-packages'
[1.083s] Level 1:colcon.colcon_core.environment:checking '/home/rss/robot_harry/robotik/install/create3_examples_msgs/bin'
[1.083s] INFO:colcon.colcon_core.shell:Creating package script '/home/rss/robot_harry/robotik/install/create3_examples_msgs/share/create3_examples_msgs/package.ps1'
[1.083s] INFO:colcon.colcon_core.shell:Creating package descriptor '/home/rss/robot_harry/robotik/install/create3_examples_msgs/share/create3_examples_msgs/package.dsv'
[1.084s] INFO:colcon.colcon_core.shell:Creating package script '/home/rss/robot_harry/robotik/install/create3_examples_msgs/share/create3_examples_msgs/package.sh'
[1.084s] INFO:colcon.colcon_core.shell:Creating package script '/home/rss/robot_harry/robotik/install/create3_examples_msgs/share/create3_examples_msgs/package.bash'
[1.084s] INFO:colcon.colcon_core.shell:Creating package script '/home/rss/robot_harry/robotik/install/create3_examples_msgs/share/create3_examples_msgs/package.zsh'
[1.084s] Level 1:colcon.colcon_core.environment:create_file_with_runtime_dependencies(/home/rss/robot_harry/robotik/install/create3_examples_msgs/share/colcon-core/packages/create3_examples_msgs)
[1.085s] Level 1:colcon.colcon_core.environment:create_environment_scripts_only(create3_examples_msgs)
[1.085s] Level 1:colcon.colcon_core.environment:checking '/home/rss/robot_harry/robotik/install/create3_examples_msgs' for CMake module files
[1.085s] Level 1:colcon.colcon_core.environment:checking '/home/rss/robot_harry/robotik/install/create3_examples_msgs' for CMake config files
[1.086s] Level 1:colcon.colcon_core.shell:create_environment_hook('create3_examples_msgs', 'cmake_prefix_path')
[1.086s] INFO:colcon.colcon_core.shell:Creating environment hook '/home/rss/robot_harry/robotik/install/create3_examples_msgs/share/create3_examples_msgs/hook/cmake_prefix_path.ps1'
[1.086s] INFO:colcon.colcon_core.shell:Creating environment descriptor '/home/rss/robot_harry/robotik/install/create3_examples_msgs/share/create3_examples_msgs/hook/cmake_prefix_path.dsv'
[1.086s] INFO:colcon.colcon_core.shell:Creating environment hook '/home/rss/robot_harry/robotik/install/create3_examples_msgs/share/create3_examples_msgs/hook/cmake_prefix_path.sh'
[1.087s] Level 1:colcon.colcon_core.environment:checking '/home/rss/robot_harry/robotik/install/create3_examples_msgs/lib'
[1.087s] Level 1:colcon.colcon_core.shell:create_environment_hook('create3_examples_msgs', 'ld_library_path_lib')
[1.087s] INFO:colcon.colcon_core.shell:Creating environment hook '/home/rss/robot_harry/robotik/install/create3_examples_msgs/share/create3_examples_msgs/hook/ld_library_path_lib.ps1'
[1.088s] INFO:colcon.colcon_core.shell:Creating environment descriptor '/home/rss/robot_harry/robotik/install/create3_examples_msgs/share/create3_examples_msgs/hook/ld_library_path_lib.dsv'
[1.088s] INFO:colcon.colcon_core.shell:Creating environment hook '/home/rss/robot_harry/robotik/install/create3_examples_msgs/share/create3_examples_msgs/hook/ld_library_path_lib.sh'
[1.088s] Level 1:colcon.colcon_core.environment:checking '/home/rss/robot_harry/robotik/install/create3_examples_msgs/bin'
[1.088s] Level 1:colcon.colcon_core.environment:checking '/home/rss/robot_harry/robotik/install/create3_examples_msgs/lib/pkgconfig/create3_examples_msgs.pc'
[1.089s] Level 1:colcon.colcon_core.environment:checking '/home/rss/robot_harry/robotik/install/create3_examples_msgs/lib/python3.10/site-packages'
[1.089s] Level 1:colcon.colcon_core.environment:checking '/home/rss/robot_harry/robotik/install/create3_examples_msgs/bin'
[1.089s] INFO:colcon.colcon_core.shell:Creating package script '/home/rss/robot_harry/robotik/install/create3_examples_msgs/share/create3_examples_msgs/package.ps1'
[1.089s] INFO:colcon.colcon_core.shell:Creating package descriptor '/home/rss/robot_harry/robotik/install/create3_examples_msgs/share/create3_examples_msgs/package.dsv'
[1.090s] INFO:colcon.colcon_core.shell:Creating package script '/home/rss/robot_harry/robotik/install/create3_examples_msgs/share/create3_examples_msgs/package.sh'
[1.090s] INFO:colcon.colcon_core.shell:Creating package script '/home/rss/robot_harry/robotik/install/create3_examples_msgs/share/create3_examples_msgs/package.bash'
[1.090s] INFO:colcon.colcon_core.shell:Creating package script '/home/rss/robot_harry/robotik/install/create3_examples_msgs/share/create3_examples_msgs/package.zsh'
[1.090s] Level 1:colcon.colcon_core.environment:create_file_with_runtime_dependencies(/home/rss/robot_harry/robotik/install/create3_examples_msgs/share/colcon-core/packages/create3_examples_msgs)
[1.091s] INFO:colcon.colcon_ros.task.ament_python.build:Building ROS package in '/home/rss/robot_harry/robotik/src/robot_bringup' with build type 'ament_python'
[1.091s] Level 1:colcon.colcon_core.shell:create_environment_hook('robot_bringup', 'ament_prefix_path')
[1.091s] INFO:colcon.colcon_core.shell:Creating environment hook '/home/rss/robot_harry/robotik/install/robot_bringup/share/robot_bringup/hook/ament_prefix_path.ps1'
[1.092s] INFO:colcon.colcon_core.shell:Creating environment descriptor '/home/rss/robot_harry/robotik/install/robot_bringup/share/robot_bringup/hook/ament_prefix_path.dsv'
[1.092s] INFO:colcon.colcon_core.shell:Creating environment hook '/home/rss/robot_harry/robotik/install/robot_bringup/share/robot_bringup/hook/ament_prefix_path.sh'
[1.092s] INFO:colcon.colcon_core.shell:Skip shell extension 'powershell' for command environment: Not usable outside of PowerShell
[1.092s] DEBUG:colcon.colcon_core.shell:Skip shell extension 'dsv' for command environment
[1.095s] INFO:colcon.colcon_ros.task.ament_python.build:Building ROS package in '/home/rss/robot_harry/robotik/src/tag_detection' with build type 'ament_python'
[1.095s] Level 1:colcon.colcon_core.shell:create_environment_hook('tag_detection', 'ament_prefix_path')
[1.095s] INFO:colcon.colcon_core.shell:Creating environment hook '/home/rss/robot_harry/robotik/install/tag_detection/share/tag_detection/hook/ament_prefix_path.ps1'
[1.096s] INFO:colcon.colcon_core.shell:Creating environment descriptor '/home/rss/robot_harry/robotik/install/tag_detection/share/tag_detection/hook/ament_prefix_path.dsv'
[1.096s] INFO:colcon.colcon_core.shell:Creating environment hook '/home/rss/robot_harry/robotik/install/tag_detection/share/tag_detection/hook/ament_prefix_path.sh'
[1.096s] INFO:colcon.colcon_core.shell:Skip shell extension 'powershell' for command environment: Not usable outside of PowerShell
[1.096s] DEBUG:colcon.colcon_core.shell:Skip shell extension 'dsv' for command environment
[1.297s] INFO:colcon.colcon_core.task.python.build:Building Python package in '/home/rss/robot_harry/robotik/src/object_detection'
[1.297s] INFO:colcon.colcon_core.shell:Skip shell extension 'powershell' for command environment: Not usable outside of PowerShell
[1.297s] DEBUG:colcon.colcon_core.shell:Skip shell extension 'dsv' for command environment
[1.476s] INFO:colcon.colcon_core.task.python.build:Building Python package in '/home/rss/robot_harry/robotik/src/pub_sub'
[1.477s] INFO:colcon.colcon_core.shell:Skip shell extension 'powershell' for command environment: Not usable outside of PowerShell
[1.477s] DEBUG:colcon.colcon_core.shell:Skip shell extension 'dsv' for command environment
[1.480s] Level 1:colcon.colcon_core.environment:create_environment_scripts_only(my_robot_slam)
[1.480s] Level 1:colcon.colcon_core.environment:checking '/home/rss/robot_harry/robotik/install/my_robot_slam' for CMake module files
[1.480s] DEBUG:colcon.colcon_core.event_handler.log_command:Invoked command in '/home/rss/robot_harry/robotik/build/my_robot_slam' returned '0': CMAKE_PREFIX_PATH=${CMAKE_PREFIX_PATH}:/home/rss/robot_harry/robotik/install/tag_detection:/home/rss/robot_harry/robotik/install/webcam_bringup:/home/rss/robot_harry/robotik/install/teleop:/home/rss/robot_harry/robotik/install/robot_bringup:/home/rss/robot_harry/robotik/install/pub_sub:/home/rss/robot_harry/robotik/install/object_detection:/home/rss/robot_harry/robotik/install/my_robot_navigation:/home/rss/robot_harry/robotik/install/create3_teleop:/home/rss/robot_harry/robotik/install/create3_examples_py:/opt/ros/humble /usr/bin/cmake --install /home/rss/robot_harry/robotik/build/my_robot_slam
[1.480s] Level 1:colcon.colcon_core.environment:checking '/home/rss/robot_harry/robotik/install/my_robot_slam' for CMake config files
[1.481s] Level 1:colcon.colcon_core.shell:create_environment_hook('my_robot_slam', 'cmake_prefix_path')
[1.481s] INFO:colcon.colcon_core.shell:Creating environment hook '/home/rss/robot_harry/robotik/install/my_robot_slam/share/my_robot_slam/hook/cmake_prefix_path.ps1'
[1.481s] INFO:colcon.colcon_core.shell:Creating environment descriptor '/home/rss/robot_harry/robotik/install/my_robot_slam/share/my_robot_slam/hook/cmake_prefix_path.dsv'
[1.482s] INFO:colcon.colcon_core.shell:Creating environment hook '/home/rss/robot_harry/robotik/install/my_robot_slam/share/my_robot_slam/hook/cmake_prefix_path.sh'
[1.482s] Level 1:colcon.colcon_core.environment:checking '/home/rss/robot_harry/robotik/install/my_robot_slam/bin'
[1.482s] Level 1:colcon.colcon_core.environment:checking '/home/rss/robot_harry/robotik/install/my_robot_slam/lib/pkgconfig/my_robot_slam.pc'
[1.482s] Level 1:colcon.colcon_core.environment:checking '/home/rss/robot_harry/robotik/install/my_robot_slam/lib/python3.10/site-packages'
[1.482s] Level 1:colcon.colcon_core.environment:checking '/home/rss/robot_harry/robotik/install/my_robot_slam/bin'
[1.483s] INFO:colcon.colcon_core.shell:Creating package script '/home/rss/robot_harry/robotik/install/my_robot_slam/share/my_robot_slam/package.ps1'
[1.483s] INFO:colcon.colcon_core.shell:Creating package descriptor '/home/rss/robot_harry/robotik/install/my_robot_slam/share/my_robot_slam/package.dsv'
[1.483s] INFO:colcon.colcon_core.shell:Creating package script '/home/rss/robot_harry/robotik/install/my_robot_slam/share/my_robot_slam/package.sh'
[1.483s] INFO:colcon.colcon_core.shell:Creating package script '/home/rss/robot_harry/robotik/install/my_robot_slam/share/my_robot_slam/package.bash'
[1.484s] INFO:colcon.colcon_core.shell:Creating package script '/home/rss/robot_harry/robotik/install/my_robot_slam/share/my_robot_slam/package.zsh'
[1.484s] Level 1:colcon.colcon_core.environment:create_file_with_runtime_dependencies(/home/rss/robot_harry/robotik/install/my_robot_slam/share/colcon-core/packages/my_robot_slam)
[1.484s] Level 1:colcon.colcon_core.environment:create_environment_scripts_only(my_robot_slam)
[1.484s] Level 1:colcon.colcon_core.environment:checking '/home/rss/robot_harry/robotik/install/my_robot_slam' for CMake module files
[1.484s] Level 1:colcon.colcon_core.environment:checking '/home/rss/robot_harry/robotik/install/my_robot_slam' for CMake config files
[1.485s] Level 1:colcon.colcon_core.shell:create_environment_hook('my_robot_slam', 'cmake_prefix_path')
[1.485s] INFO:colcon.colcon_core.shell:Creating environment hook '/home/rss/robot_harry/robotik/install/my_robot_slam/share/my_robot_slam/hook/cmake_prefix_path.ps1'
[1.485s] INFO:colcon.colcon_core.shell:Creating environment descriptor '/home/rss/robot_harry/robotik/install/my_robot_slam/share/my_robot_slam/hook/cmake_prefix_path.dsv'
[1.485s] INFO:colcon.colcon_core.shell:Creating environment hook '/home/rss/robot_harry/robotik/install/my_robot_slam/share/my_robot_slam/hook/cmake_prefix_path.sh'
[1.485s] Level 1:colcon.colcon_core.environment:checking '/home/rss/robot_harry/robotik/install/my_robot_slam/bin'
[1.485s] Level 1:colcon.colcon_core.environment:checking '/home/rss/robot_harry/robotik/install/my_robot_slam/lib/pkgconfig/my_robot_slam.pc'
[1.486s] Level 1:colcon.colcon_core.environment:checking '/home/rss/robot_harry/robotik/install/my_robot_slam/lib/python3.10/site-packages'
[1.486s] Level 1:colcon.colcon_core.environment:checking '/home/rss/robot_harry/robotik/install/my_robot_slam/bin'
[1.486s] INFO:colcon.colcon_core.shell:Creating package script '/home/rss/robot_harry/robotik/install/my_robot_slam/share/my_robot_slam/package.ps1'
[1.486s] INFO:colcon.colcon_core.shell:Creating package descriptor '/home/rss/robot_harry/robotik/install/my_robot_slam/share/my_robot_slam/package.dsv'
[1.487s] INFO:colcon.colcon_core.shell:Creating package script '/home/rss/robot_harry/robotik/install/my_robot_slam/share/my_robot_slam/package.sh'
[1.487s] INFO:colcon.colcon_core.shell:Creating package script '/home/rss/robot_harry/robotik/install/my_robot_slam/share/my_robot_slam/package.bash'
[1.488s] INFO:colcon.colcon_core.shell:Creating package script '/home/rss/robot_harry/robotik/install/my_robot_slam/share/my_robot_slam/package.zsh'
[1.488s] Level 1:colcon.colcon_core.environment:create_file_with_runtime_dependencies(/home/rss/robot_harry/robotik/install/my_robot_slam/share/colcon-core/packages/my_robot_slam)
[1.488s] INFO:colcon.colcon_ros.task.ament_python.build:Building ROS package in '/home/rss/robot_harry/robotik/src/teleop' with build type 'ament_python'
[1.489s] Level 1:colcon.colcon_core.shell:create_environment_hook('teleop', 'ament_prefix_path')
[1.489s] INFO:colcon.colcon_core.shell:Creating environment hook '/home/rss/robot_harry/robotik/install/teleop/share/teleop/hook/ament_prefix_path.ps1'
[1.489s] INFO:colcon.colcon_core.shell:Creating environment descriptor '/home/rss/robot_harry/robotik/install/teleop/share/teleop/hook/ament_prefix_path.dsv'
[1.489s] INFO:colcon.colcon_core.shell:Creating environment hook '/home/rss/robot_harry/robotik/install/teleop/share/teleop/hook/ament_prefix_path.sh'
[1.490s] INFO:colcon.colcon_core.shell:Skip shell extension 'powershell' for command environment: Not usable outside of PowerShell
[1.490s] DEBUG:colcon.colcon_core.shell:Skip shell extension 'dsv' for command environment
[1.494s] DEBUG:colcon.colcon_core.event_handler.log_command:Invoking command in '/home/rss/robot_harry/robotik/src/create3_examples/create3_teleop': PYTHONPATH=/home/rss/robot_harry/robotik/build/create3_teleop/prefix_override:/usr/lib/python3/dist-packages/colcon_core/task/python/colcon_distutils_commands:/home/rss/robot_harry/robotik/install/create3_teleop/lib/python3.10/site-packages:${PYTHONPATH} /usr/bin/python3 -W ignore:setup.py install is deprecated -W ignore:easy_install command is deprecated setup.py egg_info --egg-base ../../../build/create3_teleop build --build-base /home/rss/robot_harry/robotik/build/create3_teleop/build install --record /home/rss/robot_harry/robotik/build/create3_teleop/install.log --single-version-externally-managed install_data
[1.496s] DEBUG:colcon.colcon_core.event_handler.log_command:Invoking command in '/home/rss/robot_harry/robotik/src/my_robot_navigation': PYTHONPATH=/home/rss/robot_harry/robotik/build/my_robot_navigation/prefix_override:/usr/lib/python3/dist-packages/colcon_core/task/python/colcon_distutils_commands:/home/rss/robot_harry/robotik/install/my_robot_navigation/lib/python3.10/site-packages:${PYTHONPATH} /usr/bin/python3 -W ignore:setup.py install is deprecated -W ignore:easy_install command is deprecated setup.py egg_info --egg-base ../../build/my_robot_navigation build --build-base /home/rss/robot_harry/robotik/build/my_robot_navigation/build install --record /home/rss/robot_harry/robotik/build/my_robot_navigation/install.log --single-version-externally-managed install_data
[1.497s] DEBUG:colcon.colcon_core.event_handler.log_command:Invoking command in '/home/rss/robot_harry/robotik/src/create3_examples/create3_examples_py': PYTHONPATH=/home/rss/robot_harry/robotik/build/create3_examples_py/prefix_override:/usr/lib/python3/dist-packages/colcon_core/task/python/colcon_distutils_commands:/home/rss/robot_harry/robotik/install/create3_examples_py/lib/python3.10/site-packages:${PYTHONPATH} /usr/bin/python3 -W ignore:setup.py install is deprecated -W ignore:easy_install command is deprecated setup.py egg_info --egg-base ../../../build/create3_examples_py build --build-base /home/rss/robot_harry/robotik/build/create3_examples_py/build install --record /home/rss/robot_harry/robotik/build/create3_examples_py/install.log --single-version-externally-managed install_data
[1.693s] INFO:colcon.colcon_core.task.python.build:Building Python package in '/home/rss/robot_harry/robotik/src/robot_bringup'
[1.693s] INFO:colcon.colcon_core.shell:Skip shell extension 'powershell' for command environment: Not usable outside of PowerShell
[1.693s] DEBUG:colcon.colcon_core.shell:Skip shell extension 'dsv' for command environment
[1.879s] INFO:colcon.colcon_core.task.python.build:Building Python package in '/home/rss/robot_harry/robotik/src/tag_detection'
[1.880s] INFO:colcon.colcon_core.shell:Skip shell extension 'powershell' for command environment: Not usable outside of PowerShell
[1.880s] DEBUG:colcon.colcon_core.shell:Skip shell extension 'dsv' for command environment
[1.890s] Level 1:colcon.colcon_core.environment:checking '/home/rss/robot_harry/robotik/install/my_robot_navigation' for CMake module files
[1.890s] DEBUG:colcon.colcon_core.event_handler.log_command:Invoked command in '/home/rss/robot_harry/robotik/src/my_robot_navigation' returned '0': PYTHONPATH=/home/rss/robot_harry/robotik/build/my_robot_navigation/prefix_override:/usr/lib/python3/dist-packages/colcon_core/task/python/colcon_distutils_commands:/home/rss/robot_harry/robotik/install/my_robot_navigation/lib/python3.10/site-packages:${PYTHONPATH} /usr/bin/python3 -W ignore:setup.py install is deprecated -W ignore:easy_install command is deprecated setup.py egg_info --egg-base ../../build/my_robot_navigation build --build-base /home/rss/robot_harry/robotik/build/my_robot_navigation/build install --record /home/rss/robot_harry/robotik/build/my_robot_navigation/install.log --single-version-externally-managed install_data
[1.890s] Level 1:colcon.colcon_core.environment:checking '/home/rss/robot_harry/robotik/install/my_robot_navigation' for CMake config files
[1.891s] Level 1:colcon.colcon_core.environment:checking '/home/rss/robot_harry/robotik/install/my_robot_navigation/lib'
[1.891s] Level 1:colcon.colcon_core.environment:checking '/home/rss/robot_harry/robotik/install/my_robot_navigation/bin'
[1.891s] Level 1:colcon.colcon_core.environment:checking '/home/rss/robot_harry/robotik/install/my_robot_navigation/lib/pkgconfig/my_robot_navigation.pc'
[1.891s] Level 1:colcon.colcon_core.environment:checking '/home/rss/robot_harry/robotik/install/my_robot_navigation/lib/python3.10/site-packages'
[1.891s] Level 1:colcon.colcon_core.shell:create_environment_hook('my_robot_navigation', 'pythonpath')
[1.891s] INFO:colcon.colcon_core.shell:Creating environment hook '/home/rss/robot_harry/robotik/install/my_robot_navigation/share/my_robot_navigation/hook/pythonpath.ps1'
[1.891s] INFO:colcon.colcon_core.shell:Creating environment descriptor '/home/rss/robot_harry/robotik/install/my_robot_navigation/share/my_robot_navigation/hook/pythonpath.dsv'
[1.892s] INFO:colcon.colcon_core.shell:Creating environment hook '/home/rss/robot_harry/robotik/install/my_robot_navigation/share/my_robot_navigation/hook/pythonpath.sh'
[1.892s] Level 1:colcon.colcon_core.environment:checking '/home/rss/robot_harry/robotik/install/my_robot_navigation/bin'
[1.892s] Level 1:colcon.colcon_core.environment:create_environment_scripts_only(my_robot_navigation)
[1.893s] INFO:colcon.colcon_core.shell:Creating package script '/home/rss/robot_harry/robotik/install/my_robot_navigation/share/my_robot_navigation/package.ps1'
[1.893s] INFO:colcon.colcon_core.shell:Creating package descriptor '/home/rss/robot_harry/robotik/install/my_robot_navigation/share/my_robot_navigation/package.dsv'
[1.893s] INFO:colcon.colcon_core.shell:Creating package script '/home/rss/robot_harry/robotik/install/my_robot_navigation/share/my_robot_navigation/package.sh'
[1.893s] INFO:colcon.colcon_core.shell:Creating package script '/home/rss/robot_harry/robotik/install/my_robot_navigation/share/my_robot_navigation/package.bash'
[1.894s] INFO:colcon.colcon_core.shell:Creating package script '/home/rss/robot_harry/robotik/install/my_robot_navigation/share/my_robot_navigation/package.zsh'
[1.894s] Level 1:colcon.colcon_core.environment:create_file_with_runtime_dependencies(/home/rss/robot_harry/robotik/install/my_robot_navigation/share/colcon-core/packages/my_robot_navigation)
[1.894s] Level 1:colcon.colcon_core.environment:checking '/home/rss/robot_harry/robotik/install/create3_teleop' for CMake module files
[1.895s] Level 1:colcon.colcon_core.environment:checking '/home/rss/robot_harry/robotik/install/create3_teleop' for CMake config files
[1.895s] DEBUG:colcon.colcon_core.event_handler.log_command:Invoked command in '/home/rss/robot_harry/robotik/src/create3_examples/create3_teleop' returned '0': PYTHONPATH=/home/rss/robot_harry/robotik/build/create3_teleop/prefix_override:/usr/lib/python3/dist-packages/colcon_core/task/python/colcon_distutils_commands:/home/rss/robot_harry/robotik/install/create3_teleop/lib/python3.10/site-packages:${PYTHONPATH} /usr/bin/python3 -W ignore:setup.py install is deprecated -W ignore:easy_install command is deprecated setup.py egg_info --egg-base ../../../build/create3_teleop build --build-base /home/rss/robot_harry/robotik/build/create3_teleop/build install --record /home/rss/robot_harry/robotik/build/create3_teleop/install.log --single-version-externally-managed install_data
[1.895s] Level 1:colcon.colcon_core.environment:checking '/home/rss/robot_harry/robotik/install/create3_teleop/lib'
[1.895s] Level 1:colcon.colcon_core.environment:checking '/home/rss/robot_harry/robotik/install/create3_teleop/bin'
[1.896s] Level 1:colcon.colcon_core.environment:checking '/home/rss/robot_harry/robotik/install/create3_teleop/lib/pkgconfig/create3_teleop.pc'
[1.896s] Level 1:colcon.colcon_core.environment:checking '/home/rss/robot_harry/robotik/install/create3_teleop/lib/python3.10/site-packages'
[1.896s] Level 1:colcon.colcon_core.shell:create_environment_hook('create3_teleop', 'pythonpath')
[1.896s] INFO:colcon.colcon_core.shell:Creating environment hook '/home/rss/robot_harry/robotik/install/create3_teleop/share/create3_teleop/hook/pythonpath.ps1'
[1.896s] INFO:colcon.colcon_core.shell:Creating environment descriptor '/home/rss/robot_harry/robotik/install/create3_teleop/share/create3_teleop/hook/pythonpath.dsv'
[1.896s] INFO:colcon.colcon_core.shell:Creating environment hook '/home/rss/robot_harry/robotik/install/create3_teleop/share/create3_teleop/hook/pythonpath.sh'
[1.897s] Level 1:colcon.colcon_core.environment:checking '/home/rss/robot_harry/robotik/install/create3_teleop/bin'
[1.897s] Level 1:colcon.colcon_core.environment:create_environment_scripts_only(create3_teleop)
[1.897s] INFO:colcon.colcon_core.shell:Creating package script '/home/rss/robot_harry/robotik/install/create3_teleop/share/create3_teleop/package.ps1'
[1.898s] INFO:colcon.colcon_core.shell:Creating package descriptor '/home/rss/robot_harry/robotik/install/create3_teleop/share/create3_teleop/package.dsv'
[1.898s] INFO:colcon.colcon_core.shell:Creating package script '/home/rss/robot_harry/robotik/install/create3_teleop/share/create3_teleop/package.sh'
[1.899s] INFO:colcon.colcon_core.shell:Creating package script '/home/rss/robot_harry/robotik/install/create3_teleop/share/create3_teleop/package.bash'
[1.899s] INFO:colcon.colcon_core.shell:Creating package script '/home/rss/robot_harry/robotik/install/create3_teleop/share/create3_teleop/package.zsh'
[1.899s] Level 1:colcon.colcon_core.environment:create_file_with_runtime_dependencies(/home/rss/robot_harry/robotik/install/create3_teleop/share/colcon-core/packages/create3_teleop)
[1.899s] Level 1:colcon.colcon_core.environment:checking '/home/rss/robot_harry/robotik/install/create3_examples_py' for CMake module files
[1.900s] Level 1:colcon.colcon_core.environment:checking '/home/rss/robot_harry/robotik/install/create3_examples_py' for CMake config files
[1.901s] DEBUG:colcon.colcon_core.event_handler.log_command:Invoked command in '/home/rss/robot_harry/robotik/src/create3_examples/create3_examples_py' returned '0': PYTHONPATH=/home/rss/robot_harry/robotik/build/create3_examples_py/prefix_override:/usr/lib/python3/dist-packages/colcon_core/task/python/colcon_distutils_commands:/home/rss/robot_harry/robotik/install/create3_examples_py/lib/python3.10/site-packages:${PYTHONPATH} /usr/bin/python3 -W ignore:setup.py install is deprecated -W ignore:easy_install command is deprecated setup.py egg_info --egg-base ../../../build/create3_examples_py build --build-base /home/rss/robot_harry/robotik/build/create3_examples_py/build install --record /home/rss/robot_harry/robotik/build/create3_examples_py/install.log --single-version-externally-managed install_data
[1.901s] Level 1:colcon.colcon_core.environment:checking '/home/rss/robot_harry/robotik/install/create3_examples_py/lib'
[1.901s] Level 1:colcon.colcon_core.environment:checking '/home/rss/robot_harry/robotik/install/create3_examples_py/bin'
[1.901s] Level 1:colcon.colcon_core.environment:checking '/home/rss/robot_harry/robotik/install/create3_examples_py/lib/pkgconfig/create3_examples_py.pc'
[1.901s] Level 1:colcon.colcon_core.environment:checking '/home/rss/robot_harry/robotik/install/create3_examples_py/lib/python3.10/site-packages'
[1.901s] Level 1:colcon.colcon_core.shell:create_environment_hook('create3_examples_py', 'pythonpath')
[1.901s] INFO:colcon.colcon_core.shell:Creating environment hook '/home/rss/robot_harry/robotik/install/create3_examples_py/share/create3_examples_py/hook/pythonpath.ps1'
[1.902s] INFO:colcon.colcon_core.shell:Creating environment descriptor '/home/rss/robot_harry/robotik/install/create3_examples_py/share/create3_examples_py/hook/pythonpath.dsv'
[1.902s] INFO:colcon.colcon_core.shell:Creating environment hook '/home/rss/robot_harry/robotik/install/create3_examples_py/share/create3_examples_py/hook/pythonpath.sh'
[1.902s] Level 1:colcon.colcon_core.environment:checking '/home/rss/robot_harry/robotik/install/create3_examples_py/bin'
[1.902s] Level 1:colcon.colcon_core.environment:create_environment_scripts_only(create3_examples_py)
[1.903s] INFO:colcon.colcon_core.shell:Creating package script '/home/rss/robot_harry/robotik/install/create3_examples_py/share/create3_examples_py/package.ps1'
[1.903s] INFO:colcon.colcon_core.shell:Creating package descriptor '/home/rss/robot_harry/robotik/install/create3_examples_py/share/create3_examples_py/package.dsv'
[1.903s] INFO:colcon.colcon_core.shell:Creating package script '/home/rss/robot_harry/robotik/install/create3_examples_py/share/create3_examples_py/package.sh'
[1.904s] INFO:colcon.colcon_core.shell:Creating package script '/home/rss/robot_harry/robotik/install/create3_examples_py/share/create3_examples_py/package.bash'
[1.904s] INFO:colcon.colcon_core.shell:Creating package script '/home/rss/robot_harry/robotik/install/create3_examples_py/share/create3_examples_py/package.zsh'
[1.904s] Level 1:colcon.colcon_core.environment:create_file_with_runtime_dependencies(/home/rss/robot_harry/robotik/install/create3_examples_py/share/colcon-core/packages/create3_examples_py)
[2.096s] INFO:colcon.colcon_core.task.python.build:Building Python package in '/home/rss/robot_harry/robotik/src/teleop'
[2.097s] INFO:colcon.colcon_core.shell:Skip shell extension 'powershell' for command environment: Not usable outside of PowerShell
[2.097s] DEBUG:colcon.colcon_core.shell:Skip shell extension 'dsv' for command environment
[2.100s] INFO:colcon.colcon_ros.task.ament_python.build:Building ROS package in '/home/rss/robot_harry/robotik/src/webcam_bringup' with build type 'ament_python'
[2.100s] Level 1:colcon.colcon_core.shell:create_environment_hook('webcam_bringup', 'ament_prefix_path')
[2.100s] INFO:colcon.colcon_core.shell:Creating environment hook '/home/rss/robot_harry/robotik/install/webcam_bringup/share/webcam_bringup/hook/ament_prefix_path.ps1'
[2.100s] INFO:colcon.colcon_core.shell:Creating environment descriptor '/home/rss/robot_harry/robotik/install/webcam_bringup/share/webcam_bringup/hook/ament_prefix_path.dsv'
[2.101s] INFO:colcon.colcon_core.shell:Creating environment hook '/home/rss/robot_harry/robotik/install/webcam_bringup/share/webcam_bringup/hook/ament_prefix_path.sh'
[2.101s] INFO:colcon.colcon_core.shell:Skip shell extension 'powershell' for command environment: Not usable outside of PowerShell
[2.101s] DEBUG:colcon.colcon_core.shell:Skip shell extension 'dsv' for command environment
[2.104s] INFO:colcon.colcon_ros.task.ament_cmake.build:Building ROS package in '/home/rss/robot_harry/robotik/src/apriltag_ros' with build type 'ament_cmake'
[2.104s] INFO:colcon.colcon_cmake.task.cmake.build:Building CMake package in '/home/rss/robot_harry/robotik/src/apriltag_ros'
[2.104s] INFO:colcon.colcon_core.shell:Skip shell extension 'powershell' for command environment: Not usable outside of PowerShell
[2.104s] DEBUG:colcon.colcon_core.shell:Skip shell extension 'dsv' for command environment
[2.107s] INFO:colcon.colcon_ros.task.ament_cmake.build:Building ROS package in '/home/rss/robot_harry/robotik/src/create3_examples/create3_coverage' with build type 'ament_cmake'
[2.107s] INFO:colcon.colcon_cmake.task.cmake.build:Building CMake package in '/home/rss/robot_harry/robotik/src/create3_examples/create3_coverage'
[2.107s] INFO:colcon.colcon_core.shell:Skip shell extension 'powershell' for command environment: Not usable outside of PowerShell
[2.107s] DEBUG:colcon.colcon_core.shell:Skip shell extension 'dsv' for command environment
[2.328s] INFO:colcon.colcon_core.task.python.build:Building Python package in '/home/rss/robot_harry/robotik/src/webcam_bringup'
[2.328s] INFO:colcon.colcon_core.shell:Skip shell extension 'powershell' for command environment: Not usable outside of PowerShell
[2.329s] DEBUG:colcon.colcon_core.shell:Skip shell extension 'dsv' for command environment
[2.334s] DEBUG:colcon.colcon_core.event_handler.log_command:Invoking command in '/home/rss/robot_harry/robotik/build/apriltag_ros': CMAKE_PREFIX_PATH=/home/rss/robot_harry/robotik/install/apriltag_msgs:/home/rss/robot_harry/robotik/install/create3_lidar_slam:/home/rss/robot_harry/robotik/install/rplidar_ros:/home/rss/robot_harry/robotik/install/my_robot_slam:/home/rss/robot_harry/robotik/install/create3_republisher:/home/rss/robot_harry/robotik/install/create3_coverage:/home/rss/robot_harry/robotik/install/create3_examples_msgs:/home/rss/robot_harry/robotik/install/apriltag_ros:/home/rss/robot_harry/robotik/install/tag_detection:/home/rss/robot_harry/robotik/install/webcam_bringup:/home/rss/robot_harry/robotik/install/teleop:/home/rss/robot_harry/robotik/install/robot_bringup:/home/rss/robot_harry/robotik/install/pub_sub:/home/rss/robot_harry/robotik/install/object_detection:/home/rss/robot_harry/robotik/install/my_robot_navigation:/home/rss/robot_harry/robotik/install/create3_teleop:/home/rss/robot_harry/robotik/install/create3_examples_py:/opt/ros/humble LD_LIBRARY_PATH=/home/rss/robot_harry/robotik/install/apriltag_msgs/lib:/home/rss/robot_harry/robotik/install/create3_coverage/lib:/home/rss/robot_harry/robotik/install/create3_examples_msgs/lib:/home/rss/robot_harry/robotik/install/apriltag_ros/lib:/opt/ros/humble/opt/rviz_ogre_vendor/lib:/opt/ros/humble/lib/x86_64-linux-gnu:/opt/ros/humble/lib /usr/bin/cmake --build /home/rss/robot_harry/robotik/build/apriltag_ros -- -j8 -l8
[2.339s] DEBUG:colcon.colcon_core.event_handler.log_command:Invoking command in '/home/rss/robot_harry/robotik/build/create3_coverage': CMAKE_PREFIX_PATH=/home/rss/robot_harry/robotik/install/create3_examples_msgs:/home/rss/robot_harry/robotik/install/create3_lidar_slam:/home/rss/robot_harry/robotik/install/rplidar_ros:/home/rss/robot_harry/robotik/install/my_robot_slam:/home/rss/robot_harry/robotik/install/create3_republisher:/home/rss/robot_harry/robotik/install/create3_coverage:/home/rss/robot_harry/robotik/install/apriltag_ros:/home/rss/robot_harry/robotik/install/apriltag_msgs:/home/rss/robot_harry/robotik/install/tag_detection:/home/rss/robot_harry/robotik/install/webcam_bringup:/home/rss/robot_harry/robotik/install/teleop:/home/rss/robot_harry/robotik/install/robot_bringup:/home/rss/robot_harry/robotik/install/pub_sub:/home/rss/robot_harry/robotik/install/object_detection:/home/rss/robot_harry/robotik/install/my_robot_navigation:/home/rss/robot_harry/robotik/install/create3_teleop:/home/rss/robot_harry/robotik/install/create3_examples_py:/opt/ros/humble LD_LIBRARY_PATH=/home/rss/robot_harry/robotik/install/create3_examples_msgs/lib:/home/rss/robot_harry/robotik/install/create3_coverage/lib:/home/rss/robot_harry/robotik/install/apriltag_ros/lib:/home/rss/robot_harry/robotik/install/apriltag_msgs/lib:/opt/ros/humble/opt/rviz_ogre_vendor/lib:/opt/ros/humble/lib/x86_64-linux-gnu:/opt/ros/humble/lib /usr/bin/cmake --build /home/rss/robot_harry/robotik/build/create3_coverage -- -j8 -l8
[2.340s] DEBUG:colcon.colcon_core.event_handler.log_command:Invoking command in '/home/rss/robot_harry/robotik/src/pub_sub': PYTHONPATH=/home/rss/robot_harry/robotik/build/pub_sub/prefix_override:/usr/lib/python3/dist-packages/colcon_core/task/python/colcon_distutils_commands:/home/rss/robot_harry/robotik/install/pub_sub/lib/python3.10/site-packages:${PYTHONPATH} /usr/bin/python3 -W ignore:setup.py install is deprecated -W ignore:easy_install command is deprecated setup.py egg_info --egg-base ../../build/pub_sub build --build-base /home/rss/robot_harry/robotik/build/pub_sub/build install --record /home/rss/robot_harry/robotik/build/pub_sub/install.log --single-version-externally-managed install_data
[2.342s] DEBUG:colcon.colcon_core.event_handler.log_command:Invoking command in '/home/rss/robot_harry/robotik/src/object_detection': PYTHONPATH=/home/rss/robot_harry/robotik/build/object_detection/prefix_override:/usr/lib/python3/dist-packages/colcon_core/task/python/colcon_distutils_commands:/home/rss/robot_harry/robotik/install/object_detection/lib/python3.10/site-packages:${PYTHONPATH} /usr/bin/python3 -W ignore:setup.py install is deprecated -W ignore:easy_install command is deprecated setup.py egg_info --egg-base ../../build/object_detection build --build-base /home/rss/robot_harry/robotik/build/object_detection/build install --record /home/rss/robot_harry/robotik/build/object_detection/install.log --single-version-externally-managed install_data
[2.415s] DEBUG:colcon.colcon_core.event_handler.log_command:Invoking command in '/home/rss/robot_harry/robotik/src/teleop': PYTHONPATH=/home/rss/robot_harry/robotik/build/teleop/prefix_override:/usr/lib/python3/dist-packages/colcon_core/task/python/colcon_distutils_commands:/home/rss/robot_harry/robotik/install/teleop/lib/python3.10/site-packages:${PYTHONPATH} /usr/bin/python3 -W ignore:setup.py install is deprecated -W ignore:easy_install command is deprecated setup.py egg_info --egg-base ../../build/teleop build --build-base /home/rss/robot_harry/robotik/build/teleop/build install --record /home/rss/robot_harry/robotik/build/teleop/install.log --single-version-externally-managed install_data
[2.423s] DEBUG:colcon.colcon_core.event_handler.log_command:Invoking command in '/home/rss/robot_harry/robotik/src/robot_bringup': PYTHONPATH=/home/rss/robot_harry/robotik/build/robot_bringup/prefix_override:/usr/lib/python3/dist-packages/colcon_core/task/python/colcon_distutils_commands:/home/rss/robot_harry/robotik/install/robot_bringup/lib/python3.10/site-packages:${PYTHONPATH} /usr/bin/python3 -W ignore:setup.py install is deprecated -W ignore:easy_install command is deprecated setup.py egg_info --egg-base ../../build/robot_bringup build --build-base /home/rss/robot_harry/robotik/build/robot_bringup/build install --record /home/rss/robot_harry/robotik/build/robot_bringup/install.log --single-version-externally-managed install_data
[2.430s] DEBUG:colcon.colcon_core.event_handler.log_command:Invoking command in '/home/rss/robot_harry/robotik/src/tag_detection': PYTHONPATH=/home/rss/robot_harry/robotik/build/tag_detection/prefix_override:/usr/lib/python3/dist-packages/colcon_core/task/python/colcon_distutils_commands:/home/rss/robot_harry/robotik/install/tag_detection/lib/python3.10/site-packages:${PYTHONPATH} /usr/bin/python3 -W ignore:setup.py install is deprecated -W ignore:easy_install command is deprecated setup.py egg_info --egg-base ../../build/tag_detection build --build-base /home/rss/robot_harry/robotik/build/tag_detection/build install --record /home/rss/robot_harry/robotik/build/tag_detection/install.log --single-version-externally-managed install_data
[2.466s] DEBUG:colcon.colcon_core.event_handler.log_command:Invoked command in '/home/rss/robot_harry/robotik/build/create3_coverage' returned '0': CMAKE_PREFIX_PATH=/home/rss/robot_harry/robotik/install/create3_examples_msgs:/home/rss/robot_harry/robotik/install/create3_lidar_slam:/home/rss/robot_harry/robotik/install/rplidar_ros:/home/rss/robot_harry/robotik/install/my_robot_slam:/home/rss/robot_harry/robotik/install/create3_republisher:/home/rss/robot_harry/robotik/install/create3_coverage:/home/rss/robot_harry/robotik/install/apriltag_ros:/home/rss/robot_harry/robotik/install/apriltag_msgs:/home/rss/robot_harry/robotik/install/tag_detection:/home/rss/robot_harry/robotik/install/webcam_bringup:/home/rss/robot_harry/robotik/install/teleop:/home/rss/robot_harry/robotik/install/robot_bringup:/home/rss/robot_harry/robotik/install/pub_sub:/home/rss/robot_harry/robotik/install/object_detection:/home/rss/robot_harry/robotik/install/my_robot_navigation:/home/rss/robot_harry/robotik/install/create3_teleop:/home/rss/robot_harry/robotik/install/create3_examples_py:/opt/ros/humble LD_LIBRARY_PATH=/home/rss/robot_harry/robotik/install/create3_examples_msgs/lib:/home/rss/robot_harry/robotik/install/create3_coverage/lib:/home/rss/robot_harry/robotik/install/apriltag_ros/lib:/home/rss/robot_harry/robotik/install/apriltag_msgs/lib:/opt/ros/humble/opt/rviz_ogre_vendor/lib:/opt/ros/humble/lib/x86_64-linux-gnu:/opt/ros/humble/lib /usr/bin/cmake --build /home/rss/robot_harry/robotik/build/create3_coverage -- -j8 -l8
[2.471s] DEBUG:colcon.colcon_core.event_handler.log_command:Invoking command in '/home/rss/robot_harry/robotik/build/create3_coverage': CMAKE_PREFIX_PATH=/home/rss/robot_harry/robotik/install/create3_examples_msgs:/home/rss/robot_harry/robotik/install/create3_lidar_slam:/home/rss/robot_harry/robotik/install/rplidar_ros:/home/rss/robot_harry/robotik/install/my_robot_slam:/home/rss/robot_harry/robotik/install/create3_republisher:/home/rss/robot_harry/robotik/install/create3_coverage:/home/rss/robot_harry/robotik/install/apriltag_ros:/home/rss/robot_harry/robotik/install/apriltag_msgs:/home/rss/robot_harry/robotik/install/tag_detection:/home/rss/robot_harry/robotik/install/webcam_bringup:/home/rss/robot_harry/robotik/install/teleop:/home/rss/robot_harry/robotik/install/robot_bringup:/home/rss/robot_harry/robotik/install/pub_sub:/home/rss/robot_harry/robotik/install/object_detection:/home/rss/robot_harry/robotik/install/my_robot_navigation:/home/rss/robot_harry/robotik/install/create3_teleop:/home/rss/robot_harry/robotik/install/create3_examples_py:/opt/ros/humble LD_LIBRARY_PATH=/home/rss/robot_harry/robotik/install/create3_examples_msgs/lib:/home/rss/robot_harry/robotik/install/create3_coverage/lib:/home/rss/robot_harry/robotik/install/apriltag_ros/lib:/home/rss/robot_harry/robotik/install/apriltag_msgs/lib:/opt/ros/humble/opt/rviz_ogre_vendor/lib:/opt/ros/humble/lib/x86_64-linux-gnu:/opt/ros/humble/lib /usr/bin/cmake --install /home/rss/robot_harry/robotik/build/create3_coverage
[2.505s] DEBUG:colcon.colcon_core.event_handler.log_command:Invoked command in '/home/rss/robot_harry/robotik/build/apriltag_ros' returned '0': CMAKE_PREFIX_PATH=/home/rss/robot_harry/robotik/install/apriltag_msgs:/home/rss/robot_harry/robotik/install/create3_lidar_slam:/home/rss/robot_harry/robotik/install/rplidar_ros:/home/rss/robot_harry/robotik/install/my_robot_slam:/home/rss/robot_harry/robotik/install/create3_republisher:/home/rss/robot_harry/robotik/install/create3_coverage:/home/rss/robot_harry/robotik/install/create3_examples_msgs:/home/rss/robot_harry/robotik/install/apriltag_ros:/home/rss/robot_harry/robotik/install/tag_detection:/home/rss/robot_harry/robotik/install/webcam_bringup:/home/rss/robot_harry/robotik/install/teleop:/home/rss/robot_harry/robotik/install/robot_bringup:/home/rss/robot_harry/robotik/install/pub_sub:/home/rss/robot_harry/robotik/install/object_detection:/home/rss/robot_harry/robotik/install/my_robot_navigation:/home/rss/robot_harry/robotik/install/create3_teleop:/home/rss/robot_harry/robotik/install/create3_examples_py:/opt/ros/humble LD_LIBRARY_PATH=/home/rss/robot_harry/robotik/install/apriltag_msgs/lib:/home/rss/robot_harry/robotik/install/create3_coverage/lib:/home/rss/robot_harry/robotik/install/create3_examples_msgs/lib:/home/rss/robot_harry/robotik/install/apriltag_ros/lib:/opt/ros/humble/opt/rviz_ogre_vendor/lib:/opt/ros/humble/lib/x86_64-linux-gnu:/opt/ros/humble/lib /usr/bin/cmake --build /home/rss/robot_harry/robotik/build/apriltag_ros -- -j8 -l8
[2.508s] DEBUG:colcon.colcon_core.event_handler.log_command:Invoking command in '/home/rss/robot_harry/robotik/build/apriltag_ros': CMAKE_PREFIX_PATH=/home/rss/robot_harry/robotik/install/apriltag_msgs:/home/rss/robot_harry/robotik/install/create3_lidar_slam:/home/rss/robot_harry/robotik/install/rplidar_ros:/home/rss/robot_harry/robotik/install/my_robot_slam:/home/rss/robot_harry/robotik/install/create3_republisher:/home/rss/robot_harry/robotik/install/create3_coverage:/home/rss/robot_harry/robotik/install/create3_examples_msgs:/home/rss/robot_harry/robotik/install/apriltag_ros:/home/rss/robot_harry/robotik/install/tag_detection:/home/rss/robot_harry/robotik/install/webcam_bringup:/home/rss/robot_harry/robotik/install/teleop:/home/rss/robot_harry/robotik/install/robot_bringup:/home/rss/robot_harry/robotik/install/pub_sub:/home/rss/robot_harry/robotik/install/object_detection:/home/rss/robot_harry/robotik/install/my_robot_navigation:/home/rss/robot_harry/robotik/install/create3_teleop:/home/rss/robot_harry/robotik/install/create3_examples_py:/opt/ros/humble LD_LIBRARY_PATH=/home/rss/robot_harry/robotik/install/apriltag_msgs/lib:/home/rss/robot_harry/robotik/install/create3_coverage/lib:/home/rss/robot_harry/robotik/install/create3_examples_msgs/lib:/home/rss/robot_harry/robotik/install/apriltag_ros/lib:/opt/ros/humble/opt/rviz_ogre_vendor/lib:/opt/ros/humble/lib/x86_64-linux-gnu:/opt/ros/humble/lib /usr/bin/cmake --install /home/rss/robot_harry/robotik/build/apriltag_ros
[2.509s] Level 1:colcon.colcon_core.environment:create_environment_scripts_only(create3_coverage)
[2.509s] Level 1:colcon.colcon_core.environment:checking '/home/rss/robot_harry/robotik/install/create3_coverage' for CMake module files
[2.511s] Level 1:colcon.colcon_core.environment:checking '/home/rss/robot_harry/robotik/install/create3_coverage' for CMake config files
[2.511s] DEBUG:colcon.colcon_core.event_handler.log_command:Invoked command in '/home/rss/robot_harry/robotik/build/create3_coverage' returned '0': CMAKE_PREFIX_PATH=/home/rss/robot_harry/robotik/install/create3_examples_msgs:/home/rss/robot_harry/robotik/install/create3_lidar_slam:/home/rss/robot_harry/robotik/install/rplidar_ros:/home/rss/robot_harry/robotik/install/my_robot_slam:/home/rss/robot_harry/robotik/install/create3_republisher:/home/rss/robot_harry/robotik/install/create3_coverage:/home/rss/robot_harry/robotik/install/apriltag_ros:/home/rss/robot_harry/robotik/install/apriltag_msgs:/home/rss/robot_harry/robotik/install/tag_detection:/home/rss/robot_harry/robotik/install/webcam_bringup:/home/rss/robot_harry/robotik/install/teleop:/home/rss/robot_harry/robotik/install/robot_bringup:/home/rss/robot_harry/robotik/install/pub_sub:/home/rss/robot_harry/robotik/install/object_detection:/home/rss/robot_harry/robotik/install/my_robot_navigation:/home/rss/robot_harry/robotik/install/create3_teleop:/home/rss/robot_harry/robotik/install/create3_examples_py:/opt/ros/humble LD_LIBRARY_PATH=/home/rss/robot_harry/robotik/install/create3_examples_msgs/lib:/home/rss/robot_harry/robotik/install/create3_coverage/lib:/home/rss/robot_harry/robotik/install/apriltag_ros/lib:/home/rss/robot_harry/robotik/install/apriltag_msgs/lib:/opt/ros/humble/opt/rviz_ogre_vendor/lib:/opt/ros/humble/lib/x86_64-linux-gnu:/opt/ros/humble/lib /usr/bin/cmake --install /home/rss/robot_harry/robotik/build/create3_coverage
[2.512s] Level 1:colcon.colcon_core.shell:create_environment_hook('create3_coverage', 'cmake_prefix_path')
[2.512s] INFO:colcon.colcon_core.shell:Creating environment hook '/home/rss/robot_harry/robotik/install/create3_coverage/share/create3_coverage/hook/cmake_prefix_path.ps1'
[2.513s] INFO:colcon.colcon_core.shell:Creating environment descriptor '/home/rss/robot_harry/robotik/install/create3_coverage/share/create3_coverage/hook/cmake_prefix_path.dsv'
[2.513s] INFO:colcon.colcon_core.shell:Creating environment hook '/home/rss/robot_harry/robotik/install/create3_coverage/share/create3_coverage/hook/cmake_prefix_path.sh'
[2.514s] Level 1:colcon.colcon_core.environment:checking '/home/rss/robot_harry/robotik/install/create3_coverage/lib'
[2.514s] Level 1:colcon.colcon_core.shell:create_environment_hook('create3_coverage', 'ld_library_path_lib')
[2.514s] INFO:colcon.colcon_core.shell:Creating environment hook '/home/rss/robot_harry/robotik/install/create3_coverage/share/create3_coverage/hook/ld_library_path_lib.ps1'
[2.515s] INFO:colcon.colcon_core.shell:Creating environment descriptor '/home/rss/robot_harry/robotik/install/create3_coverage/share/create3_coverage/hook/ld_library_path_lib.dsv'
[2.516s] INFO:colcon.colcon_core.shell:Creating environment hook '/home/rss/robot_harry/robotik/install/create3_coverage/share/create3_coverage/hook/ld_library_path_lib.sh'
[2.517s] Level 1:colcon.colcon_core.environment:checking '/home/rss/robot_harry/robotik/install/create3_coverage/bin'
[2.517s] Level 1:colcon.colcon_core.environment:checking '/home/rss/robot_harry/robotik/install/create3_coverage/lib/pkgconfig/create3_coverage.pc'
[2.517s] Level 1:colcon.colcon_core.environment:checking '/home/rss/robot_harry/robotik/install/create3_coverage/lib/python3.10/site-packages'
[2.517s] Level 1:colcon.colcon_core.environment:checking '/home/rss/robot_harry/robotik/install/create3_coverage/bin'
[2.518s] INFO:colcon.colcon_core.shell:Creating package script '/home/rss/robot_harry/robotik/install/create3_coverage/share/create3_coverage/package.ps1'
[2.518s] INFO:colcon.colcon_core.shell:Creating package descriptor '/home/rss/robot_harry/robotik/install/create3_coverage/share/create3_coverage/package.dsv'
[2.519s] INFO:colcon.colcon_core.shell:Creating package script '/home/rss/robot_harry/robotik/install/create3_coverage/share/create3_coverage/package.sh'
[2.519s] INFO:colcon.colcon_core.shell:Creating package script '/home/rss/robot_harry/robotik/install/create3_coverage/share/create3_coverage/package.bash'
[2.519s] INFO:colcon.colcon_core.shell:Creating package script '/home/rss/robot_harry/robotik/install/create3_coverage/share/create3_coverage/package.zsh'
[2.520s] Level 1:colcon.colcon_core.environment:create_file_with_runtime_dependencies(/home/rss/robot_harry/robotik/install/create3_coverage/share/colcon-core/packages/create3_coverage)
[2.521s] Level 1:colcon.colcon_core.environment:create_environment_scripts_only(create3_coverage)
[2.522s] Level 1:colcon.colcon_core.environment:checking '/home/rss/robot_harry/robotik/install/create3_coverage' for CMake module files
[2.523s] Level 1:colcon.colcon_core.environment:checking '/home/rss/robot_harry/robotik/install/create3_coverage' for CMake config files
[2.523s] Level 1:colcon.colcon_core.shell:create_environment_hook('create3_coverage', 'cmake_prefix_path')
[2.523s] INFO:colcon.colcon_core.shell:Creating environment hook '/home/rss/robot_harry/robotik/install/create3_coverage/share/create3_coverage/hook/cmake_prefix_path.ps1'
[2.524s] INFO:colcon.colcon_core.shell:Creating environment descriptor '/home/rss/robot_harry/robotik/install/create3_coverage/share/create3_coverage/hook/cmake_prefix_path.dsv'
[2.524s] INFO:colcon.colcon_core.shell:Creating environment hook '/home/rss/robot_harry/robotik/install/create3_coverage/share/create3_coverage/hook/cmake_prefix_path.sh'
[2.525s] Level 1:colcon.colcon_core.environment:checking '/home/rss/robot_harry/robotik/install/create3_coverage/lib'
[2.525s] Level 1:colcon.colcon_core.shell:create_environment_hook('create3_coverage', 'ld_library_path_lib')
[2.525s] INFO:colcon.colcon_core.shell:Creating environment hook '/home/rss/robot_harry/robotik/install/create3_coverage/share/create3_coverage/hook/ld_library_path_lib.ps1'
[2.525s] INFO:colcon.colcon_core.shell:Creating environment descriptor '/home/rss/robot_harry/robotik/install/create3_coverage/share/create3_coverage/hook/ld_library_path_lib.dsv'
[2.526s] INFO:colcon.colcon_core.shell:Creating environment hook '/home/rss/robot_harry/robotik/install/create3_coverage/share/create3_coverage/hook/ld_library_path_lib.sh'
[2.526s] Level 1:colcon.colcon_core.environment:checking '/home/rss/robot_harry/robotik/install/create3_coverage/bin'
[2.526s] Level 1:colcon.colcon_core.environment:checking '/home/rss/robot_harry/robotik/install/create3_coverage/lib/pkgconfig/create3_coverage.pc'
[2.527s] Level 1:colcon.colcon_core.environment:checking '/home/rss/robot_harry/robotik/install/create3_coverage/lib/python3.10/site-packages'
[2.527s] Level 1:colcon.colcon_core.environment:checking '/home/rss/robot_harry/robotik/install/create3_coverage/bin'
[2.528s] INFO:colcon.colcon_core.shell:Creating package script '/home/rss/robot_harry/robotik/install/create3_coverage/share/create3_coverage/package.ps1'
[2.530s] INFO:colcon.colcon_core.shell:Creating package descriptor '/home/rss/robot_harry/robotik/install/create3_coverage/share/create3_coverage/package.dsv'
[2.531s] INFO:colcon.colcon_core.shell:Creating package script '/home/rss/robot_harry/robotik/install/create3_coverage/share/create3_coverage/package.sh'
[2.531s] INFO:colcon.colcon_core.shell:Creating package script '/home/rss/robot_harry/robotik/install/create3_coverage/share/create3_coverage/package.bash'
[2.532s] INFO:colcon.colcon_core.shell:Creating package script '/home/rss/robot_harry/robotik/install/create3_coverage/share/create3_coverage/package.zsh'
[2.532s] Level 1:colcon.colcon_core.environment:create_file_with_runtime_dependencies(/home/rss/robot_harry/robotik/install/create3_coverage/share/colcon-core/packages/create3_coverage)
[2.533s] INFO:colcon.colcon_ros.task.ament_cmake.build:Building ROS package in '/home/rss/robot_harry/robotik/src/create3_examples/create3_lidar_slam' with build type 'ament_cmake'
[2.533s] INFO:colcon.colcon_cmake.task.cmake.build:Building CMake package in '/home/rss/robot_harry/robotik/src/create3_examples/create3_lidar_slam'
[2.533s] INFO:colcon.colcon_core.shell:Skip shell extension 'powershell' for command environment: Not usable outside of PowerShell
[2.533s] DEBUG:colcon.colcon_core.shell:Skip shell extension 'dsv' for command environment
[2.539s] Level 1:colcon.colcon_core.environment:create_environment_scripts_only(apriltag_ros)
[2.540s] Level 1:colcon.colcon_core.environment:checking '/home/rss/robot_harry/robotik/install/apriltag_ros' for CMake module files
[2.542s] Level 1:colcon.colcon_core.environment:checking '/home/rss/robot_harry/robotik/install/apriltag_ros' for CMake config files
[2.542s] Level 1:colcon.colcon_core.shell:create_environment_hook('apriltag_ros', 'cmake_prefix_path')
[2.542s] INFO:colcon.colcon_core.shell:Creating environment hook '/home/rss/robot_harry/robotik/install/apriltag_ros/share/apriltag_ros/hook/cmake_prefix_path.ps1'
[2.543s] INFO:colcon.colcon_core.shell:Creating environment descriptor '/home/rss/robot_harry/robotik/install/apriltag_ros/share/apriltag_ros/hook/cmake_prefix_path.dsv'
[2.543s] DEBUG:colcon.colcon_core.event_handler.log_command:Invoked command in '/home/rss/robot_harry/robotik/build/apriltag_ros' returned '0': CMAKE_PREFIX_PATH=/home/rss/robot_harry/robotik/install/apriltag_msgs:/home/rss/robot_harry/robotik/install/create3_lidar_slam:/home/rss/robot_harry/robotik/install/rplidar_ros:/home/rss/robot_harry/robotik/install/my_robot_slam:/home/rss/robot_harry/robotik/install/create3_republisher:/home/rss/robot_harry/robotik/install/create3_coverage:/home/rss/robot_harry/robotik/install/create3_examples_msgs:/home/rss/robot_harry/robotik/install/apriltag_ros:/home/rss/robot_harry/robotik/install/tag_detection:/home/rss/robot_harry/robotik/install/webcam_bringup:/home/rss/robot_harry/robotik/install/teleop:/home/rss/robot_harry/robotik/install/robot_bringup:/home/rss/robot_harry/robotik/install/pub_sub:/home/rss/robot_harry/robotik/install/object_detection:/home/rss/robot_harry/robotik/install/my_robot_navigation:/home/rss/robot_harry/robotik/install/create3_teleop:/home/rss/robot_harry/robotik/install/create3_examples_py:/opt/ros/humble LD_LIBRARY_PATH=/home/rss/robot_harry/robotik/install/apriltag_msgs/lib:/home/rss/robot_harry/robotik/install/create3_coverage/lib:/home/rss/robot_harry/robotik/install/create3_examples_msgs/lib:/home/rss/robot_harry/robotik/install/apriltag_ros/lib:/opt/ros/humble/opt/rviz_ogre_vendor/lib:/opt/ros/humble/lib/x86_64-linux-gnu:/opt/ros/humble/lib /usr/bin/cmake --install /home/rss/robot_harry/robotik/build/apriltag_ros
[2.543s] INFO:colcon.colcon_core.shell:Creating environment hook '/home/rss/robot_harry/robotik/install/apriltag_ros/share/apriltag_ros/hook/cmake_prefix_path.sh'
[2.544s] Level 1:colcon.colcon_core.environment:checking '/home/rss/robot_harry/robotik/install/apriltag_ros/lib'
[2.544s] Level 1:colcon.colcon_core.shell:create_environment_hook('apriltag_ros', 'ld_library_path_lib')
[2.545s] INFO:colcon.colcon_core.shell:Creating environment hook '/home/rss/robot_harry/robotik/install/apriltag_ros/share/apriltag_ros/hook/ld_library_path_lib.ps1'
[2.545s] INFO:colcon.colcon_core.shell:Creating environment descriptor '/home/rss/robot_harry/robotik/install/apriltag_ros/share/apriltag_ros/hook/ld_library_path_lib.dsv'
[2.546s] INFO:colcon.colcon_core.shell:Creating environment hook '/home/rss/robot_harry/robotik/install/apriltag_ros/share/apriltag_ros/hook/ld_library_path_lib.sh'
[2.546s] Level 1:colcon.colcon_core.environment:checking '/home/rss/robot_harry/robotik/install/apriltag_ros/bin'
[2.547s] Level 1:colcon.colcon_core.environment:checking '/home/rss/robot_harry/robotik/install/apriltag_ros/lib/pkgconfig/apriltag_ros.pc'
[2.547s] Level 1:colcon.colcon_core.environment:checking '/home/rss/robot_harry/robotik/install/apriltag_ros/lib/python3.10/site-packages'
[2.547s] Level 1:colcon.colcon_core.environment:checking '/home/rss/robot_harry/robotik/install/apriltag_ros/bin'
[2.548s] INFO:colcon.colcon_core.shell:Creating package script '/home/rss/robot_harry/robotik/install/apriltag_ros/share/apriltag_ros/package.ps1'
[2.548s] INFO:colcon.colcon_core.shell:Creating package descriptor '/home/rss/robot_harry/robotik/install/apriltag_ros/share/apriltag_ros/package.dsv'
[2.549s] INFO:colcon.colcon_core.shell:Creating package script '/home/rss/robot_harry/robotik/install/apriltag_ros/share/apriltag_ros/package.sh'
[2.549s] INFO:colcon.colcon_core.shell:Creating package script '/home/rss/robot_harry/robotik/install/apriltag_ros/share/apriltag_ros/package.bash'
[2.549s] INFO:colcon.colcon_core.shell:Creating package script '/home/rss/robot_harry/robotik/install/apriltag_ros/share/apriltag_ros/package.zsh'
[2.550s] Level 1:colcon.colcon_core.environment:create_file_with_runtime_dependencies(/home/rss/robot_harry/robotik/install/apriltag_ros/share/colcon-core/packages/apriltag_ros)
[2.550s] Level 1:colcon.colcon_core.environment:create_environment_scripts_only(apriltag_ros)
[2.551s] Level 1:colcon.colcon_core.environment:checking '/home/rss/robot_harry/robotik/install/apriltag_ros' for CMake module files
[2.551s] Level 1:colcon.colcon_core.environment:checking '/home/rss/robot_harry/robotik/install/apriltag_ros' for CMake config files
[2.551s] Level 1:colcon.colcon_core.shell:create_environment_hook('apriltag_ros', 'cmake_prefix_path')
[2.552s] INFO:colcon.colcon_core.shell:Creating environment hook '/home/rss/robot_harry/robotik/install/apriltag_ros/share/apriltag_ros/hook/cmake_prefix_path.ps1'
[2.552s] INFO:colcon.colcon_core.shell:Creating environment descriptor '/home/rss/robot_harry/robotik/install/apriltag_ros/share/apriltag_ros/hook/cmake_prefix_path.dsv'
[2.553s] INFO:colcon.colcon_core.shell:Creating environment hook '/home/rss/robot_harry/robotik/install/apriltag_ros/share/apriltag_ros/hook/cmake_prefix_path.sh'
[2.553s] Level 1:colcon.colcon_core.environment:checking '/home/rss/robot_harry/robotik/install/apriltag_ros/lib'
[2.553s] Level 1:colcon.colcon_core.shell:create_environment_hook('apriltag_ros', 'ld_library_path_lib')
[2.554s] INFO:colcon.colcon_core.shell:Creating environment hook '/home/rss/robot_harry/robotik/install/apriltag_ros/share/apriltag_ros/hook/ld_library_path_lib.ps1'
[2.554s] INFO:colcon.colcon_core.shell:Creating environment descriptor '/home/rss/robot_harry/robotik/install/apriltag_ros/share/apriltag_ros/hook/ld_library_path_lib.dsv'
[2.554s] INFO:colcon.colcon_core.shell:Creating environment hook '/home/rss/robot_harry/robotik/install/apriltag_ros/share/apriltag_ros/hook/ld_library_path_lib.sh'
[2.555s] Level 1:colcon.colcon_core.environment:checking '/home/rss/robot_harry/robotik/install/apriltag_ros/bin'
[2.555s] Level 1:colcon.colcon_core.environment:checking '/home/rss/robot_harry/robotik/install/apriltag_ros/lib/pkgconfig/apriltag_ros.pc'
[2.555s] Level 1:colcon.colcon_core.environment:checking '/home/rss/robot_harry/robotik/install/apriltag_ros/lib/python3.10/site-packages'
[2.555s] Level 1:colcon.colcon_core.environment:checking '/home/rss/robot_harry/robotik/install/apriltag_ros/bin'
[2.556s] INFO:colcon.colcon_core.shell:Creating package script '/home/rss/robot_harry/robotik/install/apriltag_ros/share/apriltag_ros/package.ps1'
[2.556s] INFO:colcon.colcon_core.shell:Creating package descriptor '/home/rss/robot_harry/robotik/install/apriltag_ros/share/apriltag_ros/package.dsv'
[2.557s] INFO:colcon.colcon_core.shell:Creating package script '/home/rss/robot_harry/robotik/install/apriltag_ros/share/apriltag_ros/package.sh'
[2.558s] INFO:colcon.colcon_core.shell:Creating package script '/home/rss/robot_harry/robotik/install/apriltag_ros/share/apriltag_ros/package.bash'
[2.559s] INFO:colcon.colcon_core.shell:Creating package script '/home/rss/robot_harry/robotik/install/apriltag_ros/share/apriltag_ros/package.zsh'
[2.560s] Level 1:colcon.colcon_core.environment:create_file_with_runtime_dependencies(/home/rss/robot_harry/robotik/install/apriltag_ros/share/colcon-core/packages/apriltag_ros)
[2.565s] DEBUG:colcon.colcon_core.event_handler.log_command:Invoking command in '/home/rss/robot_harry/robotik/build/create3_lidar_slam': CMAKE_PREFIX_PATH=/home/rss/robot_harry/robotik/install/rplidar_ros:/home/rss/robot_harry/robotik/install/create3_lidar_slam:/home/rss/robot_harry/robotik/install/my_robot_slam:/home/rss/robot_harry/robotik/install/create3_republisher:/home/rss/robot_harry/robotik/install/create3_coverage:/home/rss/robot_harry/robotik/install/create3_examples_msgs:/home/rss/robot_harry/robotik/install/apriltag_ros:/home/rss/robot_harry/robotik/install/apriltag_msgs:/home/rss/robot_harry/robotik/install/tag_detection:/home/rss/robot_harry/robotik/install/webcam_bringup:/home/rss/robot_harry/robotik/install/teleop:/home/rss/robot_harry/robotik/install/robot_bringup:/home/rss/robot_harry/robotik/install/pub_sub:/home/rss/robot_harry/robotik/install/object_detection:/home/rss/robot_harry/robotik/install/my_robot_navigation:/home/rss/robot_harry/robotik/install/create3_teleop:/home/rss/robot_harry/robotik/install/create3_examples_py:/opt/ros/humble /usr/bin/cmake --build /home/rss/robot_harry/robotik/build/create3_lidar_slam -- -j8 -l8
[2.614s] DEBUG:colcon.colcon_core.event_handler.log_command:Invoked command in '/home/rss/robot_harry/robotik/build/create3_lidar_slam' returned '0': CMAKE_PREFIX_PATH=/home/rss/robot_harry/robotik/install/rplidar_ros:/home/rss/robot_harry/robotik/install/create3_lidar_slam:/home/rss/robot_harry/robotik/install/my_robot_slam:/home/rss/robot_harry/robotik/install/create3_republisher:/home/rss/robot_harry/robotik/install/create3_coverage:/home/rss/robot_harry/robotik/install/create3_examples_msgs:/home/rss/robot_harry/robotik/install/apriltag_ros:/home/rss/robot_harry/robotik/install/apriltag_msgs:/home/rss/robot_harry/robotik/install/tag_detection:/home/rss/robot_harry/robotik/install/webcam_bringup:/home/rss/robot_harry/robotik/install/teleop:/home/rss/robot_harry/robotik/install/robot_bringup:/home/rss/robot_harry/robotik/install/pub_sub:/home/rss/robot_harry/robotik/install/object_detection:/home/rss/robot_harry/robotik/install/my_robot_navigation:/home/rss/robot_harry/robotik/install/create3_teleop:/home/rss/robot_harry/robotik/install/create3_examples_py:/opt/ros/humble /usr/bin/cmake --build /home/rss/robot_harry/robotik/build/create3_lidar_slam -- -j8 -l8
[2.614s] DEBUG:colcon.colcon_core.event_handler.log_command:Invoking command in '/home/rss/robot_harry/robotik/build/create3_lidar_slam': CMAKE_PREFIX_PATH=/home/rss/robot_harry/robotik/install/rplidar_ros:/home/rss/robot_harry/robotik/install/create3_lidar_slam:/home/rss/robot_harry/robotik/install/my_robot_slam:/home/rss/robot_harry/robotik/install/create3_republisher:/home/rss/robot_harry/robotik/install/create3_coverage:/home/rss/robot_harry/robotik/install/create3_examples_msgs:/home/rss/robot_harry/robotik/install/apriltag_ros:/home/rss/robot_harry/robotik/install/apriltag_msgs:/home/rss/robot_harry/robotik/install/tag_detection:/home/rss/robot_harry/robotik/install/webcam_bringup:/home/rss/robot_harry/robotik/install/teleop:/home/rss/robot_harry/robotik/install/robot_bringup:/home/rss/robot_harry/robotik/install/pub_sub:/home/rss/robot_harry/robotik/install/object_detection:/home/rss/robot_harry/robotik/install/my_robot_navigation:/home/rss/robot_harry/robotik/install/create3_teleop:/home/rss/robot_harry/robotik/install/create3_examples_py:/opt/ros/humble /usr/bin/cmake --install /home/rss/robot_harry/robotik/build/create3_lidar_slam
[2.627s] Level 1:colcon.colcon_core.environment:create_environment_scripts_only(create3_lidar_slam)
[2.628s] Level 1:colcon.colcon_core.environment:checking '/home/rss/robot_harry/robotik/install/create3_lidar_slam' for CMake module files
[2.628s] Level 1:colcon.colcon_core.environment:checking '/home/rss/robot_harry/robotik/install/create3_lidar_slam' for CMake config files
[2.629s] DEBUG:colcon.colcon_core.event_handler.log_command:Invoked command in '/home/rss/robot_harry/robotik/build/create3_lidar_slam' returned '0': CMAKE_PREFIX_PATH=/home/rss/robot_harry/robotik/install/rplidar_ros:/home/rss/robot_harry/robotik/install/create3_lidar_slam:/home/rss/robot_harry/robotik/install/my_robot_slam:/home/rss/robot_harry/robotik/install/create3_republisher:/home/rss/robot_harry/robotik/install/create3_coverage:/home/rss/robot_harry/robotik/install/create3_examples_msgs:/home/rss/robot_harry/robotik/install/apriltag_ros:/home/rss/robot_harry/robotik/install/apriltag_msgs:/home/rss/robot_harry/robotik/install/tag_detection:/home/rss/robot_harry/robotik/install/webcam_bringup:/home/rss/robot_harry/robotik/install/teleop:/home/rss/robot_harry/robotik/install/robot_bringup:/home/rss/robot_harry/robotik/install/pub_sub:/home/rss/robot_harry/robotik/install/object_detection:/home/rss/robot_harry/robotik/install/my_robot_navigation:/home/rss/robot_harry/robotik/install/create3_teleop:/home/rss/robot_harry/robotik/install/create3_examples_py:/opt/ros/humble /usr/bin/cmake --install /home/rss/robot_harry/robotik/build/create3_lidar_slam
[2.629s] Level 1:colcon.colcon_core.shell:create_environment_hook('create3_lidar_slam', 'cmake_prefix_path')
[2.629s] INFO:colcon.colcon_core.shell:Creating environment hook '/home/rss/robot_harry/robotik/install/create3_lidar_slam/share/create3_lidar_slam/hook/cmake_prefix_path.ps1'
[2.630s] INFO:colcon.colcon_core.shell:Creating environment descriptor '/home/rss/robot_harry/robotik/install/create3_lidar_slam/share/create3_lidar_slam/hook/cmake_prefix_path.dsv'
[2.630s] INFO:colcon.colcon_core.shell:Creating environment hook '/home/rss/robot_harry/robotik/install/create3_lidar_slam/share/create3_lidar_slam/hook/cmake_prefix_path.sh'
[2.631s] Level 1:colcon.colcon_core.environment:checking '/home/rss/robot_harry/robotik/install/create3_lidar_slam/bin'
[2.631s] Level 1:colcon.colcon_core.environment:checking '/home/rss/robot_harry/robotik/install/create3_lidar_slam/lib/pkgconfig/create3_lidar_slam.pc'
[2.631s] Level 1:colcon.colcon_core.environment:checking '/home/rss/robot_harry/robotik/install/create3_lidar_slam/lib/python3.10/site-packages'
[2.632s] Level 1:colcon.colcon_core.environment:checking '/home/rss/robot_harry/robotik/install/create3_lidar_slam/bin'
[2.632s] INFO:colcon.colcon_core.shell:Creating package script '/home/rss/robot_harry/robotik/install/create3_lidar_slam/share/create3_lidar_slam/package.ps1'
[2.633s] INFO:colcon.colcon_core.shell:Creating package descriptor '/home/rss/robot_harry/robotik/install/create3_lidar_slam/share/create3_lidar_slam/package.dsv'
[2.633s] INFO:colcon.colcon_core.shell:Creating package script '/home/rss/robot_harry/robotik/install/create3_lidar_slam/share/create3_lidar_slam/package.sh'
[2.633s] INFO:colcon.colcon_core.shell:Creating package script '/home/rss/robot_harry/robotik/install/create3_lidar_slam/share/create3_lidar_slam/package.bash'
[2.634s] INFO:colcon.colcon_core.shell:Creating package script '/home/rss/robot_harry/robotik/install/create3_lidar_slam/share/create3_lidar_slam/package.zsh'
[2.634s] Level 1:colcon.colcon_core.environment:create_file_with_runtime_dependencies(/home/rss/robot_harry/robotik/install/create3_lidar_slam/share/colcon-core/packages/create3_lidar_slam)
[2.635s] Level 1:colcon.colcon_core.environment:create_environment_scripts_only(create3_lidar_slam)
[2.635s] Level 1:colcon.colcon_core.environment:checking '/home/rss/robot_harry/robotik/install/create3_lidar_slam' for CMake module files
[2.635s] Level 1:colcon.colcon_core.environment:checking '/home/rss/robot_harry/robotik/install/create3_lidar_slam' for CMake config files
[2.636s] Level 1:colcon.colcon_core.shell:create_environment_hook('create3_lidar_slam', 'cmake_prefix_path')
[2.636s] INFO:colcon.colcon_core.shell:Creating environment hook '/home/rss/robot_harry/robotik/install/create3_lidar_slam/share/create3_lidar_slam/hook/cmake_prefix_path.ps1'
[2.636s] INFO:colcon.colcon_core.shell:Creating environment descriptor '/home/rss/robot_harry/robotik/install/create3_lidar_slam/share/create3_lidar_slam/hook/cmake_prefix_path.dsv'
[2.637s] INFO:colcon.colcon_core.shell:Creating environment hook '/home/rss/robot_harry/robotik/install/create3_lidar_slam/share/create3_lidar_slam/hook/cmake_prefix_path.sh'
[2.637s] Level 1:colcon.colcon_core.environment:checking '/home/rss/robot_harry/robotik/install/create3_lidar_slam/bin'
[2.637s] Level 1:colcon.colcon_core.environment:checking '/home/rss/robot_harry/robotik/install/create3_lidar_slam/lib/pkgconfig/create3_lidar_slam.pc'
[2.637s] Level 1:colcon.colcon_core.environment:checking '/home/rss/robot_harry/robotik/install/create3_lidar_slam/lib/python3.10/site-packages'
[2.638s] Level 1:colcon.colcon_core.environment:checking '/home/rss/robot_harry/robotik/install/create3_lidar_slam/bin'
[2.638s] INFO:colcon.colcon_core.shell:Creating package script '/home/rss/robot_harry/robotik/install/create3_lidar_slam/share/create3_lidar_slam/package.ps1'
[2.639s] INFO:colcon.colcon_core.shell:Creating package descriptor '/home/rss/robot_harry/robotik/install/create3_lidar_slam/share/create3_lidar_slam/package.dsv'
[2.640s] INFO:colcon.colcon_core.shell:Creating package script '/home/rss/robot_harry/robotik/install/create3_lidar_slam/share/create3_lidar_slam/package.sh'
[2.640s] INFO:colcon.colcon_core.shell:Creating package script '/home/rss/robot_harry/robotik/install/create3_lidar_slam/share/create3_lidar_slam/package.bash'
[2.640s] INFO:colcon.colcon_core.shell:Creating package script '/home/rss/robot_harry/robotik/install/create3_lidar_slam/share/create3_lidar_slam/package.zsh'
[2.641s] Level 1:colcon.colcon_core.environment:create_file_with_runtime_dependencies(/home/rss/robot_harry/robotik/install/create3_lidar_slam/share/colcon-core/packages/create3_lidar_slam)
[2.738s] Level 1:colcon.colcon_core.environment:checking '/home/rss/robot_harry/robotik/install/pub_sub' for CMake module files
[2.738s] DEBUG:colcon.colcon_core.event_handler.log_command:Invoked command in '/home/rss/robot_harry/robotik/src/pub_sub' returned '0': PYTHONPATH=/home/rss/robot_harry/robotik/build/pub_sub/prefix_override:/usr/lib/python3/dist-packages/colcon_core/task/python/colcon_distutils_commands:/home/rss/robot_harry/robotik/install/pub_sub/lib/python3.10/site-packages:${PYTHONPATH} /usr/bin/python3 -W ignore:setup.py install is deprecated -W ignore:easy_install command is deprecated setup.py egg_info --egg-base ../../build/pub_sub build --build-base /home/rss/robot_harry/robotik/build/pub_sub/build install --record /home/rss/robot_harry/robotik/build/pub_sub/install.log --single-version-externally-managed install_data
[2.740s] Level 1:colcon.colcon_core.environment:checking '/home/rss/robot_harry/robotik/install/pub_sub' for CMake config files
[2.741s] Level 1:colcon.colcon_core.environment:checking '/home/rss/robot_harry/robotik/install/pub_sub/lib'
[2.741s] Level 1:colcon.colcon_core.environment:checking '/home/rss/robot_harry/robotik/install/pub_sub/bin'
[2.741s] Level 1:colcon.colcon_core.environment:checking '/home/rss/robot_harry/robotik/install/pub_sub/lib/pkgconfig/pub_sub.pc'
[2.742s] Level 1:colcon.colcon_core.environment:checking '/home/rss/robot_harry/robotik/install/pub_sub/lib/python3.10/site-packages'
[2.742s] Level 1:colcon.colcon_core.shell:create_environment_hook('pub_sub', 'pythonpath')
[2.742s] INFO:colcon.colcon_core.shell:Creating environment hook '/home/rss/robot_harry/robotik/install/pub_sub/share/pub_sub/hook/pythonpath.ps1'
[2.743s] INFO:colcon.colcon_core.shell:Creating environment descriptor '/home/rss/robot_harry/robotik/install/pub_sub/share/pub_sub/hook/pythonpath.dsv'
[2.744s] INFO:colcon.colcon_core.shell:Creating environment hook '/home/rss/robot_harry/robotik/install/pub_sub/share/pub_sub/hook/pythonpath.sh'
[2.744s] Level 1:colcon.colcon_core.environment:checking '/home/rss/robot_harry/robotik/install/pub_sub/bin'
[2.744s] Level 1:colcon.colcon_core.environment:create_environment_scripts_only(pub_sub)
[2.745s] INFO:colcon.colcon_core.shell:Creating package script '/home/rss/robot_harry/robotik/install/pub_sub/share/pub_sub/package.ps1'
[2.746s] INFO:colcon.colcon_core.shell:Creating package descriptor '/home/rss/robot_harry/robotik/install/pub_sub/share/pub_sub/package.dsv'
[2.747s] INFO:colcon.colcon_core.shell:Creating package script '/home/rss/robot_harry/robotik/install/pub_sub/share/pub_sub/package.sh'
[2.747s] INFO:colcon.colcon_core.shell:Creating package script '/home/rss/robot_harry/robotik/install/pub_sub/share/pub_sub/package.bash'
[2.747s] INFO:colcon.colcon_core.shell:Creating package script '/home/rss/robot_harry/robotik/install/pub_sub/share/pub_sub/package.zsh'
[2.748s] Level 1:colcon.colcon_core.environment:create_file_with_runtime_dependencies(/home/rss/robot_harry/robotik/install/pub_sub/share/colcon-core/packages/pub_sub)
[2.764s] DEBUG:colcon.colcon_core.event_handler.log_command:Invoking command in '/home/rss/robot_harry/robotik/src/webcam_bringup': PYTHONPATH=/home/rss/robot_harry/robotik/build/webcam_bringup/prefix_override:/usr/lib/python3/dist-packages/colcon_core/task/python/colcon_distutils_commands:/home/rss/robot_harry/robotik/install/webcam_bringup/lib/python3.10/site-packages:${PYTHONPATH} /usr/bin/python3 -W ignore:setup.py install is deprecated -W ignore:easy_install command is deprecated setup.py egg_info --egg-base ../../build/webcam_bringup build --build-base /home/rss/robot_harry/robotik/build/webcam_bringup/build install --record /home/rss/robot_harry/robotik/build/webcam_bringup/install.log --single-version-externally-managed install_data
[2.779s] Level 1:colcon.colcon_core.environment:checking '/home/rss/robot_harry/robotik/install/object_detection' for CMake module files
[2.779s] DEBUG:colcon.colcon_core.event_handler.log_command:Invoked command in '/home/rss/robot_harry/robotik/src/object_detection' returned '0': PYTHONPATH=/home/rss/robot_harry/robotik/build/object_detection/prefix_override:/usr/lib/python3/dist-packages/colcon_core/task/python/colcon_distutils_commands:/home/rss/robot_harry/robotik/install/object_detection/lib/python3.10/site-packages:${PYTHONPATH} /usr/bin/python3 -W ignore:setup.py install is deprecated -W ignore:easy_install command is deprecated setup.py egg_info --egg-base ../../build/object_detection build --build-base /home/rss/robot_harry/robotik/build/object_detection/build install --record /home/rss/robot_harry/robotik/build/object_detection/install.log --single-version-externally-managed install_data
[2.780s] Level 1:colcon.colcon_core.environment:checking '/home/rss/robot_harry/robotik/install/object_detection' for CMake config files
[2.780s] Level 1:colcon.colcon_core.environment:checking '/home/rss/robot_harry/robotik/install/object_detection/lib'
[2.780s] Level 1:colcon.colcon_core.environment:checking '/home/rss/robot_harry/robotik/install/object_detection/bin'
[2.781s] Level 1:colcon.colcon_core.environment:checking '/home/rss/robot_harry/robotik/install/object_detection/lib/pkgconfig/object_detection.pc'
[2.781s] Level 1:colcon.colcon_core.environment:checking '/home/rss/robot_harry/robotik/install/object_detection/lib/python3.10/site-packages'
[2.781s] Level 1:colcon.colcon_core.shell:create_environment_hook('object_detection', 'pythonpath')
[2.781s] INFO:colcon.colcon_core.shell:Creating environment hook '/home/rss/robot_harry/robotik/install/object_detection/share/object_detection/hook/pythonpath.ps1'
[2.782s] INFO:colcon.colcon_core.shell:Creating environment descriptor '/home/rss/robot_harry/robotik/install/object_detection/share/object_detection/hook/pythonpath.dsv'
[2.783s] INFO:colcon.colcon_core.shell:Creating environment hook '/home/rss/robot_harry/robotik/install/object_detection/share/object_detection/hook/pythonpath.sh'
[2.783s] Level 1:colcon.colcon_core.environment:checking '/home/rss/robot_harry/robotik/install/object_detection/bin'
[2.784s] Level 1:colcon.colcon_core.environment:create_environment_scripts_only(object_detection)
[2.784s] INFO:colcon.colcon_core.shell:Creating package script '/home/rss/robot_harry/robotik/install/object_detection/share/object_detection/package.ps1'
[2.785s] INFO:colcon.colcon_core.shell:Creating package descriptor '/home/rss/robot_harry/robotik/install/object_detection/share/object_detection/package.dsv'
[2.785s] INFO:colcon.colcon_core.shell:Creating package script '/home/rss/robot_harry/robotik/install/object_detection/share/object_detection/package.sh'
[2.786s] INFO:colcon.colcon_core.shell:Creating package script '/home/rss/robot_harry/robotik/install/object_detection/share/object_detection/package.bash'
[2.786s] INFO:colcon.colcon_core.shell:Creating package script '/home/rss/robot_harry/robotik/install/object_detection/share/object_detection/package.zsh'
[2.787s] Level 1:colcon.colcon_core.environment:create_file_with_runtime_dependencies(/home/rss/robot_harry/robotik/install/object_detection/share/colcon-core/packages/object_detection)
[2.796s] Level 1:colcon.colcon_core.environment:checking '/home/rss/robot_harry/robotik/install/tag_detection' for CMake module files
[2.797s] Level 1:colcon.colcon_core.environment:checking '/home/rss/robot_harry/robotik/install/tag_detection' for CMake config files
[2.798s] DEBUG:colcon.colcon_core.event_handler.log_command:Invoked command in '/home/rss/robot_harry/robotik/src/tag_detection' returned '0': PYTHONPATH=/home/rss/robot_harry/robotik/build/tag_detection/prefix_override:/usr/lib/python3/dist-packages/colcon_core/task/python/colcon_distutils_commands:/home/rss/robot_harry/robotik/install/tag_detection/lib/python3.10/site-packages:${PYTHONPATH} /usr/bin/python3 -W ignore:setup.py install is deprecated -W ignore:easy_install command is deprecated setup.py egg_info --egg-base ../../build/tag_detection build --build-base /home/rss/robot_harry/robotik/build/tag_detection/build install --record /home/rss/robot_harry/robotik/build/tag_detection/install.log --single-version-externally-managed install_data
[2.799s] Level 1:colcon.colcon_core.environment:checking '/home/rss/robot_harry/robotik/install/tag_detection/lib'
[2.799s] Level 1:colcon.colcon_core.environment:checking '/home/rss/robot_harry/robotik/install/tag_detection/bin'
[2.799s] Level 1:colcon.colcon_core.environment:checking '/home/rss/robot_harry/robotik/install/tag_detection/lib/pkgconfig/tag_detection.pc'
[2.800s] Level 1:colcon.colcon_core.environment:checking '/home/rss/robot_harry/robotik/install/tag_detection/lib/python3.10/site-packages'
[2.800s] Level 1:colcon.colcon_core.shell:create_environment_hook('tag_detection', 'pythonpath')
[2.800s] INFO:colcon.colcon_core.shell:Creating environment hook '/home/rss/robot_harry/robotik/install/tag_detection/share/tag_detection/hook/pythonpath.ps1'
[2.800s] INFO:colcon.colcon_core.shell:Creating environment descriptor '/home/rss/robot_harry/robotik/install/tag_detection/share/tag_detection/hook/pythonpath.dsv'
[2.801s] INFO:colcon.colcon_core.shell:Creating environment hook '/home/rss/robot_harry/robotik/install/tag_detection/share/tag_detection/hook/pythonpath.sh'
[2.801s] Level 1:colcon.colcon_core.environment:checking '/home/rss/robot_harry/robotik/install/tag_detection/bin'
[2.801s] Level 1:colcon.colcon_core.environment:create_environment_scripts_only(tag_detection)
[2.801s] INFO:colcon.colcon_core.shell:Creating package script '/home/rss/robot_harry/robotik/install/tag_detection/share/tag_detection/package.ps1'
[2.802s] INFO:colcon.colcon_core.shell:Creating package descriptor '/home/rss/robot_harry/robotik/install/tag_detection/share/tag_detection/package.dsv'
[2.802s] INFO:colcon.colcon_core.shell:Creating package script '/home/rss/robot_harry/robotik/install/tag_detection/share/tag_detection/package.sh'
[2.803s] INFO:colcon.colcon_core.shell:Creating package script '/home/rss/robot_harry/robotik/install/tag_detection/share/tag_detection/package.bash'
[2.803s] INFO:colcon.colcon_core.shell:Creating package script '/home/rss/robot_harry/robotik/install/tag_detection/share/tag_detection/package.zsh'
[2.803s] Level 1:colcon.colcon_core.environment:create_file_with_runtime_dependencies(/home/rss/robot_harry/robotik/install/tag_detection/share/colcon-core/packages/tag_detection)
[2.816s] Level 1:colcon.colcon_core.environment:checking '/home/rss/robot_harry/robotik/install/robot_bringup' for CMake module files
[2.817s] Level 1:colcon.colcon_core.environment:checking '/home/rss/robot_harry/robotik/install/robot_bringup' for CMake config files
[2.817s] DEBUG:colcon.colcon_core.event_handler.log_command:Invoked command in '/home/rss/robot_harry/robotik/src/robot_bringup' returned '0': PYTHONPATH=/home/rss/robot_harry/robotik/build/robot_bringup/prefix_override:/usr/lib/python3/dist-packages/colcon_core/task/python/colcon_distutils_commands:/home/rss/robot_harry/robotik/install/robot_bringup/lib/python3.10/site-packages:${PYTHONPATH} /usr/bin/python3 -W ignore:setup.py install is deprecated -W ignore:easy_install command is deprecated setup.py egg_info --egg-base ../../build/robot_bringup build --build-base /home/rss/robot_harry/robotik/build/robot_bringup/build install --record /home/rss/robot_harry/robotik/build/robot_bringup/install.log --single-version-externally-managed install_data
[2.818s] Level 1:colcon.colcon_core.environment:checking '/home/rss/robot_harry/robotik/install/robot_bringup/lib'
[2.818s] Level 1:colcon.colcon_core.environment:checking '/home/rss/robot_harry/robotik/install/robot_bringup/bin'
[2.818s] Level 1:colcon.colcon_core.environment:checking '/home/rss/robot_harry/robotik/install/robot_bringup/lib/pkgconfig/robot_bringup.pc'
[2.818s] Level 1:colcon.colcon_core.environment:checking '/home/rss/robot_harry/robotik/install/robot_bringup/lib/python3.10/site-packages'
[2.818s] Level 1:colcon.colcon_core.shell:create_environment_hook('robot_bringup', 'pythonpath')
[2.819s] INFO:colcon.colcon_core.shell:Creating environment hook '/home/rss/robot_harry/robotik/install/robot_bringup/share/robot_bringup/hook/pythonpath.ps1'
[2.819s] INFO:colcon.colcon_core.shell:Creating environment descriptor '/home/rss/robot_harry/robotik/install/robot_bringup/share/robot_bringup/hook/pythonpath.dsv'
[2.819s] INFO:colcon.colcon_core.shell:Creating environment hook '/home/rss/robot_harry/robotik/install/robot_bringup/share/robot_bringup/hook/pythonpath.sh'
[2.820s] Level 1:colcon.colcon_core.environment:checking '/home/rss/robot_harry/robotik/install/robot_bringup/bin'
[2.820s] Level 1:colcon.colcon_core.environment:create_environment_scripts_only(robot_bringup)
[2.821s] INFO:colcon.colcon_core.shell:Creating package script '/home/rss/robot_harry/robotik/install/robot_bringup/share/robot_bringup/package.ps1'
[2.821s] INFO:colcon.colcon_core.shell:Creating package descriptor '/home/rss/robot_harry/robotik/install/robot_bringup/share/robot_bringup/package.dsv'
[2.822s] INFO:colcon.colcon_core.shell:Creating package script '/home/rss/robot_harry/robotik/install/robot_bringup/share/robot_bringup/package.sh'
[2.822s] INFO:colcon.colcon_core.shell:Creating package script '/home/rss/robot_harry/robotik/install/robot_bringup/share/robot_bringup/package.bash'
[2.822s] INFO:colcon.colcon_core.shell:Creating package script '/home/rss/robot_harry/robotik/install/robot_bringup/share/robot_bringup/package.zsh'
[2.822s] Level 1:colcon.colcon_core.environment:create_file_with_runtime_dependencies(/home/rss/robot_harry/robotik/install/robot_bringup/share/colcon-core/packages/robot_bringup)
[2.825s] Level 1:colcon.colcon_core.environment:checking '/home/rss/robot_harry/robotik/install/teleop' for CMake module files
[2.825s] DEBUG:colcon.colcon_core.event_handler.log_command:Invoked command in '/home/rss/robot_harry/robotik/src/teleop' returned '0': PYTHONPATH=/home/rss/robot_harry/robotik/build/teleop/prefix_override:/usr/lib/python3/dist-packages/colcon_core/task/python/colcon_distutils_commands:/home/rss/robot_harry/robotik/install/teleop/lib/python3.10/site-packages:${PYTHONPATH} /usr/bin/python3 -W ignore:setup.py install is deprecated -W ignore:easy_install command is deprecated setup.py egg_info --egg-base ../../build/teleop build --build-base /home/rss/robot_harry/robotik/build/teleop/build install --record /home/rss/robot_harry/robotik/build/teleop/install.log --single-version-externally-managed install_data
[2.825s] Level 1:colcon.colcon_core.environment:checking '/home/rss/robot_harry/robotik/install/teleop' for CMake config files
[2.826s] Level 1:colcon.colcon_core.environment:checking '/home/rss/robot_harry/robotik/install/teleop/lib'
[2.826s] Level 1:colcon.colcon_core.environment:checking '/home/rss/robot_harry/robotik/install/teleop/bin'
[2.826s] Level 1:colcon.colcon_core.environment:checking '/home/rss/robot_harry/robotik/install/teleop/lib/pkgconfig/teleop.pc'
[2.826s] Level 1:colcon.colcon_core.environment:checking '/home/rss/robot_harry/robotik/install/teleop/lib/python3.10/site-packages'
[2.826s] Level 1:colcon.colcon_core.shell:create_environment_hook('teleop', 'pythonpath')
[2.826s] INFO:colcon.colcon_core.shell:Creating environment hook '/home/rss/robot_harry/robotik/install/teleop/share/teleop/hook/pythonpath.ps1'
[2.826s] INFO:colcon.colcon_core.shell:Creating environment descriptor '/home/rss/robot_harry/robotik/install/teleop/share/teleop/hook/pythonpath.dsv'
[2.827s] INFO:colcon.colcon_core.shell:Creating environment hook '/home/rss/robot_harry/robotik/install/teleop/share/teleop/hook/pythonpath.sh'
[2.827s] Level 1:colcon.colcon_core.environment:checking '/home/rss/robot_harry/robotik/install/teleop/bin'
[2.827s] Level 1:colcon.colcon_core.environment:create_environment_scripts_only(teleop)
[2.828s] INFO:colcon.colcon_core.shell:Creating package script '/home/rss/robot_harry/robotik/install/teleop/share/teleop/package.ps1'
[2.828s] INFO:colcon.colcon_core.shell:Creating package descriptor '/home/rss/robot_harry/robotik/install/teleop/share/teleop/package.dsv'
[2.828s] INFO:colcon.colcon_core.shell:Creating package script '/home/rss/robot_harry/robotik/install/teleop/share/teleop/package.sh'
[2.829s] INFO:colcon.colcon_core.shell:Creating package script '/home/rss/robot_harry/robotik/install/teleop/share/teleop/package.bash'
[2.829s] INFO:colcon.colcon_core.shell:Creating package script '/home/rss/robot_harry/robotik/install/teleop/share/teleop/package.zsh'
[2.829s] Level 1:colcon.colcon_core.environment:create_file_with_runtime_dependencies(/home/rss/robot_harry/robotik/install/teleop/share/colcon-core/packages/teleop)
[3.004s] Level 1:colcon.colcon_core.environment:checking '/home/rss/robot_harry/robotik/install/webcam_bringup' for CMake module files
[3.005s] DEBUG:colcon.colcon_core.event_handler.log_command:Invoked command in '/home/rss/robot_harry/robotik/src/webcam_bringup' returned '0': PYTHONPATH=/home/rss/robot_harry/robotik/build/webcam_bringup/prefix_override:/usr/lib/python3/dist-packages/colcon_core/task/python/colcon_distutils_commands:/home/rss/robot_harry/robotik/install/webcam_bringup/lib/python3.10/site-packages:${PYTHONPATH} /usr/bin/python3 -W ignore:setup.py install is deprecated -W ignore:easy_install command is deprecated setup.py egg_info --egg-base ../../build/webcam_bringup build --build-base /home/rss/robot_harry/robotik/build/webcam_bringup/build install --record /home/rss/robot_harry/robotik/build/webcam_bringup/install.log --single-version-externally-managed install_data
[3.005s] Level 1:colcon.colcon_core.environment:checking '/home/rss/robot_harry/robotik/install/webcam_bringup' for CMake config files
[3.005s] Level 1:colcon.colcon_core.environment:checking '/home/rss/robot_harry/robotik/install/webcam_bringup/lib'
[3.005s] Level 1:colcon.colcon_core.environment:checking '/home/rss/robot_harry/robotik/install/webcam_bringup/bin'
[3.005s] Level 1:colcon.colcon_core.environment:checking '/home/rss/robot_harry/robotik/install/webcam_bringup/lib/pkgconfig/webcam_bringup.pc'
[3.005s] Level 1:colcon.colcon_core.environment:checking '/home/rss/robot_harry/robotik/install/webcam_bringup/lib/python3.10/site-packages'
[3.005s] Level 1:colcon.colcon_core.shell:create_environment_hook('webcam_bringup', 'pythonpath')
[3.006s] INFO:colcon.colcon_core.shell:Creating environment hook '/home/rss/robot_harry/robotik/install/webcam_bringup/share/webcam_bringup/hook/pythonpath.ps1'
[3.006s] INFO:colcon.colcon_core.shell:Creating environment descriptor '/home/rss/robot_harry/robotik/install/webcam_bringup/share/webcam_bringup/hook/pythonpath.dsv'
[3.006s] INFO:colcon.colcon_core.shell:Creating environment hook '/home/rss/robot_harry/robotik/install/webcam_bringup/share/webcam_bringup/hook/pythonpath.sh'
[3.007s] Level 1:colcon.colcon_core.environment:checking '/home/rss/robot_harry/robotik/install/webcam_bringup/bin'
[3.007s] Level 1:colcon.colcon_core.environment:create_environment_scripts_only(webcam_bringup)
[3.007s] INFO:colcon.colcon_core.shell:Creating package script '/home/rss/robot_harry/robotik/install/webcam_bringup/share/webcam_bringup/package.ps1'
[3.008s] INFO:colcon.colcon_core.shell:Creating package descriptor '/home/rss/robot_harry/robotik/install/webcam_bringup/share/webcam_bringup/package.dsv'
[3.008s] INFO:colcon.colcon_core.shell:Creating package script '/home/rss/robot_harry/robotik/install/webcam_bringup/share/webcam_bringup/package.sh'
[3.009s] INFO:colcon.colcon_core.shell:Creating package script '/home/rss/robot_harry/robotik/install/webcam_bringup/share/webcam_bringup/package.bash'
[3.009s] INFO:colcon.colcon_core.shell:Creating package script '/home/rss/robot_harry/robotik/install/webcam_bringup/share/webcam_bringup/package.zsh'
[3.009s] Level 1:colcon.colcon_core.environment:create_file_with_runtime_dependencies(/home/rss/robot_harry/robotik/install/webcam_bringup/share/colcon-core/packages/webcam_bringup)
[3.009s] DEBUG:colcon.colcon_parallel_executor.executor.parallel:closing loop
[3.010s] DEBUG:colcon.colcon_parallel_executor.executor.parallel:loop closed
[3.010s] DEBUG:colcon.colcon_parallel_executor.executor.parallel:run_until_complete finished with '0'
[3.010s] DEBUG:colcon.colcon_core.event_reactor:joining thread
[3.015s] INFO:colcon.colcon_core.plugin_system:Skipping extension 'colcon_notification.desktop_notification.terminal_notifier': Not used on non-Darwin systems
[3.015s] INFO:colcon.colcon_core.plugin_system:Skipping extension 'colcon_notification.desktop_notification.win32': Not used on non-Windows systems
[3.015s] INFO:colcon.colcon_notification.desktop_notification:Sending desktop notification using 'notify2'
[3.025s] DEBUG:colcon.colcon_core.event_reactor:joined thread
[3.026s] INFO:colcon.colcon_core.shell:Creating prefix script '/home/rss/robot_harry/robotik/install/local_setup.ps1'
[3.027s] INFO:colcon.colcon_core.shell:Creating prefix util module '/home/rss/robot_harry/robotik/install/_local_setup_util_ps1.py'
[3.028s] INFO:colcon.colcon_core.shell:Creating prefix chain script '/home/rss/robot_harry/robotik/install/setup.ps1'
[3.030s] INFO:colcon.colcon_core.shell:Creating prefix script '/home/rss/robot_harry/robotik/install/local_setup.sh'
[3.030s] INFO:colcon.colcon_core.shell:Creating prefix util module '/home/rss/robot_harry/robotik/install/_local_setup_util_sh.py'
[3.031s] INFO:colcon.colcon_core.shell:Creating prefix chain script '/home/rss/robot_harry/robotik/install/setup.sh'
[3.032s] INFO:colcon.colcon_core.shell:Creating prefix script '/home/rss/robot_harry/robotik/install/local_setup.bash'
[3.033s] INFO:colcon.colcon_core.shell:Creating prefix chain script '/home/rss/robot_harry/robotik/install/setup.bash'
[3.034s] INFO:colcon.colcon_core.shell:Creating prefix script '/home/rss/robot_harry/robotik/install/local_setup.zsh'
[3.034s] INFO:colcon.colcon_core.shell:Creating prefix chain script '/home/rss/robot_harry/robotik/install/setup.zsh'
