[0.064s] DEBUG:colcon:Command line arguments: ['/usr/bin/colcon', 'build']
[0.064s] DEBUG:colcon:Parsed command line arguments: Namespace(log_base=None, log_level=None, verb_name='build', build_base='build', install_base='install', merge_install=False, symlink_install=False, test_result_base=None, continue_on_error=False, executor='parallel', parallel_workers=8, event_handlers=None, ignore_user_meta=False, metas=['./colcon.meta'], base_paths=['.'], packages_ignore=None, packages_ignore_regex=None, paths=None, packages_up_to=None, packages_up_to_regex=None, packages_above=None, packages_above_and_dependencies=None, packages_above_depth=None, packages_select_by_dep=None, packages_skip_by_dep=None, packages_skip_up_to=None, packages_select_build_failed=False, packages_skip_build_finished=False, packages_select_test_failures=False, packages_skip_test_passed=False, packages_select=None, packages_skip=None, packages_select_regex=None, packages_skip_regex=None, packages_start=None, packages_end=None, allow_overriding=[], cmake_args=None, cmake_target=None, cmake_target_skip_unavailable=False, cmake_clean_cache=False, cmake_clean_first=False, cmake_force_configure=False, ament_cmake_args=None, catkin_cmake_args=None, catkin_skip_building_tests=False, mixin_files=None, mixin=None, verb_parser=<colcon_mixin.mixin.mixin_argument.MixinArgumentDecorator object at 0x75ff3b178460>, verb_extension=<colcon_core.verb.build.BuildVerb object at 0x75ff3b143eb0>, main=<bound method BuildVerb.main of <colcon_core.verb.build.BuildVerb object at 0x75ff3b143eb0>>, mixin_verb=('build',))
[0.165s] Level 1:colcon.colcon_core.package_discovery:discover_packages(colcon_meta) check parameters
[0.165s] Level 1:colcon.colcon_core.package_discovery:discover_packages(recursive) check parameters
[0.165s] Level 1:colcon.colcon_core.package_discovery:discover_packages(ignore) check parameters
[0.165s] Level 1:colcon.colcon_core.package_discovery:discover_packages(path) check parameters
[0.165s] Level 1:colcon.colcon_core.package_discovery:discover_packages(colcon_meta) discover
[0.165s] Level 1:colcon.colcon_core.package_discovery:discover_packages(recursive) discover
[0.165s] INFO:colcon.colcon_core.package_discovery:Crawling recursively for packages in '/home/rss/robot_harry/robotik'
[0.165s] Level 1:colcon.colcon_core.package_identification:_identify(.) by extensions ['ignore', 'ignore_ament_install']
[0.165s] Level 1:colcon.colcon_core.package_identification:_identify(.) by extension 'ignore'
[0.165s] Level 1:colcon.colcon_core.package_identification:_identify(.) by extension 'ignore_ament_install'
[0.165s] Level 1:colcon.colcon_core.package_identification:_identify(.) by extensions ['colcon_pkg']
[0.165s] Level 1:colcon.colcon_core.package_identification:_identify(.) by extension 'colcon_pkg'
[0.165s] Level 1:colcon.colcon_core.package_identification:_identify(.) by extensions ['colcon_meta']
[0.166s] Level 1:colcon.colcon_core.package_identification:_identify(.) by extension 'colcon_meta'
[0.166s] Level 1:colcon.colcon_core.package_identification:_identify(.) by extensions ['ros']
[0.166s] Level 1:colcon.colcon_core.package_identification:_identify(.) by extension 'ros'
[0.172s] Level 1:colcon.colcon_core.package_identification:_identify(.) by extensions ['cmake', 'python']
[0.172s] Level 1:colcon.colcon_core.package_identification:_identify(.) by extension 'cmake'
[0.172s] Level 1:colcon.colcon_core.package_identification:_identify(.) by extension 'python'
[0.172s] Level 1:colcon.colcon_core.package_identification:_identify(.) by extensions ['python_setup_py']
[0.172s] Level 1:colcon.colcon_core.package_identification:_identify(.) by extension 'python_setup_py'
[0.172s] Level 1:colcon.colcon_core.package_identification:_identify(build) by extensions ['ignore', 'ignore_ament_install']
[0.172s] Level 1:colcon.colcon_core.package_identification:_identify(build) by extension 'ignore'
[0.172s] Level 1:colcon.colcon_core.package_identification:_identify(build) ignored
[0.172s] Level 1:colcon.colcon_core.package_identification:_identify(install) by extensions ['ignore', 'ignore_ament_install']
[0.172s] Level 1:colcon.colcon_core.package_identification:_identify(install) by extension 'ignore'
[0.172s] Level 1:colcon.colcon_core.package_identification:_identify(install) ignored
[0.172s] Level 1:colcon.colcon_core.package_identification:_identify(log) by extensions ['ignore', 'ignore_ament_install']
[0.172s] Level 1:colcon.colcon_core.package_identification:_identify(log) by extension 'ignore'
[0.172s] Level 1:colcon.colcon_core.package_identification:_identify(log) ignored
[0.172s] Level 1:colcon.colcon_core.package_identification:_identify(note) by extensions ['ignore', 'ignore_ament_install']
[0.173s] Level 1:colcon.colcon_core.package_identification:_identify(note) by extension 'ignore'
[0.173s] Level 1:colcon.colcon_core.package_identification:_identify(note) by extension 'ignore_ament_install'
[0.173s] Level 1:colcon.colcon_core.package_identification:_identify(note) by extensions ['colcon_pkg']
[0.173s] Level 1:colcon.colcon_core.package_identification:_identify(note) by extension 'colcon_pkg'
[0.173s] Level 1:colcon.colcon_core.package_identification:_identify(note) by extensions ['colcon_meta']
[0.173s] Level 1:colcon.colcon_core.package_identification:_identify(note) by extension 'colcon_meta'
[0.173s] Level 1:colcon.colcon_core.package_identification:_identify(note) by extensions ['ros']
[0.173s] Level 1:colcon.colcon_core.package_identification:_identify(note) by extension 'ros'
[0.173s] Level 1:colcon.colcon_core.package_identification:_identify(note) by extensions ['cmake', 'python']
[0.173s] Level 1:colcon.colcon_core.package_identification:_identify(note) by extension 'cmake'
[0.173s] Level 1:colcon.colcon_core.package_identification:_identify(note) by extension 'python'
[0.173s] Level 1:colcon.colcon_core.package_identification:_identify(note) by extensions ['python_setup_py']
[0.173s] Level 1:colcon.colcon_core.package_identification:_identify(note) by extension 'python_setup_py'
[0.173s] Level 1:colcon.colcon_core.package_identification:_identify(src) by extensions ['ignore', 'ignore_ament_install']
[0.173s] Level 1:colcon.colcon_core.package_identification:_identify(src) by extension 'ignore'
[0.173s] Level 1:colcon.colcon_core.package_identification:_identify(src) by extension 'ignore_ament_install'
[0.173s] Level 1:colcon.colcon_core.package_identification:_identify(src) by extensions ['colcon_pkg']
[0.173s] Level 1:colcon.colcon_core.package_identification:_identify(src) by extension 'colcon_pkg'
[0.173s] Level 1:colcon.colcon_core.package_identification:_identify(src) by extensions ['colcon_meta']
[0.173s] Level 1:colcon.colcon_core.package_identification:_identify(src) by extension 'colcon_meta'
[0.173s] Level 1:colcon.colcon_core.package_identification:_identify(src) by extensions ['ros']
[0.173s] Level 1:colcon.colcon_core.package_identification:_identify(src) by extension 'ros'
[0.173s] Level 1:colcon.colcon_core.package_identification:_identify(src) by extensions ['cmake', 'python']
[0.173s] Level 1:colcon.colcon_core.package_identification:_identify(src) by extension 'cmake'
[0.173s] Level 1:colcon.colcon_core.package_identification:_identify(src) by extension 'python'
[0.173s] Level 1:colcon.colcon_core.package_identification:_identify(src) by extensions ['python_setup_py']
[0.173s] Level 1:colcon.colcon_core.package_identification:_identify(src) by extension 'python_setup_py'
[0.173s] Level 1:colcon.colcon_core.package_identification:_identify(src/apriltag_msgs) by extensions ['ignore', 'ignore_ament_install']
[0.173s] Level 1:colcon.colcon_core.package_identification:_identify(src/apriltag_msgs) by extension 'ignore'
[0.173s] Level 1:colcon.colcon_core.package_identification:_identify(src/apriltag_msgs) by extension 'ignore_ament_install'
[0.173s] Level 1:colcon.colcon_core.package_identification:_identify(src/apriltag_msgs) by extensions ['colcon_pkg']
[0.173s] Level 1:colcon.colcon_core.package_identification:_identify(src/apriltag_msgs) by extension 'colcon_pkg'
[0.173s] Level 1:colcon.colcon_core.package_identification:_identify(src/apriltag_msgs) by extensions ['colcon_meta']
[0.173s] Level 1:colcon.colcon_core.package_identification:_identify(src/apriltag_msgs) by extension 'colcon_meta'
[0.173s] Level 1:colcon.colcon_core.package_identification:_identify(src/apriltag_msgs) by extensions ['ros']
[0.173s] Level 1:colcon.colcon_core.package_identification:_identify(src/apriltag_msgs) by extension 'ros'
[0.175s] DEBUG:colcon.colcon_core.package_identification:Package 'src/apriltag_msgs' with type 'ros.ament_cmake' and name 'apriltag_msgs'
[0.175s] Level 1:colcon.colcon_core.package_identification:_identify(src/apriltag_ros) by extensions ['ignore', 'ignore_ament_install']
[0.175s] Level 1:colcon.colcon_core.package_identification:_identify(src/apriltag_ros) by extension 'ignore'
[0.175s] Level 1:colcon.colcon_core.package_identification:_identify(src/apriltag_ros) by extension 'ignore_ament_install'
[0.175s] Level 1:colcon.colcon_core.package_identification:_identify(src/apriltag_ros) by extensions ['colcon_pkg']
[0.175s] Level 1:colcon.colcon_core.package_identification:_identify(src/apriltag_ros) by extension 'colcon_pkg'
[0.175s] Level 1:colcon.colcon_core.package_identification:_identify(src/apriltag_ros) by extensions ['colcon_meta']
[0.175s] Level 1:colcon.colcon_core.package_identification:_identify(src/apriltag_ros) by extension 'colcon_meta'
[0.175s] Level 1:colcon.colcon_core.package_identification:_identify(src/apriltag_ros) by extensions ['ros']
[0.175s] Level 1:colcon.colcon_core.package_identification:_identify(src/apriltag_ros) by extension 'ros'
[0.177s] DEBUG:colcon.colcon_core.package_identification:Package 'src/apriltag_ros' with type 'ros.ament_cmake' and name 'apriltag_ros'
[0.178s] Level 1:colcon.colcon_core.package_identification:_identify(src/create3_examples) by extensions ['ignore', 'ignore_ament_install']
[0.178s] Level 1:colcon.colcon_core.package_identification:_identify(src/create3_examples) by extension 'ignore'
[0.178s] Level 1:colcon.colcon_core.package_identification:_identify(src/create3_examples) by extension 'ignore_ament_install'
[0.178s] Level 1:colcon.colcon_core.package_identification:_identify(src/create3_examples) by extensions ['colcon_pkg']
[0.178s] Level 1:colcon.colcon_core.package_identification:_identify(src/create3_examples) by extension 'colcon_pkg'
[0.178s] Level 1:colcon.colcon_core.package_identification:_identify(src/create3_examples) by extensions ['colcon_meta']
[0.178s] Level 1:colcon.colcon_core.package_identification:_identify(src/create3_examples) by extension 'colcon_meta'
[0.178s] Level 1:colcon.colcon_core.package_identification:_identify(src/create3_examples) by extensions ['ros']
[0.178s] Level 1:colcon.colcon_core.package_identification:_identify(src/create3_examples) by extension 'ros'
[0.178s] Level 1:colcon.colcon_core.package_identification:_identify(src/create3_examples) by extensions ['cmake', 'python']
[0.178s] Level 1:colcon.colcon_core.package_identification:_identify(src/create3_examples) by extension 'cmake'
[0.178s] Level 1:colcon.colcon_core.package_identification:_identify(src/create3_examples) by extension 'python'
[0.178s] Level 1:colcon.colcon_core.package_identification:_identify(src/create3_examples) by extensions ['python_setup_py']
[0.178s] Level 1:colcon.colcon_core.package_identification:_identify(src/create3_examples) by extension 'python_setup_py'
[0.178s] Level 1:colcon.colcon_core.package_identification:_identify(src/create3_examples/create3_coverage) by extensions ['ignore', 'ignore_ament_install']
[0.178s] Level 1:colcon.colcon_core.package_identification:_identify(src/create3_examples/create3_coverage) by extension 'ignore'
[0.178s] Level 1:colcon.colcon_core.package_identification:_identify(src/create3_examples/create3_coverage) by extension 'ignore_ament_install'
[0.178s] Level 1:colcon.colcon_core.package_identification:_identify(src/create3_examples/create3_coverage) by extensions ['colcon_pkg']
[0.178s] Level 1:colcon.colcon_core.package_identification:_identify(src/create3_examples/create3_coverage) by extension 'colcon_pkg'
[0.178s] Level 1:colcon.colcon_core.package_identification:_identify(src/create3_examples/create3_coverage) by extensions ['colcon_meta']
[0.178s] Level 1:colcon.colcon_core.package_identification:_identify(src/create3_examples/create3_coverage) by extension 'colcon_meta'
[0.178s] Level 1:colcon.colcon_core.package_identification:_identify(src/create3_examples/create3_coverage) by extensions ['ros']
[0.178s] Level 1:colcon.colcon_core.package_identification:_identify(src/create3_examples/create3_coverage) by extension 'ros'
[0.179s] DEBUG:colcon.colcon_core.package_identification:Package 'src/create3_examples/create3_coverage' with type 'ros.ament_cmake' and name 'create3_coverage'
[0.179s] Level 1:colcon.colcon_core.package_identification:_identify(src/create3_examples/create3_examples_msgs) by extensions ['ignore', 'ignore_ament_install']
[0.179s] Level 1:colcon.colcon_core.package_identification:_identify(src/create3_examples/create3_examples_msgs) by extension 'ignore'
[0.179s] Level 1:colcon.colcon_core.package_identification:_identify(src/create3_examples/create3_examples_msgs) by extension 'ignore_ament_install'
[0.179s] Level 1:colcon.colcon_core.package_identification:_identify(src/create3_examples/create3_examples_msgs) by extensions ['colcon_pkg']
[0.179s] Level 1:colcon.colcon_core.package_identification:_identify(src/create3_examples/create3_examples_msgs) by extension 'colcon_pkg'
[0.179s] Level 1:colcon.colcon_core.package_identification:_identify(src/create3_examples/create3_examples_msgs) by extensions ['colcon_meta']
[0.179s] Level 1:colcon.colcon_core.package_identification:_identify(src/create3_examples/create3_examples_msgs) by extension 'colcon_meta'
[0.179s] Level 1:colcon.colcon_core.package_identification:_identify(src/create3_examples/create3_examples_msgs) by extensions ['ros']
[0.179s] Level 1:colcon.colcon_core.package_identification:_identify(src/create3_examples/create3_examples_msgs) by extension 'ros'
[0.179s] DEBUG:colcon.colcon_core.package_identification:Package 'src/create3_examples/create3_examples_msgs' with type 'ros.ament_cmake' and name 'create3_examples_msgs'
[0.179s] Level 1:colcon.colcon_core.package_identification:_identify(src/create3_examples/create3_examples_py) by extensions ['ignore', 'ignore_ament_install']
[0.179s] Level 1:colcon.colcon_core.package_identification:_identify(src/create3_examples/create3_examples_py) by extension 'ignore'
[0.180s] Level 1:colcon.colcon_core.package_identification:_identify(src/create3_examples/create3_examples_py) by extension 'ignore_ament_install'
[0.180s] Level 1:colcon.colcon_core.package_identification:_identify(src/create3_examples/create3_examples_py) by extensions ['colcon_pkg']
[0.180s] Level 1:colcon.colcon_core.package_identification:_identify(src/create3_examples/create3_examples_py) by extension 'colcon_pkg'
[0.180s] Level 1:colcon.colcon_core.package_identification:_identify(src/create3_examples/create3_examples_py) by extensions ['colcon_meta']
[0.180s] Level 1:colcon.colcon_core.package_identification:_identify(src/create3_examples/create3_examples_py) by extension 'colcon_meta'
[0.180s] Level 1:colcon.colcon_core.package_identification:_identify(src/create3_examples/create3_examples_py) by extensions ['ros']
[0.180s] Level 1:colcon.colcon_core.package_identification:_identify(src/create3_examples/create3_examples_py) by extension 'ros'
[0.180s] DEBUG:colcon.colcon_core.package_identification:Package 'src/create3_examples/create3_examples_py' with type 'ros.ament_python' and name 'create3_examples_py'
[0.180s] Level 1:colcon.colcon_core.package_identification:_identify(src/create3_examples/create3_lidar_slam) by extensions ['ignore', 'ignore_ament_install']
[0.180s] Level 1:colcon.colcon_core.package_identification:_identify(src/create3_examples/create3_lidar_slam) by extension 'ignore'
[0.180s] Level 1:colcon.colcon_core.package_identification:_identify(src/create3_examples/create3_lidar_slam) by extension 'ignore_ament_install'
[0.180s] Level 1:colcon.colcon_core.package_identification:_identify(src/create3_examples/create3_lidar_slam) by extensions ['colcon_pkg']
[0.180s] Level 1:colcon.colcon_core.package_identification:_identify(src/create3_examples/create3_lidar_slam) by extension 'colcon_pkg'
[0.180s] Level 1:colcon.colcon_core.package_identification:_identify(src/create3_examples/create3_lidar_slam) by extensions ['colcon_meta']
[0.180s] Level 1:colcon.colcon_core.package_identification:_identify(src/create3_examples/create3_lidar_slam) by extension 'colcon_meta'
[0.180s] Level 1:colcon.colcon_core.package_identification:_identify(src/create3_examples/create3_lidar_slam) by extensions ['ros']
[0.180s] Level 1:colcon.colcon_core.package_identification:_identify(src/create3_examples/create3_lidar_slam) by extension 'ros'
[0.186s] DEBUG:colcon.colcon_core.package_identification:Package 'src/create3_examples/create3_lidar_slam' with type 'ros.ament_cmake' and name 'create3_lidar_slam'
[0.186s] Level 1:colcon.colcon_core.package_identification:_identify(src/create3_examples/create3_republisher) by extensions ['ignore', 'ignore_ament_install']
[0.186s] Level 1:colcon.colcon_core.package_identification:_identify(src/create3_examples/create3_republisher) by extension 'ignore'
[0.186s] Level 1:colcon.colcon_core.package_identification:_identify(src/create3_examples/create3_republisher) by extension 'ignore_ament_install'
[0.187s] Level 1:colcon.colcon_core.package_identification:_identify(src/create3_examples/create3_republisher) by extensions ['colcon_pkg']
[0.187s] Level 1:colcon.colcon_core.package_identification:_identify(src/create3_examples/create3_republisher) by extension 'colcon_pkg'
[0.187s] Level 1:colcon.colcon_core.package_identification:_identify(src/create3_examples/create3_republisher) by extensions ['colcon_meta']
[0.187s] Level 1:colcon.colcon_core.package_identification:_identify(src/create3_examples/create3_republisher) by extension 'colcon_meta'
[0.187s] Level 1:colcon.colcon_core.package_identification:_identify(src/create3_examples/create3_republisher) by extensions ['ros']
[0.187s] Level 1:colcon.colcon_core.package_identification:_identify(src/create3_examples/create3_republisher) by extension 'ros'
[0.187s] DEBUG:colcon.colcon_core.package_identification:Package 'src/create3_examples/create3_republisher' with type 'ros.ament_cmake' and name 'create3_republisher'
[0.187s] Level 1:colcon.colcon_core.package_identification:_identify(src/create3_examples/create3_teleop) by extensions ['ignore', 'ignore_ament_install']
[0.187s] Level 1:colcon.colcon_core.package_identification:_identify(src/create3_examples/create3_teleop) by extension 'ignore'
[0.187s] Level 1:colcon.colcon_core.package_identification:_identify(src/create3_examples/create3_teleop) by extension 'ignore_ament_install'
[0.187s] Level 1:colcon.colcon_core.package_identification:_identify(src/create3_examples/create3_teleop) by extensions ['colcon_pkg']
[0.187s] Level 1:colcon.colcon_core.package_identification:_identify(src/create3_examples/create3_teleop) by extension 'colcon_pkg'
[0.187s] Level 1:colcon.colcon_core.package_identification:_identify(src/create3_examples/create3_teleop) by extensions ['colcon_meta']
[0.187s] Level 1:colcon.colcon_core.package_identification:_identify(src/create3_examples/create3_teleop) by extension 'colcon_meta'
[0.187s] Level 1:colcon.colcon_core.package_identification:_identify(src/create3_examples/create3_teleop) by extensions ['ros']
[0.187s] Level 1:colcon.colcon_core.package_identification:_identify(src/create3_examples/create3_teleop) by extension 'ros'
[0.188s] DEBUG:colcon.colcon_core.package_identification:Package 'src/create3_examples/create3_teleop' with type 'ros.ament_python' and name 'create3_teleop'
[0.188s] Level 1:colcon.colcon_core.package_identification:_identify(src/my_first_package) by extensions ['ignore', 'ignore_ament_install']
[0.188s] Level 1:colcon.colcon_core.package_identification:_identify(src/my_first_package) by extension 'ignore'
[0.188s] Level 1:colcon.colcon_core.package_identification:_identify(src/my_first_package) by extension 'ignore_ament_install'
[0.188s] Level 1:colcon.colcon_core.package_identification:_identify(src/my_first_package) by extensions ['colcon_pkg']
[0.188s] Level 1:colcon.colcon_core.package_identification:_identify(src/my_first_package) by extension 'colcon_pkg'
[0.188s] Level 1:colcon.colcon_core.package_identification:_identify(src/my_first_package) by extensions ['colcon_meta']
[0.188s] Level 1:colcon.colcon_core.package_identification:_identify(src/my_first_package) by extension 'colcon_meta'
[0.188s] Level 1:colcon.colcon_core.package_identification:_identify(src/my_first_package) by extensions ['ros']
[0.188s] Level 1:colcon.colcon_core.package_identification:_identify(src/my_first_package) by extension 'ros'
[0.188s] Level 1:colcon.colcon_core.package_identification:_identify(src/my_first_package) by extensions ['cmake', 'python']
[0.188s] Level 1:colcon.colcon_core.package_identification:_identify(src/my_first_package) by extension 'cmake'
[0.188s] Level 1:colcon.colcon_core.package_identification:_identify(src/my_first_package) by extension 'python'
[0.188s] Level 1:colcon.colcon_core.package_identification:_identify(src/my_first_package) by extensions ['python_setup_py']
[0.188s] Level 1:colcon.colcon_core.package_identification:_identify(src/my_first_package) by extension 'python_setup_py'
[0.188s] Level 1:colcon.colcon_core.package_identification:_identify(src/my_first_package/my_first_package) by extensions ['ignore', 'ignore_ament_install']
[0.188s] Level 1:colcon.colcon_core.package_identification:_identify(src/my_first_package/my_first_package) by extension 'ignore'
[0.188s] Level 1:colcon.colcon_core.package_identification:_identify(src/my_first_package/my_first_package) by extension 'ignore_ament_install'
[0.188s] Level 1:colcon.colcon_core.package_identification:_identify(src/my_first_package/my_first_package) by extensions ['colcon_pkg']
[0.188s] Level 1:colcon.colcon_core.package_identification:_identify(src/my_first_package/my_first_package) by extension 'colcon_pkg'
[0.188s] Level 1:colcon.colcon_core.package_identification:_identify(src/my_first_package/my_first_package) by extensions ['colcon_meta']
[0.188s] Level 1:colcon.colcon_core.package_identification:_identify(src/my_first_package/my_first_package) by extension 'colcon_meta'
[0.188s] Level 1:colcon.colcon_core.package_identification:_identify(src/my_first_package/my_first_package) by extensions ['ros']
[0.188s] Level 1:colcon.colcon_core.package_identification:_identify(src/my_first_package/my_first_package) by extension 'ros'
[0.188s] Level 1:colcon.colcon_core.package_identification:_identify(src/my_first_package/my_first_package) by extensions ['cmake', 'python']
[0.188s] Level 1:colcon.colcon_core.package_identification:_identify(src/my_first_package/my_first_package) by extension 'cmake'
[0.189s] Level 1:colcon.colcon_core.package_identification:_identify(src/my_first_package/my_first_package) by extension 'python'
[0.189s] Level 1:colcon.colcon_core.package_identification:_identify(src/my_first_package/my_first_package) by extensions ['python_setup_py']
[0.189s] Level 1:colcon.colcon_core.package_identification:_identify(src/my_first_package/my_first_package) by extension 'python_setup_py'
[0.189s] Level 1:colcon.colcon_core.package_identification:_identify(src/my_robot_navigation) by extensions ['ignore', 'ignore_ament_install']
[0.189s] Level 1:colcon.colcon_core.package_identification:_identify(src/my_robot_navigation) by extension 'ignore'
[0.189s] Level 1:colcon.colcon_core.package_identification:_identify(src/my_robot_navigation) by extension 'ignore_ament_install'
[0.189s] Level 1:colcon.colcon_core.package_identification:_identify(src/my_robot_navigation) by extensions ['colcon_pkg']
[0.189s] Level 1:colcon.colcon_core.package_identification:_identify(src/my_robot_navigation) by extension 'colcon_pkg'
[0.189s] Level 1:colcon.colcon_core.package_identification:_identify(src/my_robot_navigation) by extensions ['colcon_meta']
[0.189s] Level 1:colcon.colcon_core.package_identification:_identify(src/my_robot_navigation) by extension 'colcon_meta'
[0.189s] Level 1:colcon.colcon_core.package_identification:_identify(src/my_robot_navigation) by extensions ['ros']
[0.189s] Level 1:colcon.colcon_core.package_identification:_identify(src/my_robot_navigation) by extension 'ros'
[0.189s] DEBUG:colcon.colcon_core.package_identification:Package 'src/my_robot_navigation' with type 'ros.ament_python' and name 'my_robot_navigation'
[0.189s] Level 1:colcon.colcon_core.package_identification:_identify(src/my_robot_slam) by extensions ['ignore', 'ignore_ament_install']
[0.189s] Level 1:colcon.colcon_core.package_identification:_identify(src/my_robot_slam) by extension 'ignore'
[0.189s] Level 1:colcon.colcon_core.package_identification:_identify(src/my_robot_slam) by extension 'ignore_ament_install'
[0.189s] Level 1:colcon.colcon_core.package_identification:_identify(src/my_robot_slam) by extensions ['colcon_pkg']
[0.189s] Level 1:colcon.colcon_core.package_identification:_identify(src/my_robot_slam) by extension 'colcon_pkg'
[0.189s] Level 1:colcon.colcon_core.package_identification:_identify(src/my_robot_slam) by extensions ['colcon_meta']
[0.189s] Level 1:colcon.colcon_core.package_identification:_identify(src/my_robot_slam) by extension 'colcon_meta'
[0.189s] Level 1:colcon.colcon_core.package_identification:_identify(src/my_robot_slam) by extensions ['ros']
[0.189s] Level 1:colcon.colcon_core.package_identification:_identify(src/my_robot_slam) by extension 'ros'
[0.190s] DEBUG:colcon.colcon_core.package_identification:Package 'src/my_robot_slam' with type 'ros.ament_python' and name 'my_robot_slam'
[0.190s] Level 1:colcon.colcon_core.package_identification:_identify(src/object_detection) by extensions ['ignore', 'ignore_ament_install']
[0.190s] Level 1:colcon.colcon_core.package_identification:_identify(src/object_detection) by extension 'ignore'
[0.190s] Level 1:colcon.colcon_core.package_identification:_identify(src/object_detection) by extension 'ignore_ament_install'
[0.190s] Level 1:colcon.colcon_core.package_identification:_identify(src/object_detection) by extensions ['colcon_pkg']
[0.190s] Level 1:colcon.colcon_core.package_identification:_identify(src/object_detection) by extension 'colcon_pkg'
[0.190s] Level 1:colcon.colcon_core.package_identification:_identify(src/object_detection) by extensions ['colcon_meta']
[0.190s] Level 1:colcon.colcon_core.package_identification:_identify(src/object_detection) by extension 'colcon_meta'
[0.190s] Level 1:colcon.colcon_core.package_identification:_identify(src/object_detection) by extensions ['ros']
[0.190s] Level 1:colcon.colcon_core.package_identification:_identify(src/object_detection) by extension 'ros'
[0.190s] DEBUG:colcon.colcon_core.package_identification:Package 'src/object_detection' with type 'ros.ament_python' and name 'object_detection'
[0.191s] Level 1:colcon.colcon_core.package_identification:_identify(src/pub_sub) by extensions ['ignore', 'ignore_ament_install']
[0.191s] Level 1:colcon.colcon_core.package_identification:_identify(src/pub_sub) by extension 'ignore'
[0.191s] Level 1:colcon.colcon_core.package_identification:_identify(src/pub_sub) by extension 'ignore_ament_install'
[0.191s] Level 1:colcon.colcon_core.package_identification:_identify(src/pub_sub) by extensions ['colcon_pkg']
[0.191s] Level 1:colcon.colcon_core.package_identification:_identify(src/pub_sub) by extension 'colcon_pkg'
[0.191s] Level 1:colcon.colcon_core.package_identification:_identify(src/pub_sub) by extensions ['colcon_meta']
[0.191s] Level 1:colcon.colcon_core.package_identification:_identify(src/pub_sub) by extension 'colcon_meta'
[0.191s] Level 1:colcon.colcon_core.package_identification:_identify(src/pub_sub) by extensions ['ros']
[0.191s] Level 1:colcon.colcon_core.package_identification:_identify(src/pub_sub) by extension 'ros'
[0.191s] DEBUG:colcon.colcon_core.package_identification:Package 'src/pub_sub' with type 'ros.ament_python' and name 'pub_sub'
[0.191s] Level 1:colcon.colcon_core.package_identification:_identify(src/robot_bringup) by extensions ['ignore', 'ignore_ament_install']
[0.191s] Level 1:colcon.colcon_core.package_identification:_identify(src/robot_bringup) by extension 'ignore'
[0.191s] Level 1:colcon.colcon_core.package_identification:_identify(src/robot_bringup) by extension 'ignore_ament_install'
[0.191s] Level 1:colcon.colcon_core.package_identification:_identify(src/robot_bringup) by extensions ['colcon_pkg']
[0.191s] Level 1:colcon.colcon_core.package_identification:_identify(src/robot_bringup) by extension 'colcon_pkg'
[0.191s] Level 1:colcon.colcon_core.package_identification:_identify(src/robot_bringup) by extensions ['colcon_meta']
[0.191s] Level 1:colcon.colcon_core.package_identification:_identify(src/robot_bringup) by extension 'colcon_meta'
[0.191s] Level 1:colcon.colcon_core.package_identification:_identify(src/robot_bringup) by extensions ['ros']
[0.191s] Level 1:colcon.colcon_core.package_identification:_identify(src/robot_bringup) by extension 'ros'
[0.192s] DEBUG:colcon.colcon_core.package_identification:Package 'src/robot_bringup' with type 'ros.ament_python' and name 'robot_bringup'
[0.192s] Level 1:colcon.colcon_core.package_identification:_identify(src/rplidar-ros) by extensions ['ignore', 'ignore_ament_install']
[0.192s] Level 1:colcon.colcon_core.package_identification:_identify(src/rplidar-ros) by extension 'ignore'
[0.192s] Level 1:colcon.colcon_core.package_identification:_identify(src/rplidar-ros) by extension 'ignore_ament_install'
[0.192s] Level 1:colcon.colcon_core.package_identification:_identify(src/rplidar-ros) by extensions ['colcon_pkg']
[0.192s] Level 1:colcon.colcon_core.package_identification:_identify(src/rplidar-ros) by extension 'colcon_pkg'
[0.192s] Level 1:colcon.colcon_core.package_identification:_identify(src/rplidar-ros) by extensions ['colcon_meta']
[0.192s] Level 1:colcon.colcon_core.package_identification:_identify(src/rplidar-ros) by extension 'colcon_meta'
[0.192s] Level 1:colcon.colcon_core.package_identification:_identify(src/rplidar-ros) by extensions ['ros']
[0.192s] Level 1:colcon.colcon_core.package_identification:_identify(src/rplidar-ros) by extension 'ros'
[0.192s] DEBUG:colcon.colcon_core.package_identification:Package 'src/rplidar-ros' with type 'ros.ament_cmake' and name 'rplidar_ros'
[0.192s] Level 1:colcon.colcon_core.package_identification:_identify(src/tag_detection) by extensions ['ignore', 'ignore_ament_install']
[0.192s] Level 1:colcon.colcon_core.package_identification:_identify(src/tag_detection) by extension 'ignore'
[0.192s] Level 1:colcon.colcon_core.package_identification:_identify(src/tag_detection) by extension 'ignore_ament_install'
[0.192s] Level 1:colcon.colcon_core.package_identification:_identify(src/tag_detection) by extensions ['colcon_pkg']
[0.192s] Level 1:colcon.colcon_core.package_identification:_identify(src/tag_detection) by extension 'colcon_pkg'
[0.192s] Level 1:colcon.colcon_core.package_identification:_identify(src/tag_detection) by extensions ['colcon_meta']
[0.192s] Level 1:colcon.colcon_core.package_identification:_identify(src/tag_detection) by extension 'colcon_meta'
[0.193s] Level 1:colcon.colcon_core.package_identification:_identify(src/tag_detection) by extensions ['ros']
[0.193s] Level 1:colcon.colcon_core.package_identification:_identify(src/tag_detection) by extension 'ros'
[0.193s] DEBUG:colcon.colcon_core.package_identification:Package 'src/tag_detection' with type 'ros.ament_python' and name 'tag_detection'
[0.193s] Level 1:colcon.colcon_core.package_identification:_identify(src/teleop) by extensions ['ignore', 'ignore_ament_install']
[0.193s] Level 1:colcon.colcon_core.package_identification:_identify(src/teleop) by extension 'ignore'
[0.193s] Level 1:colcon.colcon_core.package_identification:_identify(src/teleop) by extension 'ignore_ament_install'
[0.193s] Level 1:colcon.colcon_core.package_identification:_identify(src/teleop) by extensions ['colcon_pkg']
[0.193s] Level 1:colcon.colcon_core.package_identification:_identify(src/teleop) by extension 'colcon_pkg'
[0.193s] Level 1:colcon.colcon_core.package_identification:_identify(src/teleop) by extensions ['colcon_meta']
[0.193s] Level 1:colcon.colcon_core.package_identification:_identify(src/teleop) by extension 'colcon_meta'
[0.193s] Level 1:colcon.colcon_core.package_identification:_identify(src/teleop) by extensions ['ros']
[0.193s] Level 1:colcon.colcon_core.package_identification:_identify(src/teleop) by extension 'ros'
[0.194s] DEBUG:colcon.colcon_core.package_identification:Package 'src/teleop' with type 'ros.ament_python' and name 'teleop'
[0.194s] Level 1:colcon.colcon_core.package_identification:_identify(src/webcam_bringup) by extensions ['ignore', 'ignore_ament_install']
[0.194s] Level 1:colcon.colcon_core.package_identification:_identify(src/webcam_bringup) by extension 'ignore'
[0.194s] Level 1:colcon.colcon_core.package_identification:_identify(src/webcam_bringup) by extension 'ignore_ament_install'
[0.194s] Level 1:colcon.colcon_core.package_identification:_identify(src/webcam_bringup) by extensions ['colcon_pkg']
[0.194s] Level 1:colcon.colcon_core.package_identification:_identify(src/webcam_bringup) by extension 'colcon_pkg'
[0.194s] Level 1:colcon.colcon_core.package_identification:_identify(src/webcam_bringup) by extensions ['colcon_meta']
[0.194s] Level 1:colcon.colcon_core.package_identification:_identify(src/webcam_bringup) by extension 'colcon_meta'
[0.194s] Level 1:colcon.colcon_core.package_identification:_identify(src/webcam_bringup) by extensions ['ros']
[0.194s] Level 1:colcon.colcon_core.package_identification:_identify(src/webcam_bringup) by extension 'ros'
[0.194s] DEBUG:colcon.colcon_core.package_identification:Package 'src/webcam_bringup' with type 'ros.ament_python' and name 'webcam_bringup'
[0.194s] Level 1:colcon.colcon_core.package_discovery:discover_packages(recursive) using defaults
[0.194s] Level 1:colcon.colcon_core.package_discovery:discover_packages(ignore) discover
[0.194s] Level 1:colcon.colcon_core.package_discovery:discover_packages(ignore) using defaults
[0.194s] Level 1:colcon.colcon_core.package_discovery:discover_packages(path) discover
[0.194s] Level 1:colcon.colcon_core.package_discovery:discover_packages(path) using defaults
[0.208s] Level 1:colcon.colcon_core.package_discovery:discover_packages(prefix_path) check parameters
[0.208s] Level 1:colcon.colcon_core.package_discovery:discover_packages(prefix_path) discover
[0.209s] DEBUG:colcon.colcon_installed_package_information.package_discovery:Found 17 installed packages in /home/rss/robot_harry/robotik/install
[0.210s] DEBUG:colcon.colcon_installed_package_information.package_discovery:Found 346 installed packages in /opt/ros/humble
[0.212s] Level 1:colcon.colcon_core.package_discovery:discover_packages(prefix_path) using defaults
[0.237s] Level 5:colcon.colcon_core.verb:set package 'apriltag_msgs' build argument 'cmake_args' from command line to 'None'
[0.237s] Level 5:colcon.colcon_core.verb:set package 'apriltag_msgs' build argument 'cmake_target' from command line to 'None'
[0.237s] Level 5:colcon.colcon_core.verb:set package 'apriltag_msgs' build argument 'cmake_target_skip_unavailable' from command line to 'False'
[0.237s] Level 5:colcon.colcon_core.verb:set package 'apriltag_msgs' build argument 'cmake_clean_cache' from command line to 'False'
[0.237s] Level 5:colcon.colcon_core.verb:set package 'apriltag_msgs' build argument 'cmake_clean_first' from command line to 'False'
[0.237s] Level 5:colcon.colcon_core.verb:set package 'apriltag_msgs' build argument 'cmake_force_configure' from command line to 'False'
[0.237s] Level 5:colcon.colcon_core.verb:set package 'apriltag_msgs' build argument 'ament_cmake_args' from command line to 'None'
[0.237s] Level 5:colcon.colcon_core.verb:set package 'apriltag_msgs' build argument 'catkin_cmake_args' from command line to 'None'
[0.237s] Level 5:colcon.colcon_core.verb:set package 'apriltag_msgs' build argument 'catkin_skip_building_tests' from command line to 'False'
[0.237s] DEBUG:colcon.colcon_core.verb:Building package 'apriltag_msgs' with the following arguments: {'ament_cmake_args': None, 'build_base': '/home/rss/robot_harry/robotik/build/apriltag_msgs', 'catkin_cmake_args': None, 'catkin_skip_building_tests': False, 'cmake_args': None, 'cmake_clean_cache': False, 'cmake_clean_first': False, 'cmake_force_configure': False, 'cmake_target': None, 'cmake_target_skip_unavailable': False, 'install_base': '/home/rss/robot_harry/robotik/install/apriltag_msgs', 'merge_install': False, 'path': '/home/rss/robot_harry/robotik/src/apriltag_msgs', 'symlink_install': False, 'test_result_base': None}
[0.237s] Level 5:colcon.colcon_core.verb:set package 'create3_examples_msgs' build argument 'cmake_args' from command line to 'None'
[0.237s] Level 5:colcon.colcon_core.verb:set package 'create3_examples_msgs' build argument 'cmake_target' from command line to 'None'
[0.237s] Level 5:colcon.colcon_core.verb:set package 'create3_examples_msgs' build argument 'cmake_target_skip_unavailable' from command line to 'False'
[0.237s] Level 5:colcon.colcon_core.verb:set package 'create3_examples_msgs' build argument 'cmake_clean_cache' from command line to 'False'
[0.237s] Level 5:colcon.colcon_core.verb:set package 'create3_examples_msgs' build argument 'cmake_clean_first' from command line to 'False'
[0.237s] Level 5:colcon.colcon_core.verb:set package 'create3_examples_msgs' build argument 'cmake_force_configure' from command line to 'False'
[0.237s] Level 5:colcon.colcon_core.verb:set package 'create3_examples_msgs' build argument 'ament_cmake_args' from command line to 'None'
[0.237s] Level 5:colcon.colcon_core.verb:set package 'create3_examples_msgs' build argument 'catkin_cmake_args' from command line to 'None'
[0.237s] Level 5:colcon.colcon_core.verb:set package 'create3_examples_msgs' build argument 'catkin_skip_building_tests' from command line to 'False'
[0.237s] DEBUG:colcon.colcon_core.verb:Building package 'create3_examples_msgs' with the following arguments: {'ament_cmake_args': None, 'build_base': '/home/rss/robot_harry/robotik/build/create3_examples_msgs', 'catkin_cmake_args': None, 'catkin_skip_building_tests': False, 'cmake_args': None, 'cmake_clean_cache': False, 'cmake_clean_first': False, 'cmake_force_configure': False, 'cmake_target': None, 'cmake_target_skip_unavailable': False, 'install_base': '/home/rss/robot_harry/robotik/install/create3_examples_msgs', 'merge_install': False, 'path': '/home/rss/robot_harry/robotik/src/create3_examples/create3_examples_msgs', 'symlink_install': False, 'test_result_base': None}
[0.238s] Level 5:colcon.colcon_core.verb:set package 'create3_examples_py' build argument 'cmake_args' from command line to 'None'
[0.238s] Level 5:colcon.colcon_core.verb:set package 'create3_examples_py' build argument 'cmake_target' from command line to 'None'
[0.238s] Level 5:colcon.colcon_core.verb:set package 'create3_examples_py' build argument 'cmake_target_skip_unavailable' from command line to 'False'
[0.238s] Level 5:colcon.colcon_core.verb:set package 'create3_examples_py' build argument 'cmake_clean_cache' from command line to 'False'
[0.238s] Level 5:colcon.colcon_core.verb:set package 'create3_examples_py' build argument 'cmake_clean_first' from command line to 'False'
[0.238s] Level 5:colcon.colcon_core.verb:set package 'create3_examples_py' build argument 'cmake_force_configure' from command line to 'False'
[0.238s] Level 5:colcon.colcon_core.verb:set package 'create3_examples_py' build argument 'ament_cmake_args' from command line to 'None'
[0.238s] Level 5:colcon.colcon_core.verb:set package 'create3_examples_py' build argument 'catkin_cmake_args' from command line to 'None'
[0.238s] Level 5:colcon.colcon_core.verb:set package 'create3_examples_py' build argument 'catkin_skip_building_tests' from command line to 'False'
[0.238s] DEBUG:colcon.colcon_core.verb:Building package 'create3_examples_py' with the following arguments: {'ament_cmake_args': None, 'build_base': '/home/rss/robot_harry/robotik/build/create3_examples_py', 'catkin_cmake_args': None, 'catkin_skip_building_tests': False, 'cmake_args': None, 'cmake_clean_cache': False, 'cmake_clean_first': False, 'cmake_force_configure': False, 'cmake_target': None, 'cmake_target_skip_unavailable': False, 'install_base': '/home/rss/robot_harry/robotik/install/create3_examples_py', 'merge_install': False, 'path': '/home/rss/robot_harry/robotik/src/create3_examples/create3_examples_py', 'symlink_install': False, 'test_result_base': None}
[0.238s] Level 5:colcon.colcon_core.verb:set package 'create3_republisher' build argument 'cmake_args' from command line to 'None'
[0.238s] Level 5:colcon.colcon_core.verb:set package 'create3_republisher' build argument 'cmake_target' from command line to 'None'
[0.238s] Level 5:colcon.colcon_core.verb:set package 'create3_republisher' build argument 'cmake_target_skip_unavailable' from command line to 'False'
[0.238s] Level 5:colcon.colcon_core.verb:set package 'create3_republisher' build argument 'cmake_clean_cache' from command line to 'False'
[0.238s] Level 5:colcon.colcon_core.verb:set package 'create3_republisher' build argument 'cmake_clean_first' from command line to 'False'
[0.238s] Level 5:colcon.colcon_core.verb:set package 'create3_republisher' build argument 'cmake_force_configure' from command line to 'False'
[0.238s] Level 5:colcon.colcon_core.verb:set package 'create3_republisher' build argument 'ament_cmake_args' from command line to 'None'
[0.238s] Level 5:colcon.colcon_core.verb:set package 'create3_republisher' build argument 'catkin_cmake_args' from command line to 'None'
[0.238s] Level 5:colcon.colcon_core.verb:set package 'create3_republisher' build argument 'catkin_skip_building_tests' from command line to 'False'
[0.238s] DEBUG:colcon.colcon_core.verb:Building package 'create3_republisher' with the following arguments: {'ament_cmake_args': None, 'build_base': '/home/rss/robot_harry/robotik/build/create3_republisher', 'catkin_cmake_args': None, 'catkin_skip_building_tests': False, 'cmake_args': None, 'cmake_clean_cache': False, 'cmake_clean_first': False, 'cmake_force_configure': False, 'cmake_target': None, 'cmake_target_skip_unavailable': False, 'install_base': '/home/rss/robot_harry/robotik/install/create3_republisher', 'merge_install': False, 'path': '/home/rss/robot_harry/robotik/src/create3_examples/create3_republisher', 'symlink_install': False, 'test_result_base': None}
[0.238s] Level 5:colcon.colcon_core.verb:set package 'create3_teleop' build argument 'cmake_args' from command line to 'None'
[0.238s] Level 5:colcon.colcon_core.verb:set package 'create3_teleop' build argument 'cmake_target' from command line to 'None'
[0.238s] Level 5:colcon.colcon_core.verb:set package 'create3_teleop' build argument 'cmake_target_skip_unavailable' from command line to 'False'
[0.238s] Level 5:colcon.colcon_core.verb:set package 'create3_teleop' build argument 'cmake_clean_cache' from command line to 'False'
[0.238s] Level 5:colcon.colcon_core.verb:set package 'create3_teleop' build argument 'cmake_clean_first' from command line to 'False'
[0.238s] Level 5:colcon.colcon_core.verb:set package 'create3_teleop' build argument 'cmake_force_configure' from command line to 'False'
[0.238s] Level 5:colcon.colcon_core.verb:set package 'create3_teleop' build argument 'ament_cmake_args' from command line to 'None'
[0.238s] Level 5:colcon.colcon_core.verb:set package 'create3_teleop' build argument 'catkin_cmake_args' from command line to 'None'
[0.238s] Level 5:colcon.colcon_core.verb:set package 'create3_teleop' build argument 'catkin_skip_building_tests' from command line to 'False'
[0.238s] DEBUG:colcon.colcon_core.verb:Building package 'create3_teleop' with the following arguments: {'ament_cmake_args': None, 'build_base': '/home/rss/robot_harry/robotik/build/create3_teleop', 'catkin_cmake_args': None, 'catkin_skip_building_tests': False, 'cmake_args': None, 'cmake_clean_cache': False, 'cmake_clean_first': False, 'cmake_force_configure': False, 'cmake_target': None, 'cmake_target_skip_unavailable': False, 'install_base': '/home/rss/robot_harry/robotik/install/create3_teleop', 'merge_install': False, 'path': '/home/rss/robot_harry/robotik/src/create3_examples/create3_teleop', 'symlink_install': False, 'test_result_base': None}
[0.239s] Level 5:colcon.colcon_core.verb:set package 'my_robot_navigation' build argument 'cmake_args' from command line to 'None'
[0.239s] Level 5:colcon.colcon_core.verb:set package 'my_robot_navigation' build argument 'cmake_target' from command line to 'None'
[0.239s] Level 5:colcon.colcon_core.verb:set package 'my_robot_navigation' build argument 'cmake_target_skip_unavailable' from command line to 'False'
[0.239s] Level 5:colcon.colcon_core.verb:set package 'my_robot_navigation' build argument 'cmake_clean_cache' from command line to 'False'
[0.239s] Level 5:colcon.colcon_core.verb:set package 'my_robot_navigation' build argument 'cmake_clean_first' from command line to 'False'
[0.239s] Level 5:colcon.colcon_core.verb:set package 'my_robot_navigation' build argument 'cmake_force_configure' from command line to 'False'
[0.239s] Level 5:colcon.colcon_core.verb:set package 'my_robot_navigation' build argument 'ament_cmake_args' from command line to 'None'
[0.239s] Level 5:colcon.colcon_core.verb:set package 'my_robot_navigation' build argument 'catkin_cmake_args' from command line to 'None'
[0.239s] Level 5:colcon.colcon_core.verb:set package 'my_robot_navigation' build argument 'catkin_skip_building_tests' from command line to 'False'
[0.239s] DEBUG:colcon.colcon_core.verb:Building package 'my_robot_navigation' with the following arguments: {'ament_cmake_args': None, 'build_base': '/home/rss/robot_harry/robotik/build/my_robot_navigation', 'catkin_cmake_args': None, 'catkin_skip_building_tests': False, 'cmake_args': None, 'cmake_clean_cache': False, 'cmake_clean_first': False, 'cmake_force_configure': False, 'cmake_target': None, 'cmake_target_skip_unavailable': False, 'install_base': '/home/rss/robot_harry/robotik/install/my_robot_navigation', 'merge_install': False, 'path': '/home/rss/robot_harry/robotik/src/my_robot_navigation', 'symlink_install': False, 'test_result_base': None}
[0.239s] Level 5:colcon.colcon_core.verb:set package 'my_robot_slam' build argument 'cmake_args' from command line to 'None'
[0.239s] Level 5:colcon.colcon_core.verb:set package 'my_robot_slam' build argument 'cmake_target' from command line to 'None'
[0.239s] Level 5:colcon.colcon_core.verb:set package 'my_robot_slam' build argument 'cmake_target_skip_unavailable' from command line to 'False'
[0.239s] Level 5:colcon.colcon_core.verb:set package 'my_robot_slam' build argument 'cmake_clean_cache' from command line to 'False'
[0.239s] Level 5:colcon.colcon_core.verb:set package 'my_robot_slam' build argument 'cmake_clean_first' from command line to 'False'
[0.239s] Level 5:colcon.colcon_core.verb:set package 'my_robot_slam' build argument 'cmake_force_configure' from command line to 'False'
[0.239s] Level 5:colcon.colcon_core.verb:set package 'my_robot_slam' build argument 'ament_cmake_args' from command line to 'None'
[0.239s] Level 5:colcon.colcon_core.verb:set package 'my_robot_slam' build argument 'catkin_cmake_args' from command line to 'None'
[0.239s] Level 5:colcon.colcon_core.verb:set package 'my_robot_slam' build argument 'catkin_skip_building_tests' from command line to 'False'
[0.239s] DEBUG:colcon.colcon_core.verb:Building package 'my_robot_slam' with the following arguments: {'ament_cmake_args': None, 'build_base': '/home/rss/robot_harry/robotik/build/my_robot_slam', 'catkin_cmake_args': None, 'catkin_skip_building_tests': False, 'cmake_args': None, 'cmake_clean_cache': False, 'cmake_clean_first': False, 'cmake_force_configure': False, 'cmake_target': None, 'cmake_target_skip_unavailable': False, 'install_base': '/home/rss/robot_harry/robotik/install/my_robot_slam', 'merge_install': False, 'path': '/home/rss/robot_harry/robotik/src/my_robot_slam', 'symlink_install': False, 'test_result_base': None}
[0.239s] Level 5:colcon.colcon_core.verb:set package 'object_detection' build argument 'cmake_args' from command line to 'None'
[0.239s] Level 5:colcon.colcon_core.verb:set package 'object_detection' build argument 'cmake_target' from command line to 'None'
[0.239s] Level 5:colcon.colcon_core.verb:set package 'object_detection' build argument 'cmake_target_skip_unavailable' from command line to 'False'
[0.239s] Level 5:colcon.colcon_core.verb:set package 'object_detection' build argument 'cmake_clean_cache' from command line to 'False'
[0.239s] Level 5:colcon.colcon_core.verb:set package 'object_detection' build argument 'cmake_clean_first' from command line to 'False'
[0.239s] Level 5:colcon.colcon_core.verb:set package 'object_detection' build argument 'cmake_force_configure' from command line to 'False'
[0.239s] Level 5:colcon.colcon_core.verb:set package 'object_detection' build argument 'ament_cmake_args' from command line to 'None'
[0.239s] Level 5:colcon.colcon_core.verb:set package 'object_detection' build argument 'catkin_cmake_args' from command line to 'None'
[0.239s] Level 5:colcon.colcon_core.verb:set package 'object_detection' build argument 'catkin_skip_building_tests' from command line to 'False'
[0.239s] DEBUG:colcon.colcon_core.verb:Building package 'object_detection' with the following arguments: {'ament_cmake_args': None, 'build_base': '/home/rss/robot_harry/robotik/build/object_detection', 'catkin_cmake_args': None, 'catkin_skip_building_tests': False, 'cmake_args': None, 'cmake_clean_cache': False, 'cmake_clean_first': False, 'cmake_force_configure': False, 'cmake_target': None, 'cmake_target_skip_unavailable': False, 'install_base': '/home/rss/robot_harry/robotik/install/object_detection', 'merge_install': False, 'path': '/home/rss/robot_harry/robotik/src/object_detection', 'symlink_install': False, 'test_result_base': None}
[0.240s] Level 5:colcon.colcon_core.verb:set package 'pub_sub' build argument 'cmake_args' from command line to 'None'
[0.240s] Level 5:colcon.colcon_core.verb:set package 'pub_sub' build argument 'cmake_target' from command line to 'None'
[0.240s] Level 5:colcon.colcon_core.verb:set package 'pub_sub' build argument 'cmake_target_skip_unavailable' from command line to 'False'
[0.240s] Level 5:colcon.colcon_core.verb:set package 'pub_sub' build argument 'cmake_clean_cache' from command line to 'False'
[0.240s] Level 5:colcon.colcon_core.verb:set package 'pub_sub' build argument 'cmake_clean_first' from command line to 'False'
[0.240s] Level 5:colcon.colcon_core.verb:set package 'pub_sub' build argument 'cmake_force_configure' from command line to 'False'
[0.240s] Level 5:colcon.colcon_core.verb:set package 'pub_sub' build argument 'ament_cmake_args' from command line to 'None'
[0.240s] Level 5:colcon.colcon_core.verb:set package 'pub_sub' build argument 'catkin_cmake_args' from command line to 'None'
[0.240s] Level 5:colcon.colcon_core.verb:set package 'pub_sub' build argument 'catkin_skip_building_tests' from command line to 'False'
[0.240s] DEBUG:colcon.colcon_core.verb:Building package 'pub_sub' with the following arguments: {'ament_cmake_args': None, 'build_base': '/home/rss/robot_harry/robotik/build/pub_sub', 'catkin_cmake_args': None, 'catkin_skip_building_tests': False, 'cmake_args': None, 'cmake_clean_cache': False, 'cmake_clean_first': False, 'cmake_force_configure': False, 'cmake_target': None, 'cmake_target_skip_unavailable': False, 'install_base': '/home/rss/robot_harry/robotik/install/pub_sub', 'merge_install': False, 'path': '/home/rss/robot_harry/robotik/src/pub_sub', 'symlink_install': False, 'test_result_base': None}
[0.240s] Level 5:colcon.colcon_core.verb:set package 'robot_bringup' build argument 'cmake_args' from command line to 'None'
[0.240s] Level 5:colcon.colcon_core.verb:set package 'robot_bringup' build argument 'cmake_target' from command line to 'None'
[0.240s] Level 5:colcon.colcon_core.verb:set package 'robot_bringup' build argument 'cmake_target_skip_unavailable' from command line to 'False'
[0.240s] Level 5:colcon.colcon_core.verb:set package 'robot_bringup' build argument 'cmake_clean_cache' from command line to 'False'
[0.240s] Level 5:colcon.colcon_core.verb:set package 'robot_bringup' build argument 'cmake_clean_first' from command line to 'False'
[0.240s] Level 5:colcon.colcon_core.verb:set package 'robot_bringup' build argument 'cmake_force_configure' from command line to 'False'
[0.240s] Level 5:colcon.colcon_core.verb:set package 'robot_bringup' build argument 'ament_cmake_args' from command line to 'None'
[0.240s] Level 5:colcon.colcon_core.verb:set package 'robot_bringup' build argument 'catkin_cmake_args' from command line to 'None'
[0.240s] Level 5:colcon.colcon_core.verb:set package 'robot_bringup' build argument 'catkin_skip_building_tests' from command line to 'False'
[0.240s] DEBUG:colcon.colcon_core.verb:Building package 'robot_bringup' with the following arguments: {'ament_cmake_args': None, 'build_base': '/home/rss/robot_harry/robotik/build/robot_bringup', 'catkin_cmake_args': None, 'catkin_skip_building_tests': False, 'cmake_args': None, 'cmake_clean_cache': False, 'cmake_clean_first': False, 'cmake_force_configure': False, 'cmake_target': None, 'cmake_target_skip_unavailable': False, 'install_base': '/home/rss/robot_harry/robotik/install/robot_bringup', 'merge_install': False, 'path': '/home/rss/robot_harry/robotik/src/robot_bringup', 'symlink_install': False, 'test_result_base': None}
[0.240s] Level 5:colcon.colcon_core.verb:set package 'rplidar_ros' build argument 'cmake_args' from command line to 'None'
[0.240s] Level 5:colcon.colcon_core.verb:set package 'rplidar_ros' build argument 'cmake_target' from command line to 'None'
[0.240s] Level 5:colcon.colcon_core.verb:set package 'rplidar_ros' build argument 'cmake_target_skip_unavailable' from command line to 'False'
[0.240s] Level 5:colcon.colcon_core.verb:set package 'rplidar_ros' build argument 'cmake_clean_cache' from command line to 'False'
[0.240s] Level 5:colcon.colcon_core.verb:set package 'rplidar_ros' build argument 'cmake_clean_first' from command line to 'False'
[0.240s] Level 5:colcon.colcon_core.verb:set package 'rplidar_ros' build argument 'cmake_force_configure' from command line to 'False'
[0.240s] Level 5:colcon.colcon_core.verb:set package 'rplidar_ros' build argument 'ament_cmake_args' from command line to 'None'
[0.240s] Level 5:colcon.colcon_core.verb:set package 'rplidar_ros' build argument 'catkin_cmake_args' from command line to 'None'
[0.240s] Level 5:colcon.colcon_core.verb:set package 'rplidar_ros' build argument 'catkin_skip_building_tests' from command line to 'False'
[0.240s] DEBUG:colcon.colcon_core.verb:Building package 'rplidar_ros' with the following arguments: {'ament_cmake_args': None, 'build_base': '/home/rss/robot_harry/robotik/build/rplidar_ros', 'catkin_cmake_args': None, 'catkin_skip_building_tests': False, 'cmake_args': None, 'cmake_clean_cache': False, 'cmake_clean_first': False, 'cmake_force_configure': False, 'cmake_target': None, 'cmake_target_skip_unavailable': False, 'install_base': '/home/rss/robot_harry/robotik/install/rplidar_ros', 'merge_install': False, 'path': '/home/rss/robot_harry/robotik/src/rplidar-ros', 'symlink_install': False, 'test_result_base': None}
[0.241s] Level 5:colcon.colcon_core.verb:set package 'tag_detection' build argument 'cmake_args' from command line to 'None'
[0.241s] Level 5:colcon.colcon_core.verb:set package 'tag_detection' build argument 'cmake_target' from command line to 'None'
[0.241s] Level 5:colcon.colcon_core.verb:set package 'tag_detection' build argument 'cmake_target_skip_unavailable' from command line to 'False'
[0.241s] Level 5:colcon.colcon_core.verb:set package 'tag_detection' build argument 'cmake_clean_cache' from command line to 'False'
[0.241s] Level 5:colcon.colcon_core.verb:set package 'tag_detection' build argument 'cmake_clean_first' from command line to 'False'
[0.241s] Level 5:colcon.colcon_core.verb:set package 'tag_detection' build argument 'cmake_force_configure' from command line to 'False'
[0.241s] Level 5:colcon.colcon_core.verb:set package 'tag_detection' build argument 'ament_cmake_args' from command line to 'None'
[0.241s] Level 5:colcon.colcon_core.verb:set package 'tag_detection' build argument 'catkin_cmake_args' from command line to 'None'
[0.241s] Level 5:colcon.colcon_core.verb:set package 'tag_detection' build argument 'catkin_skip_building_tests' from command line to 'False'
[0.241s] DEBUG:colcon.colcon_core.verb:Building package 'tag_detection' with the following arguments: {'ament_cmake_args': None, 'build_base': '/home/rss/robot_harry/robotik/build/tag_detection', 'catkin_cmake_args': None, 'catkin_skip_building_tests': False, 'cmake_args': None, 'cmake_clean_cache': False, 'cmake_clean_first': False, 'cmake_force_configure': False, 'cmake_target': None, 'cmake_target_skip_unavailable': False, 'install_base': '/home/rss/robot_harry/robotik/install/tag_detection', 'merge_install': False, 'path': '/home/rss/robot_harry/robotik/src/tag_detection', 'symlink_install': False, 'test_result_base': None}
[0.241s] Level 5:colcon.colcon_core.verb:set package 'teleop' build argument 'cmake_args' from command line to 'None'
[0.241s] Level 5:colcon.colcon_core.verb:set package 'teleop' build argument 'cmake_target' from command line to 'None'
[0.241s] Level 5:colcon.colcon_core.verb:set package 'teleop' build argument 'cmake_target_skip_unavailable' from command line to 'False'
[0.241s] Level 5:colcon.colcon_core.verb:set package 'teleop' build argument 'cmake_clean_cache' from command line to 'False'
[0.241s] Level 5:colcon.colcon_core.verb:set package 'teleop' build argument 'cmake_clean_first' from command line to 'False'
[0.241s] Level 5:colcon.colcon_core.verb:set package 'teleop' build argument 'cmake_force_configure' from command line to 'False'
[0.241s] Level 5:colcon.colcon_core.verb:set package 'teleop' build argument 'ament_cmake_args' from command line to 'None'
[0.241s] Level 5:colcon.colcon_core.verb:set package 'teleop' build argument 'catkin_cmake_args' from command line to 'None'
[0.241s] Level 5:colcon.colcon_core.verb:set package 'teleop' build argument 'catkin_skip_building_tests' from command line to 'False'
[0.241s] DEBUG:colcon.colcon_core.verb:Building package 'teleop' with the following arguments: {'ament_cmake_args': None, 'build_base': '/home/rss/robot_harry/robotik/build/teleop', 'catkin_cmake_args': None, 'catkin_skip_building_tests': False, 'cmake_args': None, 'cmake_clean_cache': False, 'cmake_clean_first': False, 'cmake_force_configure': False, 'cmake_target': None, 'cmake_target_skip_unavailable': False, 'install_base': '/home/rss/robot_harry/robotik/install/teleop', 'merge_install': False, 'path': '/home/rss/robot_harry/robotik/src/teleop', 'symlink_install': False, 'test_result_base': None}
[0.241s] Level 5:colcon.colcon_core.verb:set package 'webcam_bringup' build argument 'cmake_args' from command line to 'None'
[0.241s] Level 5:colcon.colcon_core.verb:set package 'webcam_bringup' build argument 'cmake_target' from command line to 'None'
[0.241s] Level 5:colcon.colcon_core.verb:set package 'webcam_bringup' build argument 'cmake_target_skip_unavailable' from command line to 'False'
[0.241s] Level 5:colcon.colcon_core.verb:set package 'webcam_bringup' build argument 'cmake_clean_cache' from command line to 'False'
[0.241s] Level 5:colcon.colcon_core.verb:set package 'webcam_bringup' build argument 'cmake_clean_first' from command line to 'False'
[0.241s] Level 5:colcon.colcon_core.verb:set package 'webcam_bringup' build argument 'cmake_force_configure' from command line to 'False'
[0.241s] Level 5:colcon.colcon_core.verb:set package 'webcam_bringup' build argument 'ament_cmake_args' from command line to 'None'
[0.241s] Level 5:colcon.colcon_core.verb:set package 'webcam_bringup' build argument 'catkin_cmake_args' from command line to 'None'
[0.241s] Level 5:colcon.colcon_core.verb:set package 'webcam_bringup' build argument 'catkin_skip_building_tests' from command line to 'False'
[0.241s] DEBUG:colcon.colcon_core.verb:Building package 'webcam_bringup' with the following arguments: {'ament_cmake_args': None, 'build_base': '/home/rss/robot_harry/robotik/build/webcam_bringup', 'catkin_cmake_args': None, 'catkin_skip_building_tests': False, 'cmake_args': None, 'cmake_clean_cache': False, 'cmake_clean_first': False, 'cmake_force_configure': False, 'cmake_target': None, 'cmake_target_skip_unavailable': False, 'install_base': '/home/rss/robot_harry/robotik/install/webcam_bringup', 'merge_install': False, 'path': '/home/rss/robot_harry/robotik/src/webcam_bringup', 'symlink_install': False, 'test_result_base': None}
[0.241s] Level 5:colcon.colcon_core.verb:set package 'apriltag_ros' build argument 'cmake_args' from command line to 'None'
[0.241s] Level 5:colcon.colcon_core.verb:set package 'apriltag_ros' build argument 'cmake_target' from command line to 'None'
[0.241s] Level 5:colcon.colcon_core.verb:set package 'apriltag_ros' build argument 'cmake_target_skip_unavailable' from command line to 'False'
[0.241s] Level 5:colcon.colcon_core.verb:set package 'apriltag_ros' build argument 'cmake_clean_cache' from command line to 'False'
[0.241s] Level 5:colcon.colcon_core.verb:set package 'apriltag_ros' build argument 'cmake_clean_first' from command line to 'False'
[0.241s] Level 5:colcon.colcon_core.verb:set package 'apriltag_ros' build argument 'cmake_force_configure' from command line to 'False'
[0.242s] Level 5:colcon.colcon_core.verb:set package 'apriltag_ros' build argument 'ament_cmake_args' from command line to 'None'
[0.242s] Level 5:colcon.colcon_core.verb:set package 'apriltag_ros' build argument 'catkin_cmake_args' from command line to 'None'
[0.242s] Level 5:colcon.colcon_core.verb:set package 'apriltag_ros' build argument 'catkin_skip_building_tests' from command line to 'False'
[0.242s] DEBUG:colcon.colcon_core.verb:Building package 'apriltag_ros' with the following arguments: {'ament_cmake_args': None, 'build_base': '/home/rss/robot_harry/robotik/build/apriltag_ros', 'catkin_cmake_args': None, 'catkin_skip_building_tests': False, 'cmake_args': None, 'cmake_clean_cache': False, 'cmake_clean_first': False, 'cmake_force_configure': False, 'cmake_target': None, 'cmake_target_skip_unavailable': False, 'install_base': '/home/rss/robot_harry/robotik/install/apriltag_ros', 'merge_install': False, 'path': '/home/rss/robot_harry/robotik/src/apriltag_ros', 'symlink_install': False, 'test_result_base': None}
[0.242s] Level 5:colcon.colcon_core.verb:set package 'create3_coverage' build argument 'cmake_args' from command line to 'None'
[0.242s] Level 5:colcon.colcon_core.verb:set package 'create3_coverage' build argument 'cmake_target' from command line to 'None'
[0.242s] Level 5:colcon.colcon_core.verb:set package 'create3_coverage' build argument 'cmake_target_skip_unavailable' from command line to 'False'
[0.242s] Level 5:colcon.colcon_core.verb:set package 'create3_coverage' build argument 'cmake_clean_cache' from command line to 'False'
[0.242s] Level 5:colcon.colcon_core.verb:set package 'create3_coverage' build argument 'cmake_clean_first' from command line to 'False'
[0.242s] Level 5:colcon.colcon_core.verb:set package 'create3_coverage' build argument 'cmake_force_configure' from command line to 'False'
[0.242s] Level 5:colcon.colcon_core.verb:set package 'create3_coverage' build argument 'ament_cmake_args' from command line to 'None'
[0.242s] Level 5:colcon.colcon_core.verb:set package 'create3_coverage' build argument 'catkin_cmake_args' from command line to 'None'
[0.242s] Level 5:colcon.colcon_core.verb:set package 'create3_coverage' build argument 'catkin_skip_building_tests' from command line to 'False'
[0.242s] DEBUG:colcon.colcon_core.verb:Building package 'create3_coverage' with the following arguments: {'ament_cmake_args': None, 'build_base': '/home/rss/robot_harry/robotik/build/create3_coverage', 'catkin_cmake_args': None, 'catkin_skip_building_tests': False, 'cmake_args': None, 'cmake_clean_cache': False, 'cmake_clean_first': False, 'cmake_force_configure': False, 'cmake_target': None, 'cmake_target_skip_unavailable': False, 'install_base': '/home/rss/robot_harry/robotik/install/create3_coverage', 'merge_install': False, 'path': '/home/rss/robot_harry/robotik/src/create3_examples/create3_coverage', 'symlink_install': False, 'test_result_base': None}
[0.242s] Level 5:colcon.colcon_core.verb:set package 'create3_lidar_slam' build argument 'cmake_args' from command line to 'None'
[0.242s] Level 5:colcon.colcon_core.verb:set package 'create3_lidar_slam' build argument 'cmake_target' from command line to 'None'
[0.242s] Level 5:colcon.colcon_core.verb:set package 'create3_lidar_slam' build argument 'cmake_target_skip_unavailable' from command line to 'False'
[0.242s] Level 5:colcon.colcon_core.verb:set package 'create3_lidar_slam' build argument 'cmake_clean_cache' from command line to 'False'
[0.242s] Level 5:colcon.colcon_core.verb:set package 'create3_lidar_slam' build argument 'cmake_clean_first' from command line to 'False'
[0.242s] Level 5:colcon.colcon_core.verb:set package 'create3_lidar_slam' build argument 'cmake_force_configure' from command line to 'False'
[0.242s] Level 5:colcon.colcon_core.verb:set package 'create3_lidar_slam' build argument 'ament_cmake_args' from command line to 'None'
[0.242s] Level 5:colcon.colcon_core.verb:set package 'create3_lidar_slam' build argument 'catkin_cmake_args' from command line to 'None'
[0.242s] Level 5:colcon.colcon_core.verb:set package 'create3_lidar_slam' build argument 'catkin_skip_building_tests' from command line to 'False'
[0.242s] DEBUG:colcon.colcon_core.verb:Building package 'create3_lidar_slam' with the following arguments: {'ament_cmake_args': None, 'build_base': '/home/rss/robot_harry/robotik/build/create3_lidar_slam', 'catkin_cmake_args': None, 'catkin_skip_building_tests': False, 'cmake_args': None, 'cmake_clean_cache': False, 'cmake_clean_first': False, 'cmake_force_configure': False, 'cmake_target': None, 'cmake_target_skip_unavailable': False, 'install_base': '/home/rss/robot_harry/robotik/install/create3_lidar_slam', 'merge_install': False, 'path': '/home/rss/robot_harry/robotik/src/create3_examples/create3_lidar_slam', 'symlink_install': False, 'test_result_base': None}
[0.242s] INFO:colcon.colcon_core.executor:Executing jobs using 'parallel' executor
[0.243s] DEBUG:colcon.colcon_parallel_executor.executor.parallel:run_until_complete
[0.243s] INFO:colcon.colcon_ros.task.ament_cmake.build:Building ROS package in '/home/rss/robot_harry/robotik/src/apriltag_msgs' with build type 'ament_cmake'
[0.244s] INFO:colcon.colcon_cmake.task.cmake.build:Building CMake package in '/home/rss/robot_harry/robotik/src/apriltag_msgs'
[0.245s] INFO:colcon.colcon_core.plugin_system:Skipping extension 'colcon_core.shell.bat': Not used on non-Windows systems
[0.245s] INFO:colcon.colcon_core.shell:Skip shell extension 'powershell' for command environment: Not usable outside of PowerShell
[0.245s] DEBUG:colcon.colcon_core.shell:Skip shell extension 'dsv' for command environment
[0.248s] INFO:colcon.colcon_ros.task.ament_cmake.build:Building ROS package in '/home/rss/robot_harry/robotik/src/create3_examples/create3_examples_msgs' with build type 'ament_cmake'
[0.248s] INFO:colcon.colcon_cmake.task.cmake.build:Building CMake package in '/home/rss/robot_harry/robotik/src/create3_examples/create3_examples_msgs'
[0.248s] INFO:colcon.colcon_core.shell:Skip shell extension 'powershell' for command environment: Not usable outside of PowerShell
[0.248s] DEBUG:colcon.colcon_core.shell:Skip shell extension 'dsv' for command environment
[0.250s] INFO:colcon.colcon_ros.task.ament_cmake.build:Building ROS package in '/home/rss/robot_harry/robotik/src/rplidar-ros' with build type 'ament_cmake'
[0.250s] INFO:colcon.colcon_cmake.task.cmake.build:Building CMake package in '/home/rss/robot_harry/robotik/src/rplidar-ros'
[0.250s] INFO:colcon.colcon_core.shell:Skip shell extension 'powershell' for command environment: Not usable outside of PowerShell
[0.250s] DEBUG:colcon.colcon_core.shell:Skip shell extension 'dsv' for command environment
[0.253s] INFO:colcon.colcon_ros.task.ament_python.build:Building ROS package in '/home/rss/robot_harry/robotik/src/create3_examples/create3_examples_py' with build type 'ament_python'
[0.253s] Level 1:colcon.colcon_core.shell:create_environment_hook('create3_examples_py', 'ament_prefix_path')
[0.253s] INFO:colcon.colcon_core.shell:Creating environment hook '/home/rss/robot_harry/robotik/install/create3_examples_py/share/create3_examples_py/hook/ament_prefix_path.ps1'
[0.253s] INFO:colcon.colcon_core.shell:Creating environment descriptor '/home/rss/robot_harry/robotik/install/create3_examples_py/share/create3_examples_py/hook/ament_prefix_path.dsv'
[0.254s] INFO:colcon.colcon_core.shell:Creating environment hook '/home/rss/robot_harry/robotik/install/create3_examples_py/share/create3_examples_py/hook/ament_prefix_path.sh'
[0.254s] INFO:colcon.colcon_core.shell:Skip shell extension 'powershell' for command environment: Not usable outside of PowerShell
[0.254s] DEBUG:colcon.colcon_core.shell:Skip shell extension 'dsv' for command environment
[0.257s] INFO:colcon.colcon_ros.task.ament_cmake.build:Building ROS package in '/home/rss/robot_harry/robotik/src/create3_examples/create3_republisher' with build type 'ament_cmake'
[0.257s] INFO:colcon.colcon_cmake.task.cmake.build:Building CMake package in '/home/rss/robot_harry/robotik/src/create3_examples/create3_republisher'
[0.257s] INFO:colcon.colcon_core.shell:Skip shell extension 'powershell' for command environment: Not usable outside of PowerShell
[0.257s] DEBUG:colcon.colcon_core.shell:Skip shell extension 'dsv' for command environment
[0.260s] INFO:colcon.colcon_ros.task.ament_python.build:Building ROS package in '/home/rss/robot_harry/robotik/src/create3_examples/create3_teleop' with build type 'ament_python'
[0.260s] Level 1:colcon.colcon_core.shell:create_environment_hook('create3_teleop', 'ament_prefix_path')
[0.260s] INFO:colcon.colcon_core.shell:Creating environment hook '/home/rss/robot_harry/robotik/install/create3_teleop/share/create3_teleop/hook/ament_prefix_path.ps1'
[0.261s] INFO:colcon.colcon_core.shell:Creating environment descriptor '/home/rss/robot_harry/robotik/install/create3_teleop/share/create3_teleop/hook/ament_prefix_path.dsv'
[0.261s] INFO:colcon.colcon_core.shell:Creating environment hook '/home/rss/robot_harry/robotik/install/create3_teleop/share/create3_teleop/hook/ament_prefix_path.sh'
[0.261s] INFO:colcon.colcon_core.shell:Skip shell extension 'powershell' for command environment: Not usable outside of PowerShell
[0.261s] DEBUG:colcon.colcon_core.shell:Skip shell extension 'dsv' for command environment
[0.264s] INFO:colcon.colcon_ros.task.ament_python.build:Building ROS package in '/home/rss/robot_harry/robotik/src/my_robot_navigation' with build type 'ament_python'
[0.264s] Level 1:colcon.colcon_core.shell:create_environment_hook('my_robot_navigation', 'ament_prefix_path')
[0.264s] INFO:colcon.colcon_core.shell:Creating environment hook '/home/rss/robot_harry/robotik/install/my_robot_navigation/share/my_robot_navigation/hook/ament_prefix_path.ps1'
[0.265s] INFO:colcon.colcon_core.shell:Creating environment descriptor '/home/rss/robot_harry/robotik/install/my_robot_navigation/share/my_robot_navigation/hook/ament_prefix_path.dsv'
[0.265s] INFO:colcon.colcon_core.shell:Creating environment hook '/home/rss/robot_harry/robotik/install/my_robot_navigation/share/my_robot_navigation/hook/ament_prefix_path.sh'
[0.265s] INFO:colcon.colcon_core.shell:Skip shell extension 'powershell' for command environment: Not usable outside of PowerShell
[0.265s] DEBUG:colcon.colcon_core.shell:Skip shell extension 'dsv' for command environment
[0.267s] INFO:colcon.colcon_ros.task.ament_python.build:Building ROS package in '/home/rss/robot_harry/robotik/src/my_robot_slam' with build type 'ament_python'
[0.268s] Level 1:colcon.colcon_core.shell:create_environment_hook('my_robot_slam', 'ament_prefix_path')
[0.268s] INFO:colcon.colcon_core.shell:Creating environment hook '/home/rss/robot_harry/robotik/install/my_robot_slam/share/my_robot_slam/hook/ament_prefix_path.ps1'
[0.268s] INFO:colcon.colcon_core.shell:Creating environment descriptor '/home/rss/robot_harry/robotik/install/my_robot_slam/share/my_robot_slam/hook/ament_prefix_path.dsv'
[0.268s] INFO:colcon.colcon_core.shell:Creating environment hook '/home/rss/robot_harry/robotik/install/my_robot_slam/share/my_robot_slam/hook/ament_prefix_path.sh'
[0.269s] INFO:colcon.colcon_core.shell:Skip shell extension 'powershell' for command environment: Not usable outside of PowerShell
[0.269s] DEBUG:colcon.colcon_core.shell:Skip shell extension 'dsv' for command environment
[0.274s] DEBUG:colcon.colcon_core.event_handler.log_command:Invoking command in '/home/rss/robot_harry/robotik/build/apriltag_msgs': CMAKE_PREFIX_PATH=${CMAKE_PREFIX_PATH}:/home/rss/robot_harry/robotik/install/webcam_bringup:/home/rss/robot_harry/robotik/install/teleop:/home/rss/robot_harry/robotik/install/tag_detection:/home/rss/robot_harry/robotik/install/robot_bringup:/home/rss/robot_harry/robotik/install/pub_sub:/home/rss/robot_harry/robotik/install/object_detection:/home/rss/robot_harry/robotik/install/my_robot_navigation:/home/rss/robot_harry/robotik/install/create3_teleop:/home/rss/robot_harry/robotik/install/create3_examples_py:/opt/ros/humble /usr/bin/cmake /home/rss/robot_harry/robotik/src/apriltag_msgs -DCMAKE_INSTALL_PREFIX=/home/rss/robot_harry/robotik/install/apriltag_msgs
[0.278s] DEBUG:colcon.colcon_core.event_handler.log_command:Invoking command in '/home/rss/robot_harry/robotik/build/create3_examples_msgs': CMAKE_PREFIX_PATH=${CMAKE_PREFIX_PATH}:/home/rss/robot_harry/robotik/install/webcam_bringup:/home/rss/robot_harry/robotik/install/teleop:/home/rss/robot_harry/robotik/install/tag_detection:/home/rss/robot_harry/robotik/install/robot_bringup:/home/rss/robot_harry/robotik/install/pub_sub:/home/rss/robot_harry/robotik/install/object_detection:/home/rss/robot_harry/robotik/install/my_robot_navigation:/home/rss/robot_harry/robotik/install/create3_teleop:/home/rss/robot_harry/robotik/install/create3_examples_py:/opt/ros/humble /usr/bin/cmake /home/rss/robot_harry/robotik/src/create3_examples/create3_examples_msgs -DCMAKE_INSTALL_PREFIX=/home/rss/robot_harry/robotik/install/create3_examples_msgs
[0.279s] DEBUG:colcon.colcon_core.event_handler.log_command:Invoking command in '/home/rss/robot_harry/robotik/build/rplidar_ros': CMAKE_PREFIX_PATH=${CMAKE_PREFIX_PATH}:/home/rss/robot_harry/robotik/install/webcam_bringup:/home/rss/robot_harry/robotik/install/teleop:/home/rss/robot_harry/robotik/install/tag_detection:/home/rss/robot_harry/robotik/install/robot_bringup:/home/rss/robot_harry/robotik/install/pub_sub:/home/rss/robot_harry/robotik/install/object_detection:/home/rss/robot_harry/robotik/install/my_robot_navigation:/home/rss/robot_harry/robotik/install/create3_teleop:/home/rss/robot_harry/robotik/install/create3_examples_py:/opt/ros/humble /usr/bin/cmake /home/rss/robot_harry/robotik/src/rplidar-ros -DCMAKE_INSTALL_PREFIX=/home/rss/robot_harry/robotik/install/rplidar_ros
[0.465s] INFO:colcon.colcon_core.task.python.build:Building Python package in '/home/rss/robot_harry/robotik/src/create3_examples/create3_examples_py'
[0.465s] INFO:colcon.colcon_core.shell:Skip shell extension 'powershell' for command environment: Not usable outside of PowerShell
[0.465s] DEBUG:colcon.colcon_core.shell:Skip shell extension 'dsv' for command environment
[0.471s] DEBUG:colcon.colcon_core.event_handler.log_command:Invoking command in '/home/rss/robot_harry/robotik/build/create3_republisher': CMAKE_PREFIX_PATH=${CMAKE_PREFIX_PATH}:/home/rss/robot_harry/robotik/install/webcam_bringup:/home/rss/robot_harry/robotik/install/teleop:/home/rss/robot_harry/robotik/install/tag_detection:/home/rss/robot_harry/robotik/install/robot_bringup:/home/rss/robot_harry/robotik/install/pub_sub:/home/rss/robot_harry/robotik/install/object_detection:/home/rss/robot_harry/robotik/install/my_robot_navigation:/home/rss/robot_harry/robotik/install/create3_teleop:/home/rss/robot_harry/robotik/install/create3_examples_py:/opt/ros/humble /usr/bin/cmake /home/rss/robot_harry/robotik/src/create3_examples/create3_republisher -DCMAKE_INSTALL_PREFIX=/home/rss/robot_harry/robotik/install/create3_republisher
[0.731s] INFO:colcon.colcon_core.task.python.build:Building Python package in '/home/rss/robot_harry/robotik/src/create3_examples/create3_teleop'
[0.731s] INFO:colcon.colcon_core.shell:Skip shell extension 'powershell' for command environment: Not usable outside of PowerShell
[0.731s] DEBUG:colcon.colcon_core.shell:Skip shell extension 'dsv' for command environment
[0.927s] INFO:colcon.colcon_core.task.python.build:Building Python package in '/home/rss/robot_harry/robotik/src/my_robot_navigation'
[0.927s] INFO:colcon.colcon_core.shell:Skip shell extension 'powershell' for command environment: Not usable outside of PowerShell
[0.927s] DEBUG:colcon.colcon_core.shell:Skip shell extension 'dsv' for command environment
[0.935s] DEBUG:colcon.colcon_core.event_handler.log_command:Invoked command in '/home/rss/robot_harry/robotik/build/rplidar_ros' returned '0': CMAKE_PREFIX_PATH=${CMAKE_PREFIX_PATH}:/home/rss/robot_harry/robotik/install/webcam_bringup:/home/rss/robot_harry/robotik/install/teleop:/home/rss/robot_harry/robotik/install/tag_detection:/home/rss/robot_harry/robotik/install/robot_bringup:/home/rss/robot_harry/robotik/install/pub_sub:/home/rss/robot_harry/robotik/install/object_detection:/home/rss/robot_harry/robotik/install/my_robot_navigation:/home/rss/robot_harry/robotik/install/create3_teleop:/home/rss/robot_harry/robotik/install/create3_examples_py:/opt/ros/humble /usr/bin/cmake /home/rss/robot_harry/robotik/src/rplidar-ros -DCMAKE_INSTALL_PREFIX=/home/rss/robot_harry/robotik/install/rplidar_ros
[0.937s] DEBUG:colcon.colcon_core.event_handler.log_command:Invoking command in '/home/rss/robot_harry/robotik/build/rplidar_ros': CMAKE_PREFIX_PATH=${CMAKE_PREFIX_PATH}:/home/rss/robot_harry/robotik/install/webcam_bringup:/home/rss/robot_harry/robotik/install/teleop:/home/rss/robot_harry/robotik/install/tag_detection:/home/rss/robot_harry/robotik/install/robot_bringup:/home/rss/robot_harry/robotik/install/pub_sub:/home/rss/robot_harry/robotik/install/object_detection:/home/rss/robot_harry/robotik/install/my_robot_navigation:/home/rss/robot_harry/robotik/install/create3_teleop:/home/rss/robot_harry/robotik/install/create3_examples_py:/opt/ros/humble /usr/bin/cmake --build /home/rss/robot_harry/robotik/build/rplidar_ros -- -j8 -l8
[0.937s] DEBUG:colcon.colcon_core.event_handler.log_command:Invoked command in '/home/rss/robot_harry/robotik/build/create3_republisher' returned '0': CMAKE_PREFIX_PATH=${CMAKE_PREFIX_PATH}:/home/rss/robot_harry/robotik/install/webcam_bringup:/home/rss/robot_harry/robotik/install/teleop:/home/rss/robot_harry/robotik/install/tag_detection:/home/rss/robot_harry/robotik/install/robot_bringup:/home/rss/robot_harry/robotik/install/pub_sub:/home/rss/robot_harry/robotik/install/object_detection:/home/rss/robot_harry/robotik/install/my_robot_navigation:/home/rss/robot_harry/robotik/install/create3_teleop:/home/rss/robot_harry/robotik/install/create3_examples_py:/opt/ros/humble /usr/bin/cmake /home/rss/robot_harry/robotik/src/create3_examples/create3_republisher -DCMAKE_INSTALL_PREFIX=/home/rss/robot_harry/robotik/install/create3_republisher
[0.939s] DEBUG:colcon.colcon_core.event_handler.log_command:Invoking command in '/home/rss/robot_harry/robotik/build/create3_republisher': CMAKE_PREFIX_PATH=${CMAKE_PREFIX_PATH}:/home/rss/robot_harry/robotik/install/webcam_bringup:/home/rss/robot_harry/robotik/install/teleop:/home/rss/robot_harry/robotik/install/tag_detection:/home/rss/robot_harry/robotik/install/robot_bringup:/home/rss/robot_harry/robotik/install/pub_sub:/home/rss/robot_harry/robotik/install/object_detection:/home/rss/robot_harry/robotik/install/my_robot_navigation:/home/rss/robot_harry/robotik/install/create3_teleop:/home/rss/robot_harry/robotik/install/create3_examples_py:/opt/ros/humble /usr/bin/cmake --build /home/rss/robot_harry/robotik/build/create3_republisher -- -j8 -l8
[1.143s] INFO:colcon.colcon_core.task.python.build:Building Python package in '/home/rss/robot_harry/robotik/src/my_robot_slam'
[1.144s] INFO:colcon.colcon_core.shell:Skip shell extension 'powershell' for command environment: Not usable outside of PowerShell
[1.144s] DEBUG:colcon.colcon_core.shell:Skip shell extension 'dsv' for command environment
[1.152s] DEBUG:colcon.colcon_core.event_handler.log_command:Invoked command in '/home/rss/robot_harry/robotik/build/create3_republisher' returned '0': CMAKE_PREFIX_PATH=${CMAKE_PREFIX_PATH}:/home/rss/robot_harry/robotik/install/webcam_bringup:/home/rss/robot_harry/robotik/install/teleop:/home/rss/robot_harry/robotik/install/tag_detection:/home/rss/robot_harry/robotik/install/robot_bringup:/home/rss/robot_harry/robotik/install/pub_sub:/home/rss/robot_harry/robotik/install/object_detection:/home/rss/robot_harry/robotik/install/my_robot_navigation:/home/rss/robot_harry/robotik/install/create3_teleop:/home/rss/robot_harry/robotik/install/create3_examples_py:/opt/ros/humble /usr/bin/cmake --build /home/rss/robot_harry/robotik/build/create3_republisher -- -j8 -l8
[1.163s] DEBUG:colcon.colcon_core.event_handler.log_command:Invoking command in '/home/rss/robot_harry/robotik/build/create3_republisher': CMAKE_PREFIX_PATH=${CMAKE_PREFIX_PATH}:/home/rss/robot_harry/robotik/install/webcam_bringup:/home/rss/robot_harry/robotik/install/teleop:/home/rss/robot_harry/robotik/install/tag_detection:/home/rss/robot_harry/robotik/install/robot_bringup:/home/rss/robot_harry/robotik/install/pub_sub:/home/rss/robot_harry/robotik/install/object_detection:/home/rss/robot_harry/robotik/install/my_robot_navigation:/home/rss/robot_harry/robotik/install/create3_teleop:/home/rss/robot_harry/robotik/install/create3_examples_py:/opt/ros/humble /usr/bin/cmake --install /home/rss/robot_harry/robotik/build/create3_republisher
[1.163s] DEBUG:colcon.colcon_core.event_handler.log_command:Invoked command in '/home/rss/robot_harry/robotik/build/rplidar_ros' returned '0': CMAKE_PREFIX_PATH=${CMAKE_PREFIX_PATH}:/home/rss/robot_harry/robotik/install/webcam_bringup:/home/rss/robot_harry/robotik/install/teleop:/home/rss/robot_harry/robotik/install/tag_detection:/home/rss/robot_harry/robotik/install/robot_bringup:/home/rss/robot_harry/robotik/install/pub_sub:/home/rss/robot_harry/robotik/install/object_detection:/home/rss/robot_harry/robotik/install/my_robot_navigation:/home/rss/robot_harry/robotik/install/create3_teleop:/home/rss/robot_harry/robotik/install/create3_examples_py:/opt/ros/humble /usr/bin/cmake --build /home/rss/robot_harry/robotik/build/rplidar_ros -- -j8 -l8
[1.169s] DEBUG:colcon.colcon_core.event_handler.log_command:Invoking command in '/home/rss/robot_harry/robotik/build/rplidar_ros': CMAKE_PREFIX_PATH=${CMAKE_PREFIX_PATH}:/home/rss/robot_harry/robotik/install/webcam_bringup:/home/rss/robot_harry/robotik/install/teleop:/home/rss/robot_harry/robotik/install/tag_detection:/home/rss/robot_harry/robotik/install/robot_bringup:/home/rss/robot_harry/robotik/install/pub_sub:/home/rss/robot_harry/robotik/install/object_detection:/home/rss/robot_harry/robotik/install/my_robot_navigation:/home/rss/robot_harry/robotik/install/create3_teleop:/home/rss/robot_harry/robotik/install/create3_examples_py:/opt/ros/humble /usr/bin/cmake --install /home/rss/robot_harry/robotik/build/rplidar_ros
[1.169s] DEBUG:colcon.colcon_core.event_handler.log_command:Invoked command in '/home/rss/robot_harry/robotik/build/create3_examples_msgs' returned '0': CMAKE_PREFIX_PATH=${CMAKE_PREFIX_PATH}:/home/rss/robot_harry/robotik/install/webcam_bringup:/home/rss/robot_harry/robotik/install/teleop:/home/rss/robot_harry/robotik/install/tag_detection:/home/rss/robot_harry/robotik/install/robot_bringup:/home/rss/robot_harry/robotik/install/pub_sub:/home/rss/robot_harry/robotik/install/object_detection:/home/rss/robot_harry/robotik/install/my_robot_navigation:/home/rss/robot_harry/robotik/install/create3_teleop:/home/rss/robot_harry/robotik/install/create3_examples_py:/opt/ros/humble /usr/bin/cmake /home/rss/robot_harry/robotik/src/create3_examples/create3_examples_msgs -DCMAKE_INSTALL_PREFIX=/home/rss/robot_harry/robotik/install/create3_examples_msgs
[1.170s] DEBUG:colcon.colcon_core.event_handler.log_command:Invoking command in '/home/rss/robot_harry/robotik/build/create3_examples_msgs': CMAKE_PREFIX_PATH=${CMAKE_PREFIX_PATH}:/home/rss/robot_harry/robotik/install/webcam_bringup:/home/rss/robot_harry/robotik/install/teleop:/home/rss/robot_harry/robotik/install/tag_detection:/home/rss/robot_harry/robotik/install/robot_bringup:/home/rss/robot_harry/robotik/install/pub_sub:/home/rss/robot_harry/robotik/install/object_detection:/home/rss/robot_harry/robotik/install/my_robot_navigation:/home/rss/robot_harry/robotik/install/create3_teleop:/home/rss/robot_harry/robotik/install/create3_examples_py:/opt/ros/humble /usr/bin/cmake --build /home/rss/robot_harry/robotik/build/create3_examples_msgs -- -j8 -l8
[1.185s] Level 1:colcon.colcon_core.environment:create_environment_scripts_only(create3_republisher)
[1.185s] DEBUG:colcon.colcon_core.event_handler.log_command:Invoked command in '/home/rss/robot_harry/robotik/build/create3_republisher' returned '0': CMAKE_PREFIX_PATH=${CMAKE_PREFIX_PATH}:/home/rss/robot_harry/robotik/install/webcam_bringup:/home/rss/robot_harry/robotik/install/teleop:/home/rss/robot_harry/robotik/install/tag_detection:/home/rss/robot_harry/robotik/install/robot_bringup:/home/rss/robot_harry/robotik/install/pub_sub:/home/rss/robot_harry/robotik/install/object_detection:/home/rss/robot_harry/robotik/install/my_robot_navigation:/home/rss/robot_harry/robotik/install/create3_teleop:/home/rss/robot_harry/robotik/install/create3_examples_py:/opt/ros/humble /usr/bin/cmake --install /home/rss/robot_harry/robotik/build/create3_republisher
[1.191s] Level 1:colcon.colcon_core.environment:checking '/home/rss/robot_harry/robotik/install/create3_republisher' for CMake module files
[1.192s] Level 1:colcon.colcon_core.environment:checking '/home/rss/robot_harry/robotik/install/create3_republisher' for CMake config files
[1.192s] Level 1:colcon.colcon_core.shell:create_environment_hook('create3_republisher', 'cmake_prefix_path')
[1.192s] INFO:colcon.colcon_core.shell:Creating environment hook '/home/rss/robot_harry/robotik/install/create3_republisher/share/create3_republisher/hook/cmake_prefix_path.ps1'
[1.193s] INFO:colcon.colcon_core.shell:Creating environment descriptor '/home/rss/robot_harry/robotik/install/create3_republisher/share/create3_republisher/hook/cmake_prefix_path.dsv'
[1.193s] INFO:colcon.colcon_core.shell:Creating environment hook '/home/rss/robot_harry/robotik/install/create3_republisher/share/create3_republisher/hook/cmake_prefix_path.sh'
[1.194s] Level 1:colcon.colcon_core.environment:checking '/home/rss/robot_harry/robotik/install/create3_republisher/lib'
[1.194s] Level 1:colcon.colcon_core.environment:checking '/home/rss/robot_harry/robotik/install/create3_republisher/bin'
[1.194s] Level 1:colcon.colcon_core.environment:checking '/home/rss/robot_harry/robotik/install/create3_republisher/lib/pkgconfig/create3_republisher.pc'
[1.194s] Level 1:colcon.colcon_core.environment:checking '/home/rss/robot_harry/robotik/install/create3_republisher/lib/python3.10/site-packages'
[1.195s] Level 1:colcon.colcon_core.environment:checking '/home/rss/robot_harry/robotik/install/create3_republisher/bin'
[1.195s] INFO:colcon.colcon_core.shell:Creating package script '/home/rss/robot_harry/robotik/install/create3_republisher/share/create3_republisher/package.ps1'
[1.196s] INFO:colcon.colcon_core.shell:Creating package descriptor '/home/rss/robot_harry/robotik/install/create3_republisher/share/create3_republisher/package.dsv'
[1.196s] INFO:colcon.colcon_core.shell:Creating package script '/home/rss/robot_harry/robotik/install/create3_republisher/share/create3_republisher/package.sh'
[1.197s] INFO:colcon.colcon_core.shell:Creating package script '/home/rss/robot_harry/robotik/install/create3_republisher/share/create3_republisher/package.bash'
[1.198s] INFO:colcon.colcon_core.shell:Creating package script '/home/rss/robot_harry/robotik/install/create3_republisher/share/create3_republisher/package.zsh'
[1.199s] Level 1:colcon.colcon_core.environment:create_file_with_runtime_dependencies(/home/rss/robot_harry/robotik/install/create3_republisher/share/colcon-core/packages/create3_republisher)
[1.199s] Level 1:colcon.colcon_core.environment:create_environment_scripts_only(create3_republisher)
[1.199s] Level 1:colcon.colcon_core.environment:checking '/home/rss/robot_harry/robotik/install/create3_republisher' for CMake module files
[1.200s] Level 1:colcon.colcon_core.environment:checking '/home/rss/robot_harry/robotik/install/create3_republisher' for CMake config files
[1.200s] Level 1:colcon.colcon_core.shell:create_environment_hook('create3_republisher', 'cmake_prefix_path')
[1.200s] INFO:colcon.colcon_core.shell:Creating environment hook '/home/rss/robot_harry/robotik/install/create3_republisher/share/create3_republisher/hook/cmake_prefix_path.ps1'
[1.201s] INFO:colcon.colcon_core.shell:Creating environment descriptor '/home/rss/robot_harry/robotik/install/create3_republisher/share/create3_republisher/hook/cmake_prefix_path.dsv'
[1.201s] INFO:colcon.colcon_core.shell:Creating environment hook '/home/rss/robot_harry/robotik/install/create3_republisher/share/create3_republisher/hook/cmake_prefix_path.sh'
[1.202s] Level 1:colcon.colcon_core.environment:checking '/home/rss/robot_harry/robotik/install/create3_republisher/lib'
[1.202s] Level 1:colcon.colcon_core.environment:checking '/home/rss/robot_harry/robotik/install/create3_republisher/bin'
[1.202s] Level 1:colcon.colcon_core.environment:checking '/home/rss/robot_harry/robotik/install/create3_republisher/lib/pkgconfig/create3_republisher.pc'
[1.202s] Level 1:colcon.colcon_core.environment:checking '/home/rss/robot_harry/robotik/install/create3_republisher/lib/python3.10/site-packages'
[1.203s] Level 1:colcon.colcon_core.environment:checking '/home/rss/robot_harry/robotik/install/create3_republisher/bin'
[1.203s] INFO:colcon.colcon_core.shell:Creating package script '/home/rss/robot_harry/robotik/install/create3_republisher/share/create3_republisher/package.ps1'
[1.203s] INFO:colcon.colcon_core.shell:Creating package descriptor '/home/rss/robot_harry/robotik/install/create3_republisher/share/create3_republisher/package.dsv'
[1.207s] INFO:colcon.colcon_core.shell:Creating package script '/home/rss/robot_harry/robotik/install/create3_republisher/share/create3_republisher/package.sh'
[1.207s] INFO:colcon.colcon_core.shell:Creating package script '/home/rss/robot_harry/robotik/install/create3_republisher/share/create3_republisher/package.bash'
[1.208s] INFO:colcon.colcon_core.shell:Creating package script '/home/rss/robot_harry/robotik/install/create3_republisher/share/create3_republisher/package.zsh'
[1.208s] Level 1:colcon.colcon_core.environment:create_file_with_runtime_dependencies(/home/rss/robot_harry/robotik/install/create3_republisher/share/colcon-core/packages/create3_republisher)
[1.209s] INFO:colcon.colcon_ros.task.ament_python.build:Building ROS package in '/home/rss/robot_harry/robotik/src/object_detection' with build type 'ament_python'
[1.209s] Level 1:colcon.colcon_core.shell:create_environment_hook('object_detection', 'ament_prefix_path')
[1.209s] INFO:colcon.colcon_core.shell:Creating environment hook '/home/rss/robot_harry/robotik/install/object_detection/share/object_detection/hook/ament_prefix_path.ps1'
[1.210s] INFO:colcon.colcon_core.shell:Creating environment descriptor '/home/rss/robot_harry/robotik/install/object_detection/share/object_detection/hook/ament_prefix_path.dsv'
[1.212s] INFO:colcon.colcon_core.shell:Creating environment hook '/home/rss/robot_harry/robotik/install/object_detection/share/object_detection/hook/ament_prefix_path.sh'
[1.212s] INFO:colcon.colcon_core.shell:Skip shell extension 'powershell' for command environment: Not usable outside of PowerShell
[1.212s] DEBUG:colcon.colcon_core.shell:Skip shell extension 'dsv' for command environment
[1.607s] INFO:colcon.colcon_core.task.python.build:Building Python package in '/home/rss/robot_harry/robotik/src/object_detection'
[1.607s] INFO:colcon.colcon_core.shell:Skip shell extension 'powershell' for command environment: Not usable outside of PowerShell
[1.607s] DEBUG:colcon.colcon_core.shell:Skip shell extension 'dsv' for command environment
[1.610s] Level 1:colcon.colcon_core.environment:create_environment_scripts_only(rplidar_ros)
[1.610s] Level 1:colcon.colcon_core.environment:checking '/home/rss/robot_harry/robotik/install/rplidar_ros' for CMake module files
[1.611s] DEBUG:colcon.colcon_core.event_handler.log_command:Invoked command in '/home/rss/robot_harry/robotik/build/rplidar_ros' returned '0': CMAKE_PREFIX_PATH=${CMAKE_PREFIX_PATH}:/home/rss/robot_harry/robotik/install/webcam_bringup:/home/rss/robot_harry/robotik/install/teleop:/home/rss/robot_harry/robotik/install/tag_detection:/home/rss/robot_harry/robotik/install/robot_bringup:/home/rss/robot_harry/robotik/install/pub_sub:/home/rss/robot_harry/robotik/install/object_detection:/home/rss/robot_harry/robotik/install/my_robot_navigation:/home/rss/robot_harry/robotik/install/create3_teleop:/home/rss/robot_harry/robotik/install/create3_examples_py:/opt/ros/humble /usr/bin/cmake --install /home/rss/robot_harry/robotik/build/rplidar_ros
[1.611s] Level 1:colcon.colcon_core.environment:checking '/home/rss/robot_harry/robotik/install/rplidar_ros' for CMake config files
[1.611s] Level 1:colcon.colcon_core.shell:create_environment_hook('rplidar_ros', 'cmake_prefix_path')
[1.611s] INFO:colcon.colcon_core.shell:Creating environment hook '/home/rss/robot_harry/robotik/install/rplidar_ros/share/rplidar_ros/hook/cmake_prefix_path.ps1'
[1.612s] INFO:colcon.colcon_core.shell:Creating environment descriptor '/home/rss/robot_harry/robotik/install/rplidar_ros/share/rplidar_ros/hook/cmake_prefix_path.dsv'
[1.612s] INFO:colcon.colcon_core.shell:Creating environment hook '/home/rss/robot_harry/robotik/install/rplidar_ros/share/rplidar_ros/hook/cmake_prefix_path.sh'
[1.612s] Level 1:colcon.colcon_core.environment:checking '/home/rss/robot_harry/robotik/install/rplidar_ros/lib'
[1.612s] Level 1:colcon.colcon_core.environment:checking '/home/rss/robot_harry/robotik/install/rplidar_ros/bin'
[1.612s] Level 1:colcon.colcon_core.environment:checking '/home/rss/robot_harry/robotik/install/rplidar_ros/lib/pkgconfig/rplidar_ros.pc'
[1.612s] Level 1:colcon.colcon_core.environment:checking '/home/rss/robot_harry/robotik/install/rplidar_ros/lib/python3.10/site-packages'
[1.613s] Level 1:colcon.colcon_core.environment:checking '/home/rss/robot_harry/robotik/install/rplidar_ros/bin'
[1.613s] INFO:colcon.colcon_core.shell:Creating package script '/home/rss/robot_harry/robotik/install/rplidar_ros/share/rplidar_ros/package.ps1'
[1.613s] INFO:colcon.colcon_core.shell:Creating package descriptor '/home/rss/robot_harry/robotik/install/rplidar_ros/share/rplidar_ros/package.dsv'
[1.613s] INFO:colcon.colcon_core.shell:Creating package script '/home/rss/robot_harry/robotik/install/rplidar_ros/share/rplidar_ros/package.sh'
[1.614s] INFO:colcon.colcon_core.shell:Creating package script '/home/rss/robot_harry/robotik/install/rplidar_ros/share/rplidar_ros/package.bash'
[1.614s] INFO:colcon.colcon_core.shell:Creating package script '/home/rss/robot_harry/robotik/install/rplidar_ros/share/rplidar_ros/package.zsh'
[1.614s] Level 1:colcon.colcon_core.environment:create_file_with_runtime_dependencies(/home/rss/robot_harry/robotik/install/rplidar_ros/share/colcon-core/packages/rplidar_ros)
[1.614s] Level 1:colcon.colcon_core.environment:create_environment_scripts_only(rplidar_ros)
[1.614s] Level 1:colcon.colcon_core.environment:checking '/home/rss/robot_harry/robotik/install/rplidar_ros' for CMake module files
[1.615s] Level 1:colcon.colcon_core.environment:checking '/home/rss/robot_harry/robotik/install/rplidar_ros' for CMake config files
[1.615s] Level 1:colcon.colcon_core.shell:create_environment_hook('rplidar_ros', 'cmake_prefix_path')
[1.615s] INFO:colcon.colcon_core.shell:Creating environment hook '/home/rss/robot_harry/robotik/install/rplidar_ros/share/rplidar_ros/hook/cmake_prefix_path.ps1'
[1.615s] INFO:colcon.colcon_core.shell:Creating environment descriptor '/home/rss/robot_harry/robotik/install/rplidar_ros/share/rplidar_ros/hook/cmake_prefix_path.dsv'
[1.615s] INFO:colcon.colcon_core.shell:Creating environment hook '/home/rss/robot_harry/robotik/install/rplidar_ros/share/rplidar_ros/hook/cmake_prefix_path.sh'
[1.616s] Level 1:colcon.colcon_core.environment:checking '/home/rss/robot_harry/robotik/install/rplidar_ros/lib'
[1.616s] Level 1:colcon.colcon_core.environment:checking '/home/rss/robot_harry/robotik/install/rplidar_ros/bin'
[1.616s] Level 1:colcon.colcon_core.environment:checking '/home/rss/robot_harry/robotik/install/rplidar_ros/lib/pkgconfig/rplidar_ros.pc'
[1.616s] Level 1:colcon.colcon_core.environment:checking '/home/rss/robot_harry/robotik/install/rplidar_ros/lib/python3.10/site-packages'
[1.616s] Level 1:colcon.colcon_core.environment:checking '/home/rss/robot_harry/robotik/install/rplidar_ros/bin'
[1.616s] INFO:colcon.colcon_core.shell:Creating package script '/home/rss/robot_harry/robotik/install/rplidar_ros/share/rplidar_ros/package.ps1'
[1.616s] INFO:colcon.colcon_core.shell:Creating package descriptor '/home/rss/robot_harry/robotik/install/rplidar_ros/share/rplidar_ros/package.dsv'
[1.617s] INFO:colcon.colcon_core.shell:Creating package script '/home/rss/robot_harry/robotik/install/rplidar_ros/share/rplidar_ros/package.sh'
[1.617s] INFO:colcon.colcon_core.shell:Creating package script '/home/rss/robot_harry/robotik/install/rplidar_ros/share/rplidar_ros/package.bash'
[1.617s] INFO:colcon.colcon_core.shell:Creating package script '/home/rss/robot_harry/robotik/install/rplidar_ros/share/rplidar_ros/package.zsh'
[1.617s] Level 1:colcon.colcon_core.environment:create_file_with_runtime_dependencies(/home/rss/robot_harry/robotik/install/rplidar_ros/share/colcon-core/packages/rplidar_ros)
[1.618s] INFO:colcon.colcon_ros.task.ament_python.build:Building ROS package in '/home/rss/robot_harry/robotik/src/pub_sub' with build type 'ament_python'
[1.618s] Level 1:colcon.colcon_core.shell:create_environment_hook('pub_sub', 'ament_prefix_path')
[1.619s] INFO:colcon.colcon_core.shell:Creating environment hook '/home/rss/robot_harry/robotik/install/pub_sub/share/pub_sub/hook/ament_prefix_path.ps1'
[1.619s] INFO:colcon.colcon_core.shell:Creating environment descriptor '/home/rss/robot_harry/robotik/install/pub_sub/share/pub_sub/hook/ament_prefix_path.dsv'
[1.619s] INFO:colcon.colcon_core.shell:Creating environment hook '/home/rss/robot_harry/robotik/install/pub_sub/share/pub_sub/hook/ament_prefix_path.sh'
[1.619s] INFO:colcon.colcon_core.shell:Skip shell extension 'powershell' for command environment: Not usable outside of PowerShell
[1.619s] DEBUG:colcon.colcon_core.shell:Skip shell extension 'dsv' for command environment
[1.625s] DEBUG:colcon.colcon_core.event_handler.log_command:Invoking command in '/home/rss/robot_harry/robotik/build/create3_teleop': PYTHONPATH=/home/rss/robot_harry/robotik/build/create3_teleop/prefix_override:/usr/lib/python3/dist-packages/colcon_core/task/python/colcon_distutils_commands:/home/rss/robot_harry/robotik/install/create3_teleop/lib/python3.10/site-packages:${PYTHONPATH} /usr/bin/python3 -W ignore:setup.py install is deprecated -W ignore:easy_install command is deprecated setup.py develop --uninstall --editable --build-directory /home/rss/robot_harry/robotik/build/create3_teleop/build
[1.627s] DEBUG:colcon.colcon_core.event_handler.log_command:Invoking command in '/home/rss/robot_harry/robotik/build/create3_examples_py': PYTHONPATH=/home/rss/robot_harry/robotik/build/create3_examples_py/prefix_override:/usr/lib/python3/dist-packages/colcon_core/task/python/colcon_distutils_commands:/home/rss/robot_harry/robotik/install/create3_examples_py/lib/python3.10/site-packages:${PYTHONPATH} /usr/bin/python3 -W ignore:setup.py install is deprecated -W ignore:easy_install command is deprecated setup.py develop --uninstall --editable --build-directory /home/rss/robot_harry/robotik/build/create3_examples_py/build
[1.636s] DEBUG:colcon.colcon_core.event_handler.log_command:Invoking command in '/home/rss/robot_harry/robotik/build/my_robot_navigation': PYTHONPATH=/home/rss/robot_harry/robotik/build/my_robot_navigation/prefix_override:/usr/lib/python3/dist-packages/colcon_core/task/python/colcon_distutils_commands:/home/rss/robot_harry/robotik/install/my_robot_navigation/lib/python3.10/site-packages:${PYTHONPATH} /usr/bin/python3 -W ignore:setup.py install is deprecated -W ignore:easy_install command is deprecated setup.py develop --uninstall --editable --build-directory /home/rss/robot_harry/robotik/build/my_robot_navigation/build
[1.637s] DEBUG:colcon.colcon_core.event_handler.log_command:Invoking command in '/home/rss/robot_harry/robotik/build/my_robot_slam': PYTHONPATH=/home/rss/robot_harry/robotik/build/my_robot_slam/prefix_override:/usr/lib/python3/dist-packages/colcon_core/task/python/colcon_distutils_commands:/home/rss/robot_harry/robotik/install/my_robot_slam/lib/python3.10/site-packages:${PYTHONPATH} /usr/bin/python3 -W ignore:setup.py install is deprecated -W ignore:easy_install command is deprecated setup.py develop --uninstall --editable --build-directory /home/rss/robot_harry/robotik/build/my_robot_slam/build
[1.637s] DEBUG:colcon.colcon_core.event_handler.log_command:Invoked command in '/home/rss/robot_harry/robotik/build/create3_examples_msgs' returned '0': CMAKE_PREFIX_PATH=${CMAKE_PREFIX_PATH}:/home/rss/robot_harry/robotik/install/webcam_bringup:/home/rss/robot_harry/robotik/install/teleop:/home/rss/robot_harry/robotik/install/tag_detection:/home/rss/robot_harry/robotik/install/robot_bringup:/home/rss/robot_harry/robotik/install/pub_sub:/home/rss/robot_harry/robotik/install/object_detection:/home/rss/robot_harry/robotik/install/my_robot_navigation:/home/rss/robot_harry/robotik/install/create3_teleop:/home/rss/robot_harry/robotik/install/create3_examples_py:/opt/ros/humble /usr/bin/cmake --build /home/rss/robot_harry/robotik/build/create3_examples_msgs -- -j8 -l8
[1.638s] DEBUG:colcon.colcon_core.event_handler.log_command:Invoking command in '/home/rss/robot_harry/robotik/build/create3_examples_msgs': CMAKE_PREFIX_PATH=${CMAKE_PREFIX_PATH}:/home/rss/robot_harry/robotik/install/webcam_bringup:/home/rss/robot_harry/robotik/install/teleop:/home/rss/robot_harry/robotik/install/tag_detection:/home/rss/robot_harry/robotik/install/robot_bringup:/home/rss/robot_harry/robotik/install/pub_sub:/home/rss/robot_harry/robotik/install/object_detection:/home/rss/robot_harry/robotik/install/my_robot_navigation:/home/rss/robot_harry/robotik/install/create3_teleop:/home/rss/robot_harry/robotik/install/create3_examples_py:/opt/ros/humble /usr/bin/cmake --install /home/rss/robot_harry/robotik/build/create3_examples_msgs
[1.638s] DEBUG:colcon.colcon_core.event_handler.log_command:Invoked command in '/home/rss/robot_harry/robotik/build/apriltag_msgs' returned '0': CMAKE_PREFIX_PATH=${CMAKE_PREFIX_PATH}:/home/rss/robot_harry/robotik/install/webcam_bringup:/home/rss/robot_harry/robotik/install/teleop:/home/rss/robot_harry/robotik/install/tag_detection:/home/rss/robot_harry/robotik/install/robot_bringup:/home/rss/robot_harry/robotik/install/pub_sub:/home/rss/robot_harry/robotik/install/object_detection:/home/rss/robot_harry/robotik/install/my_robot_navigation:/home/rss/robot_harry/robotik/install/create3_teleop:/home/rss/robot_harry/robotik/install/create3_examples_py:/opt/ros/humble /usr/bin/cmake /home/rss/robot_harry/robotik/src/apriltag_msgs -DCMAKE_INSTALL_PREFIX=/home/rss/robot_harry/robotik/install/apriltag_msgs
[1.644s] DEBUG:colcon.colcon_core.event_handler.log_command:Invoking command in '/home/rss/robot_harry/robotik/build/apriltag_msgs': CMAKE_PREFIX_PATH=${CMAKE_PREFIX_PATH}:/home/rss/robot_harry/robotik/install/webcam_bringup:/home/rss/robot_harry/robotik/install/teleop:/home/rss/robot_harry/robotik/install/tag_detection:/home/rss/robot_harry/robotik/install/robot_bringup:/home/rss/robot_harry/robotik/install/pub_sub:/home/rss/robot_harry/robotik/install/object_detection:/home/rss/robot_harry/robotik/install/my_robot_navigation:/home/rss/robot_harry/robotik/install/create3_teleop:/home/rss/robot_harry/robotik/install/create3_examples_py:/opt/ros/humble /usr/bin/cmake --build /home/rss/robot_harry/robotik/build/apriltag_msgs -- -j8 -l8
[2.069s] INFO:colcon.colcon_core.task.python.build:Building Python package in '/home/rss/robot_harry/robotik/src/pub_sub'
[2.069s] INFO:colcon.colcon_core.shell:Skip shell extension 'powershell' for command environment: Not usable outside of PowerShell
[2.069s] DEBUG:colcon.colcon_core.shell:Skip shell extension 'dsv' for command environment
[2.077s] Level 1:colcon.colcon_core.environment:create_environment_scripts_only(create3_examples_msgs)
[2.077s] DEBUG:colcon.colcon_core.event_handler.log_command:Invoked command in '/home/rss/robot_harry/robotik/build/create3_examples_msgs' returned '0': CMAKE_PREFIX_PATH=${CMAKE_PREFIX_PATH}:/home/rss/robot_harry/robotik/install/webcam_bringup:/home/rss/robot_harry/robotik/install/teleop:/home/rss/robot_harry/robotik/install/tag_detection:/home/rss/robot_harry/robotik/install/robot_bringup:/home/rss/robot_harry/robotik/install/pub_sub:/home/rss/robot_harry/robotik/install/object_detection:/home/rss/robot_harry/robotik/install/my_robot_navigation:/home/rss/robot_harry/robotik/install/create3_teleop:/home/rss/robot_harry/robotik/install/create3_examples_py:/opt/ros/humble /usr/bin/cmake --install /home/rss/robot_harry/robotik/build/create3_examples_msgs
[2.078s] Level 1:colcon.colcon_core.environment:checking '/home/rss/robot_harry/robotik/install/create3_examples_msgs' for CMake module files
[2.078s] Level 1:colcon.colcon_core.environment:checking '/home/rss/robot_harry/robotik/install/create3_examples_msgs' for CMake config files
[2.079s] Level 1:colcon.colcon_core.shell:create_environment_hook('create3_examples_msgs', 'cmake_prefix_path')
[2.080s] INFO:colcon.colcon_core.shell:Creating environment hook '/home/rss/robot_harry/robotik/install/create3_examples_msgs/share/create3_examples_msgs/hook/cmake_prefix_path.ps1'
[2.080s] INFO:colcon.colcon_core.shell:Creating environment descriptor '/home/rss/robot_harry/robotik/install/create3_examples_msgs/share/create3_examples_msgs/hook/cmake_prefix_path.dsv'
[2.081s] INFO:colcon.colcon_core.shell:Creating environment hook '/home/rss/robot_harry/robotik/install/create3_examples_msgs/share/create3_examples_msgs/hook/cmake_prefix_path.sh'
[2.081s] Level 1:colcon.colcon_core.environment:checking '/home/rss/robot_harry/robotik/install/create3_examples_msgs/lib'
[2.081s] Level 1:colcon.colcon_core.shell:create_environment_hook('create3_examples_msgs', 'ld_library_path_lib')
[2.082s] INFO:colcon.colcon_core.shell:Creating environment hook '/home/rss/robot_harry/robotik/install/create3_examples_msgs/share/create3_examples_msgs/hook/ld_library_path_lib.ps1'
[2.082s] INFO:colcon.colcon_core.shell:Creating environment descriptor '/home/rss/robot_harry/robotik/install/create3_examples_msgs/share/create3_examples_msgs/hook/ld_library_path_lib.dsv'
[2.082s] INFO:colcon.colcon_core.shell:Creating environment hook '/home/rss/robot_harry/robotik/install/create3_examples_msgs/share/create3_examples_msgs/hook/ld_library_path_lib.sh'
[2.083s] Level 1:colcon.colcon_core.environment:checking '/home/rss/robot_harry/robotik/install/create3_examples_msgs/bin'
[2.083s] Level 1:colcon.colcon_core.environment:checking '/home/rss/robot_harry/robotik/install/create3_examples_msgs/lib/pkgconfig/create3_examples_msgs.pc'
[2.083s] Level 1:colcon.colcon_core.environment:checking '/home/rss/robot_harry/robotik/install/create3_examples_msgs/lib/python3.10/site-packages'
[2.083s] Level 1:colcon.colcon_core.environment:checking '/home/rss/robot_harry/robotik/install/create3_examples_msgs/bin'
[2.084s] INFO:colcon.colcon_core.shell:Creating package script '/home/rss/robot_harry/robotik/install/create3_examples_msgs/share/create3_examples_msgs/package.ps1'
[2.084s] INFO:colcon.colcon_core.shell:Creating package descriptor '/home/rss/robot_harry/robotik/install/create3_examples_msgs/share/create3_examples_msgs/package.dsv'
[2.085s] INFO:colcon.colcon_core.shell:Creating package script '/home/rss/robot_harry/robotik/install/create3_examples_msgs/share/create3_examples_msgs/package.sh'
[2.085s] INFO:colcon.colcon_core.shell:Creating package script '/home/rss/robot_harry/robotik/install/create3_examples_msgs/share/create3_examples_msgs/package.bash'
[2.086s] INFO:colcon.colcon_core.shell:Creating package script '/home/rss/robot_harry/robotik/install/create3_examples_msgs/share/create3_examples_msgs/package.zsh'
[2.086s] Level 1:colcon.colcon_core.environment:create_file_with_runtime_dependencies(/home/rss/robot_harry/robotik/install/create3_examples_msgs/share/colcon-core/packages/create3_examples_msgs)
[2.087s] Level 1:colcon.colcon_core.environment:create_environment_scripts_only(create3_examples_msgs)
[2.087s] Level 1:colcon.colcon_core.environment:checking '/home/rss/robot_harry/robotik/install/create3_examples_msgs' for CMake module files
[2.088s] Level 1:colcon.colcon_core.environment:checking '/home/rss/robot_harry/robotik/install/create3_examples_msgs' for CMake config files
[2.089s] Level 1:colcon.colcon_core.shell:create_environment_hook('create3_examples_msgs', 'cmake_prefix_path')
[2.090s] INFO:colcon.colcon_core.shell:Creating environment hook '/home/rss/robot_harry/robotik/install/create3_examples_msgs/share/create3_examples_msgs/hook/cmake_prefix_path.ps1'
[2.090s] INFO:colcon.colcon_core.shell:Creating environment descriptor '/home/rss/robot_harry/robotik/install/create3_examples_msgs/share/create3_examples_msgs/hook/cmake_prefix_path.dsv'
[2.091s] INFO:colcon.colcon_core.shell:Creating environment hook '/home/rss/robot_harry/robotik/install/create3_examples_msgs/share/create3_examples_msgs/hook/cmake_prefix_path.sh'
[2.092s] Level 1:colcon.colcon_core.environment:checking '/home/rss/robot_harry/robotik/install/create3_examples_msgs/lib'
[2.092s] Level 1:colcon.colcon_core.shell:create_environment_hook('create3_examples_msgs', 'ld_library_path_lib')
[2.092s] INFO:colcon.colcon_core.shell:Creating environment hook '/home/rss/robot_harry/robotik/install/create3_examples_msgs/share/create3_examples_msgs/hook/ld_library_path_lib.ps1'
[2.092s] INFO:colcon.colcon_core.shell:Creating environment descriptor '/home/rss/robot_harry/robotik/install/create3_examples_msgs/share/create3_examples_msgs/hook/ld_library_path_lib.dsv'
[2.093s] INFO:colcon.colcon_core.shell:Creating environment hook '/home/rss/robot_harry/robotik/install/create3_examples_msgs/share/create3_examples_msgs/hook/ld_library_path_lib.sh'
[2.093s] Level 1:colcon.colcon_core.environment:checking '/home/rss/robot_harry/robotik/install/create3_examples_msgs/bin'
[2.093s] Level 1:colcon.colcon_core.environment:checking '/home/rss/robot_harry/robotik/install/create3_examples_msgs/lib/pkgconfig/create3_examples_msgs.pc'
[2.094s] Level 1:colcon.colcon_core.environment:checking '/home/rss/robot_harry/robotik/install/create3_examples_msgs/lib/python3.10/site-packages'
[2.094s] Level 1:colcon.colcon_core.environment:checking '/home/rss/robot_harry/robotik/install/create3_examples_msgs/bin'
[2.094s] INFO:colcon.colcon_core.shell:Creating package script '/home/rss/robot_harry/robotik/install/create3_examples_msgs/share/create3_examples_msgs/package.ps1'
[2.095s] INFO:colcon.colcon_core.shell:Creating package descriptor '/home/rss/robot_harry/robotik/install/create3_examples_msgs/share/create3_examples_msgs/package.dsv'
[2.096s] INFO:colcon.colcon_core.shell:Creating package script '/home/rss/robot_harry/robotik/install/create3_examples_msgs/share/create3_examples_msgs/package.sh'
[2.096s] INFO:colcon.colcon_core.shell:Creating package script '/home/rss/robot_harry/robotik/install/create3_examples_msgs/share/create3_examples_msgs/package.bash'
[2.097s] INFO:colcon.colcon_core.shell:Creating package script '/home/rss/robot_harry/robotik/install/create3_examples_msgs/share/create3_examples_msgs/package.zsh'
[2.097s] Level 1:colcon.colcon_core.environment:create_file_with_runtime_dependencies(/home/rss/robot_harry/robotik/install/create3_examples_msgs/share/colcon-core/packages/create3_examples_msgs)
[2.098s] INFO:colcon.colcon_ros.task.ament_python.build:Building ROS package in '/home/rss/robot_harry/robotik/src/robot_bringup' with build type 'ament_python'
[2.098s] Level 1:colcon.colcon_core.shell:create_environment_hook('robot_bringup', 'ament_prefix_path')
[2.098s] INFO:colcon.colcon_core.shell:Creating environment hook '/home/rss/robot_harry/robotik/install/robot_bringup/share/robot_bringup/hook/ament_prefix_path.ps1'
[2.099s] INFO:colcon.colcon_core.shell:Creating environment descriptor '/home/rss/robot_harry/robotik/install/robot_bringup/share/robot_bringup/hook/ament_prefix_path.dsv'
[2.099s] INFO:colcon.colcon_core.shell:Creating environment hook '/home/rss/robot_harry/robotik/install/robot_bringup/share/robot_bringup/hook/ament_prefix_path.sh'
[2.100s] INFO:colcon.colcon_core.shell:Skip shell extension 'powershell' for command environment: Not usable outside of PowerShell
[2.100s] DEBUG:colcon.colcon_core.shell:Skip shell extension 'dsv' for command environment
[2.108s] DEBUG:colcon.colcon_core.event_handler.log_command:Invoking command in '/home/rss/robot_harry/robotik/build/object_detection': PYTHONPATH=/home/rss/robot_harry/robotik/build/object_detection/prefix_override:/usr/lib/python3/dist-packages/colcon_core/task/python/colcon_distutils_commands:/home/rss/robot_harry/robotik/install/object_detection/lib/python3.10/site-packages:${PYTHONPATH} /usr/bin/python3 -W ignore:setup.py install is deprecated -W ignore:easy_install command is deprecated setup.py develop --uninstall --editable --build-directory /home/rss/robot_harry/robotik/build/object_detection/build
[2.364s] INFO:colcon.colcon_core.task.python.build:Building Python package in '/home/rss/robot_harry/robotik/src/robot_bringup'
[2.364s] INFO:colcon.colcon_core.shell:Skip shell extension 'powershell' for command environment: Not usable outside of PowerShell
[2.364s] DEBUG:colcon.colcon_core.shell:Skip shell extension 'dsv' for command environment
[2.368s] DEBUG:colcon.colcon_core.event_handler.log_command:Invoked command in '/home/rss/robot_harry/robotik/build/apriltag_msgs' returned '0': CMAKE_PREFIX_PATH=${CMAKE_PREFIX_PATH}:/home/rss/robot_harry/robotik/install/webcam_bringup:/home/rss/robot_harry/robotik/install/teleop:/home/rss/robot_harry/robotik/install/tag_detection:/home/rss/robot_harry/robotik/install/robot_bringup:/home/rss/robot_harry/robotik/install/pub_sub:/home/rss/robot_harry/robotik/install/object_detection:/home/rss/robot_harry/robotik/install/my_robot_navigation:/home/rss/robot_harry/robotik/install/create3_teleop:/home/rss/robot_harry/robotik/install/create3_examples_py:/opt/ros/humble /usr/bin/cmake --build /home/rss/robot_harry/robotik/build/apriltag_msgs -- -j8 -l8
[2.369s] DEBUG:colcon.colcon_core.event_handler.log_command:Invoking command in '/home/rss/robot_harry/robotik/build/apriltag_msgs': CMAKE_PREFIX_PATH=${CMAKE_PREFIX_PATH}:/home/rss/robot_harry/robotik/install/webcam_bringup:/home/rss/robot_harry/robotik/install/teleop:/home/rss/robot_harry/robotik/install/tag_detection:/home/rss/robot_harry/robotik/install/robot_bringup:/home/rss/robot_harry/robotik/install/pub_sub:/home/rss/robot_harry/robotik/install/object_detection:/home/rss/robot_harry/robotik/install/my_robot_navigation:/home/rss/robot_harry/robotik/install/create3_teleop:/home/rss/robot_harry/robotik/install/create3_examples_py:/opt/ros/humble /usr/bin/cmake --install /home/rss/robot_harry/robotik/build/apriltag_msgs
[2.370s] DEBUG:colcon.colcon_core.event_handler.log_command:Invoked command in '/home/rss/robot_harry/robotik/build/my_robot_slam' returned '0': PYTHONPATH=/home/rss/robot_harry/robotik/build/my_robot_slam/prefix_override:/usr/lib/python3/dist-packages/colcon_core/task/python/colcon_distutils_commands:/home/rss/robot_harry/robotik/install/my_robot_slam/lib/python3.10/site-packages:${PYTHONPATH} /usr/bin/python3 -W ignore:setup.py install is deprecated -W ignore:easy_install command is deprecated setup.py develop --uninstall --editable --build-directory /home/rss/robot_harry/robotik/build/my_robot_slam/build
[2.371s] DEBUG:colcon.colcon_core.event_handler.log_command:Invoking command in '/home/rss/robot_harry/robotik/src/my_robot_slam': PYTHONPATH=/home/rss/robot_harry/robotik/build/my_robot_slam/prefix_override:/usr/lib/python3/dist-packages/colcon_core/task/python/colcon_distutils_commands:/home/rss/robot_harry/robotik/install/my_robot_slam/lib/python3.10/site-packages:${PYTHONPATH} /usr/bin/python3 -W ignore:setup.py install is deprecated -W ignore:easy_install command is deprecated setup.py egg_info --egg-base ../../build/my_robot_slam build --build-base /home/rss/robot_harry/robotik/build/my_robot_slam/build install --record /home/rss/robot_harry/robotik/build/my_robot_slam/install.log --single-version-externally-managed install_data --force
[2.372s] DEBUG:colcon.colcon_core.event_handler.log_command:Invoked command in '/home/rss/robot_harry/robotik/build/my_robot_navigation' returned '0': PYTHONPATH=/home/rss/robot_harry/robotik/build/my_robot_navigation/prefix_override:/usr/lib/python3/dist-packages/colcon_core/task/python/colcon_distutils_commands:/home/rss/robot_harry/robotik/install/my_robot_navigation/lib/python3.10/site-packages:${PYTHONPATH} /usr/bin/python3 -W ignore:setup.py install is deprecated -W ignore:easy_install command is deprecated setup.py develop --uninstall --editable --build-directory /home/rss/robot_harry/robotik/build/my_robot_navigation/build
[2.373s] DEBUG:colcon.colcon_core.event_handler.log_command:Invoking command in '/home/rss/robot_harry/robotik/src/my_robot_navigation': PYTHONPATH=/home/rss/robot_harry/robotik/build/my_robot_navigation/prefix_override:/usr/lib/python3/dist-packages/colcon_core/task/python/colcon_distutils_commands:/home/rss/robot_harry/robotik/install/my_robot_navigation/lib/python3.10/site-packages:${PYTHONPATH} /usr/bin/python3 -W ignore:setup.py install is deprecated -W ignore:easy_install command is deprecated setup.py egg_info --egg-base ../../build/my_robot_navigation build --build-base /home/rss/robot_harry/robotik/build/my_robot_navigation/build install --record /home/rss/robot_harry/robotik/build/my_robot_navigation/install.log --single-version-externally-managed install_data --force
[2.378s] DEBUG:colcon.colcon_core.event_handler.log_command:Invoked command in '/home/rss/robot_harry/robotik/build/create3_teleop' returned '0': PYTHONPATH=/home/rss/robot_harry/robotik/build/create3_teleop/prefix_override:/usr/lib/python3/dist-packages/colcon_core/task/python/colcon_distutils_commands:/home/rss/robot_harry/robotik/install/create3_teleop/lib/python3.10/site-packages:${PYTHONPATH} /usr/bin/python3 -W ignore:setup.py install is deprecated -W ignore:easy_install command is deprecated setup.py develop --uninstall --editable --build-directory /home/rss/robot_harry/robotik/build/create3_teleop/build
[2.378s] DEBUG:colcon.colcon_core.event_handler.log_command:Invoking command in '/home/rss/robot_harry/robotik/src/create3_examples/create3_teleop': PYTHONPATH=/home/rss/robot_harry/robotik/build/create3_teleop/prefix_override:/usr/lib/python3/dist-packages/colcon_core/task/python/colcon_distutils_commands:/home/rss/robot_harry/robotik/install/create3_teleop/lib/python3.10/site-packages:${PYTHONPATH} /usr/bin/python3 -W ignore:setup.py install is deprecated -W ignore:easy_install command is deprecated setup.py egg_info --egg-base ../../../build/create3_teleop build --build-base /home/rss/robot_harry/robotik/build/create3_teleop/build install --record /home/rss/robot_harry/robotik/build/create3_teleop/install.log --single-version-externally-managed install_data --force
[2.379s] DEBUG:colcon.colcon_core.event_handler.log_command:Invoked command in '/home/rss/robot_harry/robotik/build/create3_examples_py' returned '0': PYTHONPATH=/home/rss/robot_harry/robotik/build/create3_examples_py/prefix_override:/usr/lib/python3/dist-packages/colcon_core/task/python/colcon_distutils_commands:/home/rss/robot_harry/robotik/install/create3_examples_py/lib/python3.10/site-packages:${PYTHONPATH} /usr/bin/python3 -W ignore:setup.py install is deprecated -W ignore:easy_install command is deprecated setup.py develop --uninstall --editable --build-directory /home/rss/robot_harry/robotik/build/create3_examples_py/build
[2.387s] DEBUG:colcon.colcon_core.event_handler.log_command:Invoking command in '/home/rss/robot_harry/robotik/src/create3_examples/create3_examples_py': PYTHONPATH=/home/rss/robot_harry/robotik/build/create3_examples_py/prefix_override:/usr/lib/python3/dist-packages/colcon_core/task/python/colcon_distutils_commands:/home/rss/robot_harry/robotik/install/create3_examples_py/lib/python3.10/site-packages:${PYTHONPATH} /usr/bin/python3 -W ignore:setup.py install is deprecated -W ignore:easy_install command is deprecated setup.py egg_info --egg-base ../../../build/create3_examples_py build --build-base /home/rss/robot_harry/robotik/build/create3_examples_py/build install --record /home/rss/robot_harry/robotik/build/create3_examples_py/install.log --single-version-externally-managed install_data --force
[2.439s] DEBUG:colcon.colcon_core.event_handler.log_command:Invoking command in '/home/rss/robot_harry/robotik/build/pub_sub': PYTHONPATH=/home/rss/robot_harry/robotik/build/pub_sub/prefix_override:/usr/lib/python3/dist-packages/colcon_core/task/python/colcon_distutils_commands:/home/rss/robot_harry/robotik/install/pub_sub/lib/python3.10/site-packages:${PYTHONPATH} /usr/bin/python3 -W ignore:setup.py install is deprecated -W ignore:easy_install command is deprecated setup.py develop --uninstall --editable --build-directory /home/rss/robot_harry/robotik/build/pub_sub/build
[2.527s] Level 1:colcon.colcon_core.environment:create_environment_scripts_only(apriltag_msgs)
[2.528s] Level 1:colcon.colcon_core.environment:checking '/home/rss/robot_harry/robotik/install/apriltag_msgs' for CMake module files
[2.528s] DEBUG:colcon.colcon_core.event_handler.log_command:Invoked command in '/home/rss/robot_harry/robotik/build/apriltag_msgs' returned '0': CMAKE_PREFIX_PATH=${CMAKE_PREFIX_PATH}:/home/rss/robot_harry/robotik/install/webcam_bringup:/home/rss/robot_harry/robotik/install/teleop:/home/rss/robot_harry/robotik/install/tag_detection:/home/rss/robot_harry/robotik/install/robot_bringup:/home/rss/robot_harry/robotik/install/pub_sub:/home/rss/robot_harry/robotik/install/object_detection:/home/rss/robot_harry/robotik/install/my_robot_navigation:/home/rss/robot_harry/robotik/install/create3_teleop:/home/rss/robot_harry/robotik/install/create3_examples_py:/opt/ros/humble /usr/bin/cmake --install /home/rss/robot_harry/robotik/build/apriltag_msgs
[2.529s] Level 1:colcon.colcon_core.environment:checking '/home/rss/robot_harry/robotik/install/apriltag_msgs' for CMake config files
[2.530s] Level 1:colcon.colcon_core.shell:create_environment_hook('apriltag_msgs', 'cmake_prefix_path')
[2.530s] INFO:colcon.colcon_core.shell:Creating environment hook '/home/rss/robot_harry/robotik/install/apriltag_msgs/share/apriltag_msgs/hook/cmake_prefix_path.ps1'
[2.531s] INFO:colcon.colcon_core.shell:Creating environment descriptor '/home/rss/robot_harry/robotik/install/apriltag_msgs/share/apriltag_msgs/hook/cmake_prefix_path.dsv'
[2.531s] INFO:colcon.colcon_core.shell:Creating environment hook '/home/rss/robot_harry/robotik/install/apriltag_msgs/share/apriltag_msgs/hook/cmake_prefix_path.sh'
[2.538s] Level 1:colcon.colcon_core.environment:checking '/home/rss/robot_harry/robotik/install/apriltag_msgs/lib'
[2.538s] Level 1:colcon.colcon_core.shell:create_environment_hook('apriltag_msgs', 'ld_library_path_lib')
[2.538s] INFO:colcon.colcon_core.shell:Creating environment hook '/home/rss/robot_harry/robotik/install/apriltag_msgs/share/apriltag_msgs/hook/ld_library_path_lib.ps1'
[2.539s] INFO:colcon.colcon_core.shell:Creating environment descriptor '/home/rss/robot_harry/robotik/install/apriltag_msgs/share/apriltag_msgs/hook/ld_library_path_lib.dsv'
[2.539s] INFO:colcon.colcon_core.shell:Creating environment hook '/home/rss/robot_harry/robotik/install/apriltag_msgs/share/apriltag_msgs/hook/ld_library_path_lib.sh'
[2.539s] Level 1:colcon.colcon_core.environment:checking '/home/rss/robot_harry/robotik/install/apriltag_msgs/bin'
[2.539s] Level 1:colcon.colcon_core.environment:checking '/home/rss/robot_harry/robotik/install/apriltag_msgs/lib/pkgconfig/apriltag_msgs.pc'
[2.540s] Level 1:colcon.colcon_core.environment:checking '/home/rss/robot_harry/robotik/install/apriltag_msgs/lib/python3.10/site-packages'
[2.540s] Level 1:colcon.colcon_core.environment:checking '/home/rss/robot_harry/robotik/install/apriltag_msgs/bin'
[2.540s] INFO:colcon.colcon_core.shell:Creating package script '/home/rss/robot_harry/robotik/install/apriltag_msgs/share/apriltag_msgs/package.ps1'
[2.541s] INFO:colcon.colcon_core.shell:Creating package descriptor '/home/rss/robot_harry/robotik/install/apriltag_msgs/share/apriltag_msgs/package.dsv'
[2.541s] INFO:colcon.colcon_core.shell:Creating package script '/home/rss/robot_harry/robotik/install/apriltag_msgs/share/apriltag_msgs/package.sh'
[2.542s] INFO:colcon.colcon_core.shell:Creating package script '/home/rss/robot_harry/robotik/install/apriltag_msgs/share/apriltag_msgs/package.bash'
[2.542s] INFO:colcon.colcon_core.shell:Creating package script '/home/rss/robot_harry/robotik/install/apriltag_msgs/share/apriltag_msgs/package.zsh'
[2.543s] Level 1:colcon.colcon_core.environment:create_file_with_runtime_dependencies(/home/rss/robot_harry/robotik/install/apriltag_msgs/share/colcon-core/packages/apriltag_msgs)
[2.543s] Level 1:colcon.colcon_core.environment:create_environment_scripts_only(apriltag_msgs)
[2.543s] Level 1:colcon.colcon_core.environment:checking '/home/rss/robot_harry/robotik/install/apriltag_msgs' for CMake module files
[2.548s] Level 1:colcon.colcon_core.environment:checking '/home/rss/robot_harry/robotik/install/apriltag_msgs' for CMake config files
[2.549s] Level 1:colcon.colcon_core.shell:create_environment_hook('apriltag_msgs', 'cmake_prefix_path')
[2.550s] INFO:colcon.colcon_core.shell:Creating environment hook '/home/rss/robot_harry/robotik/install/apriltag_msgs/share/apriltag_msgs/hook/cmake_prefix_path.ps1'
[2.550s] INFO:colcon.colcon_core.shell:Creating environment descriptor '/home/rss/robot_harry/robotik/install/apriltag_msgs/share/apriltag_msgs/hook/cmake_prefix_path.dsv'
[2.554s] INFO:colcon.colcon_core.shell:Creating environment hook '/home/rss/robot_harry/robotik/install/apriltag_msgs/share/apriltag_msgs/hook/cmake_prefix_path.sh'
[2.555s] Level 1:colcon.colcon_core.environment:checking '/home/rss/robot_harry/robotik/install/apriltag_msgs/lib'
[2.555s] Level 1:colcon.colcon_core.shell:create_environment_hook('apriltag_msgs', 'ld_library_path_lib')
[2.555s] INFO:colcon.colcon_core.shell:Creating environment hook '/home/rss/robot_harry/robotik/install/apriltag_msgs/share/apriltag_msgs/hook/ld_library_path_lib.ps1'
[2.555s] INFO:colcon.colcon_core.shell:Creating environment descriptor '/home/rss/robot_harry/robotik/install/apriltag_msgs/share/apriltag_msgs/hook/ld_library_path_lib.dsv'
[2.556s] INFO:colcon.colcon_core.shell:Creating environment hook '/home/rss/robot_harry/robotik/install/apriltag_msgs/share/apriltag_msgs/hook/ld_library_path_lib.sh'
[2.556s] Level 1:colcon.colcon_core.environment:checking '/home/rss/robot_harry/robotik/install/apriltag_msgs/bin'
[2.556s] Level 1:colcon.colcon_core.environment:checking '/home/rss/robot_harry/robotik/install/apriltag_msgs/lib/pkgconfig/apriltag_msgs.pc'
[2.556s] Level 1:colcon.colcon_core.environment:checking '/home/rss/robot_harry/robotik/install/apriltag_msgs/lib/python3.10/site-packages'
[2.557s] Level 1:colcon.colcon_core.environment:checking '/home/rss/robot_harry/robotik/install/apriltag_msgs/bin'
[2.557s] INFO:colcon.colcon_core.shell:Creating package script '/home/rss/robot_harry/robotik/install/apriltag_msgs/share/apriltag_msgs/package.ps1'
[2.561s] INFO:colcon.colcon_core.shell:Creating package descriptor '/home/rss/robot_harry/robotik/install/apriltag_msgs/share/apriltag_msgs/package.dsv'
[2.561s] INFO:colcon.colcon_core.shell:Creating package script '/home/rss/robot_harry/robotik/install/apriltag_msgs/share/apriltag_msgs/package.sh'
[2.562s] INFO:colcon.colcon_core.shell:Creating package script '/home/rss/robot_harry/robotik/install/apriltag_msgs/share/apriltag_msgs/package.bash'
[2.562s] INFO:colcon.colcon_core.shell:Creating package script '/home/rss/robot_harry/robotik/install/apriltag_msgs/share/apriltag_msgs/package.zsh'
[2.563s] Level 1:colcon.colcon_core.environment:create_file_with_runtime_dependencies(/home/rss/robot_harry/robotik/install/apriltag_msgs/share/colcon-core/packages/apriltag_msgs)
[2.563s] INFO:colcon.colcon_ros.task.ament_python.build:Building ROS package in '/home/rss/robot_harry/robotik/src/tag_detection' with build type 'ament_python'
[2.567s] Level 1:colcon.colcon_core.shell:create_environment_hook('tag_detection', 'ament_prefix_path')
[2.567s] INFO:colcon.colcon_core.shell:Creating environment hook '/home/rss/robot_harry/robotik/install/tag_detection/share/tag_detection/hook/ament_prefix_path.ps1'
[2.567s] INFO:colcon.colcon_core.shell:Creating environment descriptor '/home/rss/robot_harry/robotik/install/tag_detection/share/tag_detection/hook/ament_prefix_path.dsv'
[2.568s] INFO:colcon.colcon_core.shell:Creating environment hook '/home/rss/robot_harry/robotik/install/tag_detection/share/tag_detection/hook/ament_prefix_path.sh'
[2.568s] INFO:colcon.colcon_core.shell:Skip shell extension 'powershell' for command environment: Not usable outside of PowerShell
[2.568s] DEBUG:colcon.colcon_core.shell:Skip shell extension 'dsv' for command environment
[2.853s] INFO:colcon.colcon_core.task.python.build:Building Python package in '/home/rss/robot_harry/robotik/src/tag_detection'
[2.854s] INFO:colcon.colcon_core.shell:Skip shell extension 'powershell' for command environment: Not usable outside of PowerShell
[2.854s] DEBUG:colcon.colcon_core.shell:Skip shell extension 'dsv' for command environment
[2.859s] DEBUG:colcon.colcon_core.event_handler.log_command:Invoked command in '/home/rss/robot_harry/robotik/build/object_detection' returned '0': PYTHONPATH=/home/rss/robot_harry/robotik/build/object_detection/prefix_override:/usr/lib/python3/dist-packages/colcon_core/task/python/colcon_distutils_commands:/home/rss/robot_harry/robotik/install/object_detection/lib/python3.10/site-packages:${PYTHONPATH} /usr/bin/python3 -W ignore:setup.py install is deprecated -W ignore:easy_install command is deprecated setup.py develop --uninstall --editable --build-directory /home/rss/robot_harry/robotik/build/object_detection/build
[2.859s] Level 1:colcon.colcon_core.environment:checking '/home/rss/robot_harry/robotik/install/my_robot_navigation' for CMake module files
[2.859s] DEBUG:colcon.colcon_core.event_handler.log_command:Invoking command in '/home/rss/robot_harry/robotik/src/object_detection': PYTHONPATH=/home/rss/robot_harry/robotik/build/object_detection/prefix_override:/usr/lib/python3/dist-packages/colcon_core/task/python/colcon_distutils_commands:/home/rss/robot_harry/robotik/install/object_detection/lib/python3.10/site-packages:${PYTHONPATH} /usr/bin/python3 -W ignore:setup.py install is deprecated -W ignore:easy_install command is deprecated setup.py egg_info --egg-base ../../build/object_detection build --build-base /home/rss/robot_harry/robotik/build/object_detection/build install --record /home/rss/robot_harry/robotik/build/object_detection/install.log --single-version-externally-managed install_data --force
[2.860s] DEBUG:colcon.colcon_core.event_handler.log_command:Invoked command in '/home/rss/robot_harry/robotik/src/my_robot_navigation' returned '0': PYTHONPATH=/home/rss/robot_harry/robotik/build/my_robot_navigation/prefix_override:/usr/lib/python3/dist-packages/colcon_core/task/python/colcon_distutils_commands:/home/rss/robot_harry/robotik/install/my_robot_navigation/lib/python3.10/site-packages:${PYTHONPATH} /usr/bin/python3 -W ignore:setup.py install is deprecated -W ignore:easy_install command is deprecated setup.py egg_info --egg-base ../../build/my_robot_navigation build --build-base /home/rss/robot_harry/robotik/build/my_robot_navigation/build install --record /home/rss/robot_harry/robotik/build/my_robot_navigation/install.log --single-version-externally-managed install_data --force
[2.860s] Level 1:colcon.colcon_core.environment:checking '/home/rss/robot_harry/robotik/install/my_robot_navigation' for CMake config files
[2.860s] Level 1:colcon.colcon_core.environment:checking '/home/rss/robot_harry/robotik/install/my_robot_navigation/lib'
[2.860s] Level 1:colcon.colcon_core.environment:checking '/home/rss/robot_harry/robotik/install/my_robot_navigation/bin'
[2.860s] Level 1:colcon.colcon_core.environment:checking '/home/rss/robot_harry/robotik/install/my_robot_navigation/lib/pkgconfig/my_robot_navigation.pc'
[2.861s] Level 1:colcon.colcon_core.environment:checking '/home/rss/robot_harry/robotik/install/my_robot_navigation/lib/python3.10/site-packages'
[2.861s] Level 1:colcon.colcon_core.shell:create_environment_hook('my_robot_navigation', 'pythonpath')
[2.861s] INFO:colcon.colcon_core.shell:Creating environment hook '/home/rss/robot_harry/robotik/install/my_robot_navigation/share/my_robot_navigation/hook/pythonpath.ps1'
[2.861s] INFO:colcon.colcon_core.shell:Creating environment descriptor '/home/rss/robot_harry/robotik/install/my_robot_navigation/share/my_robot_navigation/hook/pythonpath.dsv'
[2.861s] INFO:colcon.colcon_core.shell:Creating environment hook '/home/rss/robot_harry/robotik/install/my_robot_navigation/share/my_robot_navigation/hook/pythonpath.sh'
[2.862s] Level 1:colcon.colcon_core.environment:checking '/home/rss/robot_harry/robotik/install/my_robot_navigation/bin'
[2.862s] Level 1:colcon.colcon_core.environment:create_environment_scripts_only(my_robot_navigation)
[2.862s] INFO:colcon.colcon_core.shell:Creating package script '/home/rss/robot_harry/robotik/install/my_robot_navigation/share/my_robot_navigation/package.ps1'
[2.862s] INFO:colcon.colcon_core.shell:Creating package descriptor '/home/rss/robot_harry/robotik/install/my_robot_navigation/share/my_robot_navigation/package.dsv'
[2.862s] INFO:colcon.colcon_core.shell:Creating package script '/home/rss/robot_harry/robotik/install/my_robot_navigation/share/my_robot_navigation/package.sh'
[2.863s] INFO:colcon.colcon_core.shell:Creating package script '/home/rss/robot_harry/robotik/install/my_robot_navigation/share/my_robot_navigation/package.bash'
[2.863s] INFO:colcon.colcon_core.shell:Creating package script '/home/rss/robot_harry/robotik/install/my_robot_navigation/share/my_robot_navigation/package.zsh'
[2.863s] Level 1:colcon.colcon_core.environment:create_file_with_runtime_dependencies(/home/rss/robot_harry/robotik/install/my_robot_navigation/share/colcon-core/packages/my_robot_navigation)
[2.863s] Level 1:colcon.colcon_core.environment:checking '/home/rss/robot_harry/robotik/install/my_robot_slam' for CMake module files
[2.864s] Level 1:colcon.colcon_core.environment:checking '/home/rss/robot_harry/robotik/install/my_robot_slam' for CMake config files
[2.864s] DEBUG:colcon.colcon_core.event_handler.log_command:Invoked command in '/home/rss/robot_harry/robotik/src/my_robot_slam' returned '0': PYTHONPATH=/home/rss/robot_harry/robotik/build/my_robot_slam/prefix_override:/usr/lib/python3/dist-packages/colcon_core/task/python/colcon_distutils_commands:/home/rss/robot_harry/robotik/install/my_robot_slam/lib/python3.10/site-packages:${PYTHONPATH} /usr/bin/python3 -W ignore:setup.py install is deprecated -W ignore:easy_install command is deprecated setup.py egg_info --egg-base ../../build/my_robot_slam build --build-base /home/rss/robot_harry/robotik/build/my_robot_slam/build install --record /home/rss/robot_harry/robotik/build/my_robot_slam/install.log --single-version-externally-managed install_data --force
[2.865s] Level 1:colcon.colcon_core.environment:checking '/home/rss/robot_harry/robotik/install/my_robot_slam/lib'
[2.865s] Level 1:colcon.colcon_core.environment:checking '/home/rss/robot_harry/robotik/install/my_robot_slam/bin'
[2.865s] Level 1:colcon.colcon_core.environment:checking '/home/rss/robot_harry/robotik/install/my_robot_slam/lib/pkgconfig/my_robot_slam.pc'
[2.865s] Level 1:colcon.colcon_core.environment:checking '/home/rss/robot_harry/robotik/install/my_robot_slam/lib/python3.10/site-packages'
[2.865s] Level 1:colcon.colcon_core.shell:create_environment_hook('my_robot_slam', 'pythonpath')
[2.865s] INFO:colcon.colcon_core.shell:Creating environment hook '/home/rss/robot_harry/robotik/install/my_robot_slam/share/my_robot_slam/hook/pythonpath.ps1'
[2.865s] INFO:colcon.colcon_core.shell:Creating environment descriptor '/home/rss/robot_harry/robotik/install/my_robot_slam/share/my_robot_slam/hook/pythonpath.dsv'
[2.865s] INFO:colcon.colcon_core.shell:Creating environment hook '/home/rss/robot_harry/robotik/install/my_robot_slam/share/my_robot_slam/hook/pythonpath.sh'
[2.866s] Level 1:colcon.colcon_core.environment:checking '/home/rss/robot_harry/robotik/install/my_robot_slam/bin'
[2.866s] Level 1:colcon.colcon_core.environment:create_environment_scripts_only(my_robot_slam)
[2.866s] INFO:colcon.colcon_core.shell:Creating package script '/home/rss/robot_harry/robotik/install/my_robot_slam/share/my_robot_slam/package.ps1'
[2.866s] INFO:colcon.colcon_core.shell:Creating package descriptor '/home/rss/robot_harry/robotik/install/my_robot_slam/share/my_robot_slam/package.dsv'
[2.867s] INFO:colcon.colcon_core.shell:Creating package script '/home/rss/robot_harry/robotik/install/my_robot_slam/share/my_robot_slam/package.sh'
[2.867s] INFO:colcon.colcon_core.shell:Creating package script '/home/rss/robot_harry/robotik/install/my_robot_slam/share/my_robot_slam/package.bash'
[2.867s] INFO:colcon.colcon_core.shell:Creating package script '/home/rss/robot_harry/robotik/install/my_robot_slam/share/my_robot_slam/package.zsh'
[2.867s] Level 1:colcon.colcon_core.environment:create_file_with_runtime_dependencies(/home/rss/robot_harry/robotik/install/my_robot_slam/share/colcon-core/packages/my_robot_slam)
[2.868s] Level 1:colcon.colcon_core.environment:checking '/home/rss/robot_harry/robotik/install/create3_examples_py' for CMake module files
[2.868s] Level 1:colcon.colcon_core.environment:checking '/home/rss/robot_harry/robotik/install/create3_examples_py' for CMake config files
[2.868s] DEBUG:colcon.colcon_core.event_handler.log_command:Invoked command in '/home/rss/robot_harry/robotik/src/create3_examples/create3_examples_py' returned '0': PYTHONPATH=/home/rss/robot_harry/robotik/build/create3_examples_py/prefix_override:/usr/lib/python3/dist-packages/colcon_core/task/python/colcon_distutils_commands:/home/rss/robot_harry/robotik/install/create3_examples_py/lib/python3.10/site-packages:${PYTHONPATH} /usr/bin/python3 -W ignore:setup.py install is deprecated -W ignore:easy_install command is deprecated setup.py egg_info --egg-base ../../../build/create3_examples_py build --build-base /home/rss/robot_harry/robotik/build/create3_examples_py/build install --record /home/rss/robot_harry/robotik/build/create3_examples_py/install.log --single-version-externally-managed install_data --force
[2.869s] Level 1:colcon.colcon_core.environment:checking '/home/rss/robot_harry/robotik/install/create3_examples_py/lib'
[2.869s] Level 1:colcon.colcon_core.environment:checking '/home/rss/robot_harry/robotik/install/create3_examples_py/bin'
[2.869s] Level 1:colcon.colcon_core.environment:checking '/home/rss/robot_harry/robotik/install/create3_examples_py/lib/pkgconfig/create3_examples_py.pc'
[2.869s] Level 1:colcon.colcon_core.environment:checking '/home/rss/robot_harry/robotik/install/create3_examples_py/lib/python3.10/site-packages'
[2.869s] Level 1:colcon.colcon_core.shell:create_environment_hook('create3_examples_py', 'pythonpath')
[2.869s] INFO:colcon.colcon_core.shell:Creating environment hook '/home/rss/robot_harry/robotik/install/create3_examples_py/share/create3_examples_py/hook/pythonpath.ps1'
[2.869s] INFO:colcon.colcon_core.shell:Creating environment descriptor '/home/rss/robot_harry/robotik/install/create3_examples_py/share/create3_examples_py/hook/pythonpath.dsv'
[2.870s] INFO:colcon.colcon_core.shell:Creating environment hook '/home/rss/robot_harry/robotik/install/create3_examples_py/share/create3_examples_py/hook/pythonpath.sh'
[2.870s] Level 1:colcon.colcon_core.environment:checking '/home/rss/robot_harry/robotik/install/create3_examples_py/bin'
[2.870s] Level 1:colcon.colcon_core.environment:create_environment_scripts_only(create3_examples_py)
[2.870s] INFO:colcon.colcon_core.shell:Creating package script '/home/rss/robot_harry/robotik/install/create3_examples_py/share/create3_examples_py/package.ps1'
[2.871s] INFO:colcon.colcon_core.shell:Creating package descriptor '/home/rss/robot_harry/robotik/install/create3_examples_py/share/create3_examples_py/package.dsv'
[2.871s] INFO:colcon.colcon_core.shell:Creating package script '/home/rss/robot_harry/robotik/install/create3_examples_py/share/create3_examples_py/package.sh'
[2.871s] INFO:colcon.colcon_core.shell:Creating package script '/home/rss/robot_harry/robotik/install/create3_examples_py/share/create3_examples_py/package.bash'
[2.871s] INFO:colcon.colcon_core.shell:Creating package script '/home/rss/robot_harry/robotik/install/create3_examples_py/share/create3_examples_py/package.zsh'
[2.871s] Level 1:colcon.colcon_core.environment:create_file_with_runtime_dependencies(/home/rss/robot_harry/robotik/install/create3_examples_py/share/colcon-core/packages/create3_examples_py)
[2.873s] INFO:colcon.colcon_ros.task.ament_python.build:Building ROS package in '/home/rss/robot_harry/robotik/src/teleop' with build type 'ament_python'
[2.873s] Level 1:colcon.colcon_core.shell:create_environment_hook('teleop', 'ament_prefix_path')
[2.874s] INFO:colcon.colcon_core.shell:Creating environment hook '/home/rss/robot_harry/robotik/install/teleop/share/teleop/hook/ament_prefix_path.ps1'
[2.874s] INFO:colcon.colcon_core.shell:Creating environment descriptor '/home/rss/robot_harry/robotik/install/teleop/share/teleop/hook/ament_prefix_path.dsv'
[2.875s] DEBUG:colcon.colcon_core.event_handler.log_command:Invoking command in '/home/rss/robot_harry/robotik/build/robot_bringup': PYTHONPATH=/home/rss/robot_harry/robotik/build/robot_bringup/prefix_override:/usr/lib/python3/dist-packages/colcon_core/task/python/colcon_distutils_commands:/home/rss/robot_harry/robotik/install/robot_bringup/lib/python3.10/site-packages:${PYTHONPATH} /usr/bin/python3 -W ignore:setup.py install is deprecated -W ignore:easy_install command is deprecated setup.py develop --uninstall --editable --build-directory /home/rss/robot_harry/robotik/build/robot_bringup/build
[2.875s] INFO:colcon.colcon_core.shell:Creating environment hook '/home/rss/robot_harry/robotik/install/teleop/share/teleop/hook/ament_prefix_path.sh'
[2.875s] INFO:colcon.colcon_core.shell:Skip shell extension 'powershell' for command environment: Not usable outside of PowerShell
[2.876s] DEBUG:colcon.colcon_core.shell:Skip shell extension 'dsv' for command environment
[2.880s] INFO:colcon.colcon_ros.task.ament_python.build:Building ROS package in '/home/rss/robot_harry/robotik/src/webcam_bringup' with build type 'ament_python'
[2.880s] Level 1:colcon.colcon_core.shell:create_environment_hook('webcam_bringup', 'ament_prefix_path')
[2.881s] INFO:colcon.colcon_core.shell:Creating environment hook '/home/rss/robot_harry/robotik/install/webcam_bringup/share/webcam_bringup/hook/ament_prefix_path.ps1'
[2.881s] INFO:colcon.colcon_core.shell:Creating environment descriptor '/home/rss/robot_harry/robotik/install/webcam_bringup/share/webcam_bringup/hook/ament_prefix_path.dsv'
[2.882s] INFO:colcon.colcon_core.shell:Creating environment hook '/home/rss/robot_harry/robotik/install/webcam_bringup/share/webcam_bringup/hook/ament_prefix_path.sh'
[2.882s] INFO:colcon.colcon_core.shell:Skip shell extension 'powershell' for command environment: Not usable outside of PowerShell
[2.882s] DEBUG:colcon.colcon_core.shell:Skip shell extension 'dsv' for command environment
[2.887s] INFO:colcon.colcon_ros.task.ament_cmake.build:Building ROS package in '/home/rss/robot_harry/robotik/src/apriltag_ros' with build type 'ament_cmake'
[2.887s] INFO:colcon.colcon_cmake.task.cmake.build:Building CMake package in '/home/rss/robot_harry/robotik/src/apriltag_ros'
[2.887s] INFO:colcon.colcon_core.shell:Skip shell extension 'powershell' for command environment: Not usable outside of PowerShell
[2.887s] DEBUG:colcon.colcon_core.shell:Skip shell extension 'dsv' for command environment
[2.894s] Level 1:colcon.colcon_core.environment:checking '/home/rss/robot_harry/robotik/install/create3_teleop' for CMake module files
[2.895s] DEBUG:colcon.colcon_core.event_handler.log_command:Invoked command in '/home/rss/robot_harry/robotik/src/create3_examples/create3_teleop' returned '0': PYTHONPATH=/home/rss/robot_harry/robotik/build/create3_teleop/prefix_override:/usr/lib/python3/dist-packages/colcon_core/task/python/colcon_distutils_commands:/home/rss/robot_harry/robotik/install/create3_teleop/lib/python3.10/site-packages:${PYTHONPATH} /usr/bin/python3 -W ignore:setup.py install is deprecated -W ignore:easy_install command is deprecated setup.py egg_info --egg-base ../../../build/create3_teleop build --build-base /home/rss/robot_harry/robotik/build/create3_teleop/build install --record /home/rss/robot_harry/robotik/build/create3_teleop/install.log --single-version-externally-managed install_data --force
[2.895s] Level 1:colcon.colcon_core.environment:checking '/home/rss/robot_harry/robotik/install/create3_teleop' for CMake config files
[2.895s] Level 1:colcon.colcon_core.environment:checking '/home/rss/robot_harry/robotik/install/create3_teleop/lib'
[2.895s] Level 1:colcon.colcon_core.environment:checking '/home/rss/robot_harry/robotik/install/create3_teleop/bin'
[2.896s] Level 1:colcon.colcon_core.environment:checking '/home/rss/robot_harry/robotik/install/create3_teleop/lib/pkgconfig/create3_teleop.pc'
[2.896s] Level 1:colcon.colcon_core.environment:checking '/home/rss/robot_harry/robotik/install/create3_teleop/lib/python3.10/site-packages'
[2.896s] Level 1:colcon.colcon_core.shell:create_environment_hook('create3_teleop', 'pythonpath')
[2.896s] INFO:colcon.colcon_core.shell:Creating environment hook '/home/rss/robot_harry/robotik/install/create3_teleop/share/create3_teleop/hook/pythonpath.ps1'
[2.897s] INFO:colcon.colcon_core.shell:Creating environment descriptor '/home/rss/robot_harry/robotik/install/create3_teleop/share/create3_teleop/hook/pythonpath.dsv'
[2.897s] INFO:colcon.colcon_core.shell:Creating environment hook '/home/rss/robot_harry/robotik/install/create3_teleop/share/create3_teleop/hook/pythonpath.sh'
[2.898s] Level 1:colcon.colcon_core.environment:checking '/home/rss/robot_harry/robotik/install/create3_teleop/bin'
[2.898s] Level 1:colcon.colcon_core.environment:create_environment_scripts_only(create3_teleop)
[2.898s] INFO:colcon.colcon_core.shell:Creating package script '/home/rss/robot_harry/robotik/install/create3_teleop/share/create3_teleop/package.ps1'
[2.899s] INFO:colcon.colcon_core.shell:Creating package descriptor '/home/rss/robot_harry/robotik/install/create3_teleop/share/create3_teleop/package.dsv'
[2.899s] INFO:colcon.colcon_core.shell:Creating package script '/home/rss/robot_harry/robotik/install/create3_teleop/share/create3_teleop/package.sh'
[2.899s] INFO:colcon.colcon_core.shell:Creating package script '/home/rss/robot_harry/robotik/install/create3_teleop/share/create3_teleop/package.bash'
[2.900s] INFO:colcon.colcon_core.shell:Creating package script '/home/rss/robot_harry/robotik/install/create3_teleop/share/create3_teleop/package.zsh'
[2.900s] Level 1:colcon.colcon_core.environment:create_file_with_runtime_dependencies(/home/rss/robot_harry/robotik/install/create3_teleop/share/colcon-core/packages/create3_teleop)
[2.902s] INFO:colcon.colcon_ros.task.ament_cmake.build:Building ROS package in '/home/rss/robot_harry/robotik/src/create3_examples/create3_coverage' with build type 'ament_cmake'
[2.902s] INFO:colcon.colcon_cmake.task.cmake.build:Building CMake package in '/home/rss/robot_harry/robotik/src/create3_examples/create3_coverage'
[2.902s] INFO:colcon.colcon_core.shell:Skip shell extension 'powershell' for command environment: Not usable outside of PowerShell
[2.902s] DEBUG:colcon.colcon_core.shell:Skip shell extension 'dsv' for command environment
[3.114s] INFO:colcon.colcon_core.task.python.build:Building Python package in '/home/rss/robot_harry/robotik/src/teleop'
[3.114s] INFO:colcon.colcon_core.shell:Skip shell extension 'powershell' for command environment: Not usable outside of PowerShell
[3.114s] DEBUG:colcon.colcon_core.shell:Skip shell extension 'dsv' for command environment
[3.301s] INFO:colcon.colcon_core.task.python.build:Building Python package in '/home/rss/robot_harry/robotik/src/webcam_bringup'
[3.301s] INFO:colcon.colcon_core.shell:Skip shell extension 'powershell' for command environment: Not usable outside of PowerShell
[3.301s] DEBUG:colcon.colcon_core.shell:Skip shell extension 'dsv' for command environment
[3.306s] DEBUG:colcon.colcon_core.event_handler.log_command:Invoking command in '/home/rss/robot_harry/robotik/build/apriltag_ros': CMAKE_PREFIX_PATH=/home/rss/robot_harry/robotik/install/apriltag_msgs:/home/rss/robot_harry/robotik/install/create3_lidar_slam:/home/rss/robot_harry/robotik/install/rplidar_ros:/home/rss/robot_harry/robotik/install/my_robot_slam:/home/rss/robot_harry/robotik/install/create3_republisher:/home/rss/robot_harry/robotik/install/create3_coverage:/home/rss/robot_harry/robotik/install/create3_examples_msgs:/home/rss/robot_harry/robotik/install/apriltag_ros:/home/rss/robot_harry/robotik/install/webcam_bringup:/home/rss/robot_harry/robotik/install/teleop:/home/rss/robot_harry/robotik/install/tag_detection:/home/rss/robot_harry/robotik/install/robot_bringup:/home/rss/robot_harry/robotik/install/pub_sub:/home/rss/robot_harry/robotik/install/object_detection:/home/rss/robot_harry/robotik/install/my_robot_navigation:/home/rss/robot_harry/robotik/install/create3_teleop:/home/rss/robot_harry/robotik/install/create3_examples_py:/opt/ros/humble LD_LIBRARY_PATH=/home/rss/robot_harry/robotik/install/apriltag_msgs/lib:/home/rss/robot_harry/robotik/install/create3_coverage/lib:/home/rss/robot_harry/robotik/install/create3_examples_msgs/lib:/home/rss/robot_harry/robotik/install/apriltag_ros/lib:/opt/ros/humble/opt/rviz_ogre_vendor/lib:/opt/ros/humble/lib/x86_64-linux-gnu:/opt/ros/humble/lib /usr/bin/cmake /home/rss/robot_harry/robotik/src/apriltag_ros -DCMAKE_INSTALL_PREFIX=/home/rss/robot_harry/robotik/install/apriltag_ros
[3.309s] DEBUG:colcon.colcon_core.event_handler.log_command:Invoking command in '/home/rss/robot_harry/robotik/build/create3_coverage': CMAKE_PREFIX_PATH=/home/rss/robot_harry/robotik/install/create3_examples_msgs:/home/rss/robot_harry/robotik/install/create3_lidar_slam:/home/rss/robot_harry/robotik/install/rplidar_ros:/home/rss/robot_harry/robotik/install/my_robot_slam:/home/rss/robot_harry/robotik/install/create3_republisher:/home/rss/robot_harry/robotik/install/create3_coverage:/home/rss/robot_harry/robotik/install/apriltag_ros:/home/rss/robot_harry/robotik/install/apriltag_msgs:/home/rss/robot_harry/robotik/install/webcam_bringup:/home/rss/robot_harry/robotik/install/teleop:/home/rss/robot_harry/robotik/install/tag_detection:/home/rss/robot_harry/robotik/install/robot_bringup:/home/rss/robot_harry/robotik/install/pub_sub:/home/rss/robot_harry/robotik/install/object_detection:/home/rss/robot_harry/robotik/install/my_robot_navigation:/home/rss/robot_harry/robotik/install/create3_teleop:/home/rss/robot_harry/robotik/install/create3_examples_py:/opt/ros/humble LD_LIBRARY_PATH=/home/rss/robot_harry/robotik/install/create3_examples_msgs/lib:/home/rss/robot_harry/robotik/install/create3_coverage/lib:/home/rss/robot_harry/robotik/install/apriltag_ros/lib:/home/rss/robot_harry/robotik/install/apriltag_msgs/lib:/opt/ros/humble/opt/rviz_ogre_vendor/lib:/opt/ros/humble/lib/x86_64-linux-gnu:/opt/ros/humble/lib /usr/bin/cmake /home/rss/robot_harry/robotik/src/create3_examples/create3_coverage -DCMAKE_INSTALL_PREFIX=/home/rss/robot_harry/robotik/install/create3_coverage
[3.311s] Level 1:colcon.colcon_core.environment:checking '/home/rss/robot_harry/robotik/install/object_detection' for CMake module files
[3.312s] Level 1:colcon.colcon_core.environment:checking '/home/rss/robot_harry/robotik/install/object_detection' for CMake config files
[3.312s] DEBUG:colcon.colcon_core.event_handler.log_command:Invoking command in '/home/rss/robot_harry/robotik/build/tag_detection': PYTHONPATH=/home/rss/robot_harry/robotik/build/tag_detection/prefix_override:/usr/lib/python3/dist-packages/colcon_core/task/python/colcon_distutils_commands:/home/rss/robot_harry/robotik/install/tag_detection/lib/python3.10/site-packages:${PYTHONPATH} /usr/bin/python3 -W ignore:setup.py install is deprecated -W ignore:easy_install command is deprecated setup.py develop --uninstall --editable --build-directory /home/rss/robot_harry/robotik/build/tag_detection/build
[3.312s] DEBUG:colcon.colcon_core.event_handler.log_command:Invoked command in '/home/rss/robot_harry/robotik/build/pub_sub' returned '0': PYTHONPATH=/home/rss/robot_harry/robotik/build/pub_sub/prefix_override:/usr/lib/python3/dist-packages/colcon_core/task/python/colcon_distutils_commands:/home/rss/robot_harry/robotik/install/pub_sub/lib/python3.10/site-packages:${PYTHONPATH} /usr/bin/python3 -W ignore:setup.py install is deprecated -W ignore:easy_install command is deprecated setup.py develop --uninstall --editable --build-directory /home/rss/robot_harry/robotik/build/pub_sub/build
[3.313s] DEBUG:colcon.colcon_core.event_handler.log_command:Invoking command in '/home/rss/robot_harry/robotik/src/pub_sub': PYTHONPATH=/home/rss/robot_harry/robotik/build/pub_sub/prefix_override:/usr/lib/python3/dist-packages/colcon_core/task/python/colcon_distutils_commands:/home/rss/robot_harry/robotik/install/pub_sub/lib/python3.10/site-packages:${PYTHONPATH} /usr/bin/python3 -W ignore:setup.py install is deprecated -W ignore:easy_install command is deprecated setup.py egg_info --egg-base ../../build/pub_sub build --build-base /home/rss/robot_harry/robotik/build/pub_sub/build install --record /home/rss/robot_harry/robotik/build/pub_sub/install.log --single-version-externally-managed install_data --force
[3.313s] DEBUG:colcon.colcon_core.event_handler.log_command:Invoked command in '/home/rss/robot_harry/robotik/build/robot_bringup' returned '0': PYTHONPATH=/home/rss/robot_harry/robotik/build/robot_bringup/prefix_override:/usr/lib/python3/dist-packages/colcon_core/task/python/colcon_distutils_commands:/home/rss/robot_harry/robotik/install/robot_bringup/lib/python3.10/site-packages:${PYTHONPATH} /usr/bin/python3 -W ignore:setup.py install is deprecated -W ignore:easy_install command is deprecated setup.py develop --uninstall --editable --build-directory /home/rss/robot_harry/robotik/build/robot_bringup/build
[3.314s] DEBUG:colcon.colcon_core.event_handler.log_command:Invoking command in '/home/rss/robot_harry/robotik/src/robot_bringup': PYTHONPATH=/home/rss/robot_harry/robotik/build/robot_bringup/prefix_override:/usr/lib/python3/dist-packages/colcon_core/task/python/colcon_distutils_commands:/home/rss/robot_harry/robotik/install/robot_bringup/lib/python3.10/site-packages:${PYTHONPATH} /usr/bin/python3 -W ignore:setup.py install is deprecated -W ignore:easy_install command is deprecated setup.py egg_info --egg-base ../../build/robot_bringup build --build-base /home/rss/robot_harry/robotik/build/robot_bringup/build install --record /home/rss/robot_harry/robotik/build/robot_bringup/install.log --single-version-externally-managed install_data --force
[3.314s] Level 1:colcon.colcon_core.environment:checking '/home/rss/robot_harry/robotik/install/object_detection/lib'
[3.314s] DEBUG:colcon.colcon_core.event_handler.log_command:Invoked command in '/home/rss/robot_harry/robotik/src/object_detection' returned '0': PYTHONPATH=/home/rss/robot_harry/robotik/build/object_detection/prefix_override:/usr/lib/python3/dist-packages/colcon_core/task/python/colcon_distutils_commands:/home/rss/robot_harry/robotik/install/object_detection/lib/python3.10/site-packages:${PYTHONPATH} /usr/bin/python3 -W ignore:setup.py install is deprecated -W ignore:easy_install command is deprecated setup.py egg_info --egg-base ../../build/object_detection build --build-base /home/rss/robot_harry/robotik/build/object_detection/build install --record /home/rss/robot_harry/robotik/build/object_detection/install.log --single-version-externally-managed install_data --force
[3.315s] Level 1:colcon.colcon_core.environment:checking '/home/rss/robot_harry/robotik/install/object_detection/bin'
[3.315s] Level 1:colcon.colcon_core.environment:checking '/home/rss/robot_harry/robotik/install/object_detection/lib/pkgconfig/object_detection.pc'
[3.315s] Level 1:colcon.colcon_core.environment:checking '/home/rss/robot_harry/robotik/install/object_detection/lib/python3.10/site-packages'
[3.315s] Level 1:colcon.colcon_core.shell:create_environment_hook('object_detection', 'pythonpath')
[3.315s] INFO:colcon.colcon_core.shell:Creating environment hook '/home/rss/robot_harry/robotik/install/object_detection/share/object_detection/hook/pythonpath.ps1'
[3.316s] INFO:colcon.colcon_core.shell:Creating environment descriptor '/home/rss/robot_harry/robotik/install/object_detection/share/object_detection/hook/pythonpath.dsv'
[3.316s] INFO:colcon.colcon_core.shell:Creating environment hook '/home/rss/robot_harry/robotik/install/object_detection/share/object_detection/hook/pythonpath.sh'
[3.317s] Level 1:colcon.colcon_core.environment:checking '/home/rss/robot_harry/robotik/install/object_detection/bin'
[3.317s] Level 1:colcon.colcon_core.environment:create_environment_scripts_only(object_detection)
[3.317s] INFO:colcon.colcon_core.shell:Creating package script '/home/rss/robot_harry/robotik/install/object_detection/share/object_detection/package.ps1'
[3.318s] INFO:colcon.colcon_core.shell:Creating package descriptor '/home/rss/robot_harry/robotik/install/object_detection/share/object_detection/package.dsv'
[3.318s] INFO:colcon.colcon_core.shell:Creating package script '/home/rss/robot_harry/robotik/install/object_detection/share/object_detection/package.sh'
[3.319s] INFO:colcon.colcon_core.shell:Creating package script '/home/rss/robot_harry/robotik/install/object_detection/share/object_detection/package.bash'
[3.319s] INFO:colcon.colcon_core.shell:Creating package script '/home/rss/robot_harry/robotik/install/object_detection/share/object_detection/package.zsh'
[3.320s] Level 1:colcon.colcon_core.environment:create_file_with_runtime_dependencies(/home/rss/robot_harry/robotik/install/object_detection/share/colcon-core/packages/object_detection)
[3.324s] INFO:colcon.colcon_ros.task.ament_cmake.build:Building ROS package in '/home/rss/robot_harry/robotik/src/create3_examples/create3_lidar_slam' with build type 'ament_cmake'
[3.325s] INFO:colcon.colcon_cmake.task.cmake.build:Building CMake package in '/home/rss/robot_harry/robotik/src/create3_examples/create3_lidar_slam'
[3.325s] INFO:colcon.colcon_core.shell:Skip shell extension 'powershell' for command environment: Not usable outside of PowerShell
[3.325s] DEBUG:colcon.colcon_core.shell:Skip shell extension 'dsv' for command environment
[3.338s] DEBUG:colcon.colcon_core.event_handler.log_command:Invoking command in '/home/rss/robot_harry/robotik/build/create3_lidar_slam': CMAKE_PREFIX_PATH=/home/rss/robot_harry/robotik/install/rplidar_ros:/home/rss/robot_harry/robotik/install/create3_lidar_slam:/home/rss/robot_harry/robotik/install/my_robot_slam:/home/rss/robot_harry/robotik/install/create3_republisher:/home/rss/robot_harry/robotik/install/create3_coverage:/home/rss/robot_harry/robotik/install/create3_examples_msgs:/home/rss/robot_harry/robotik/install/apriltag_ros:/home/rss/robot_harry/robotik/install/apriltag_msgs:/home/rss/robot_harry/robotik/install/webcam_bringup:/home/rss/robot_harry/robotik/install/teleop:/home/rss/robot_harry/robotik/install/tag_detection:/home/rss/robot_harry/robotik/install/robot_bringup:/home/rss/robot_harry/robotik/install/pub_sub:/home/rss/robot_harry/robotik/install/object_detection:/home/rss/robot_harry/robotik/install/my_robot_navigation:/home/rss/robot_harry/robotik/install/create3_teleop:/home/rss/robot_harry/robotik/install/create3_examples_py:/opt/ros/humble /usr/bin/cmake /home/rss/robot_harry/robotik/src/create3_examples/create3_lidar_slam -DCMAKE_INSTALL_PREFIX=/home/rss/robot_harry/robotik/install/create3_lidar_slam
[3.733s] Level 1:colcon.colcon_core.environment:checking '/home/rss/robot_harry/robotik/install/pub_sub' for CMake module files
[3.734s] DEBUG:colcon.colcon_core.event_handler.log_command:Invoked command in '/home/rss/robot_harry/robotik/src/pub_sub' returned '0': PYTHONPATH=/home/rss/robot_harry/robotik/build/pub_sub/prefix_override:/usr/lib/python3/dist-packages/colcon_core/task/python/colcon_distutils_commands:/home/rss/robot_harry/robotik/install/pub_sub/lib/python3.10/site-packages:${PYTHONPATH} /usr/bin/python3 -W ignore:setup.py install is deprecated -W ignore:easy_install command is deprecated setup.py egg_info --egg-base ../../build/pub_sub build --build-base /home/rss/robot_harry/robotik/build/pub_sub/build install --record /home/rss/robot_harry/robotik/build/pub_sub/install.log --single-version-externally-managed install_data --force
[3.734s] Level 1:colcon.colcon_core.environment:checking '/home/rss/robot_harry/robotik/install/pub_sub' for CMake config files
[3.735s] Level 1:colcon.colcon_core.environment:checking '/home/rss/robot_harry/robotik/install/pub_sub/lib'
[3.735s] Level 1:colcon.colcon_core.environment:checking '/home/rss/robot_harry/robotik/install/pub_sub/bin'
[3.735s] Level 1:colcon.colcon_core.environment:checking '/home/rss/robot_harry/robotik/install/pub_sub/lib/pkgconfig/pub_sub.pc'
[3.735s] Level 1:colcon.colcon_core.environment:checking '/home/rss/robot_harry/robotik/install/pub_sub/lib/python3.10/site-packages'
[3.735s] Level 1:colcon.colcon_core.shell:create_environment_hook('pub_sub', 'pythonpath')
[3.736s] INFO:colcon.colcon_core.shell:Creating environment hook '/home/rss/robot_harry/robotik/install/pub_sub/share/pub_sub/hook/pythonpath.ps1'
[3.737s] INFO:colcon.colcon_core.shell:Creating environment descriptor '/home/rss/robot_harry/robotik/install/pub_sub/share/pub_sub/hook/pythonpath.dsv'
[3.739s] INFO:colcon.colcon_core.shell:Creating environment hook '/home/rss/robot_harry/robotik/install/pub_sub/share/pub_sub/hook/pythonpath.sh'
[3.740s] Level 1:colcon.colcon_core.environment:checking '/home/rss/robot_harry/robotik/install/pub_sub/bin'
[3.740s] Level 1:colcon.colcon_core.environment:create_environment_scripts_only(pub_sub)
[3.741s] INFO:colcon.colcon_core.shell:Creating package script '/home/rss/robot_harry/robotik/install/pub_sub/share/pub_sub/package.ps1'
[3.741s] INFO:colcon.colcon_core.shell:Creating package descriptor '/home/rss/robot_harry/robotik/install/pub_sub/share/pub_sub/package.dsv'
[3.742s] INFO:colcon.colcon_core.shell:Creating package script '/home/rss/robot_harry/robotik/install/pub_sub/share/pub_sub/package.sh'
[3.742s] INFO:colcon.colcon_core.shell:Creating package script '/home/rss/robot_harry/robotik/install/pub_sub/share/pub_sub/package.bash'
[3.742s] INFO:colcon.colcon_core.shell:Creating package script '/home/rss/robot_harry/robotik/install/pub_sub/share/pub_sub/package.zsh'
[3.743s] Level 1:colcon.colcon_core.environment:create_file_with_runtime_dependencies(/home/rss/robot_harry/robotik/install/pub_sub/share/colcon-core/packages/pub_sub)
[3.745s] DEBUG:colcon.colcon_core.event_handler.log_command:Invoking command in '/home/rss/robot_harry/robotik/build/teleop': PYTHONPATH=/home/rss/robot_harry/robotik/build/teleop/prefix_override:/usr/lib/python3/dist-packages/colcon_core/task/python/colcon_distutils_commands:/home/rss/robot_harry/robotik/install/teleop/lib/python3.10/site-packages:${PYTHONPATH} /usr/bin/python3 -W ignore:setup.py install is deprecated -W ignore:easy_install command is deprecated setup.py develop --uninstall --editable --build-directory /home/rss/robot_harry/robotik/build/teleop/build
[3.773s] Level 1:colcon.colcon_core.environment:checking '/home/rss/robot_harry/robotik/install/robot_bringup' for CMake module files
[3.774s] DEBUG:colcon.colcon_core.event_handler.log_command:Invoked command in '/home/rss/robot_harry/robotik/src/robot_bringup' returned '0': PYTHONPATH=/home/rss/robot_harry/robotik/build/robot_bringup/prefix_override:/usr/lib/python3/dist-packages/colcon_core/task/python/colcon_distutils_commands:/home/rss/robot_harry/robotik/install/robot_bringup/lib/python3.10/site-packages:${PYTHONPATH} /usr/bin/python3 -W ignore:setup.py install is deprecated -W ignore:easy_install command is deprecated setup.py egg_info --egg-base ../../build/robot_bringup build --build-base /home/rss/robot_harry/robotik/build/robot_bringup/build install --record /home/rss/robot_harry/robotik/build/robot_bringup/install.log --single-version-externally-managed install_data --force
[3.775s] Level 1:colcon.colcon_core.environment:checking '/home/rss/robot_harry/robotik/install/robot_bringup' for CMake config files
[3.775s] Level 1:colcon.colcon_core.environment:checking '/home/rss/robot_harry/robotik/install/robot_bringup/lib'
[3.775s] Level 1:colcon.colcon_core.environment:checking '/home/rss/robot_harry/robotik/install/robot_bringup/bin'
[3.776s] Level 1:colcon.colcon_core.environment:checking '/home/rss/robot_harry/robotik/install/robot_bringup/lib/pkgconfig/robot_bringup.pc'
[3.776s] Level 1:colcon.colcon_core.environment:checking '/home/rss/robot_harry/robotik/install/robot_bringup/lib/python3.10/site-packages'
[3.776s] Level 1:colcon.colcon_core.shell:create_environment_hook('robot_bringup', 'pythonpath')
[3.776s] INFO:colcon.colcon_core.shell:Creating environment hook '/home/rss/robot_harry/robotik/install/robot_bringup/share/robot_bringup/hook/pythonpath.ps1'
[3.777s] INFO:colcon.colcon_core.shell:Creating environment descriptor '/home/rss/robot_harry/robotik/install/robot_bringup/share/robot_bringup/hook/pythonpath.dsv'
[3.778s] INFO:colcon.colcon_core.shell:Creating environment hook '/home/rss/robot_harry/robotik/install/robot_bringup/share/robot_bringup/hook/pythonpath.sh'
[3.779s] Level 1:colcon.colcon_core.environment:checking '/home/rss/robot_harry/robotik/install/robot_bringup/bin'
[3.779s] Level 1:colcon.colcon_core.environment:create_environment_scripts_only(robot_bringup)
[3.780s] INFO:colcon.colcon_core.shell:Creating package script '/home/rss/robot_harry/robotik/install/robot_bringup/share/robot_bringup/package.ps1'
[3.781s] INFO:colcon.colcon_core.shell:Creating package descriptor '/home/rss/robot_harry/robotik/install/robot_bringup/share/robot_bringup/package.dsv'
[3.781s] INFO:colcon.colcon_core.shell:Creating package script '/home/rss/robot_harry/robotik/install/robot_bringup/share/robot_bringup/package.sh'
[3.782s] INFO:colcon.colcon_core.shell:Creating package script '/home/rss/robot_harry/robotik/install/robot_bringup/share/robot_bringup/package.bash'
[3.783s] INFO:colcon.colcon_core.shell:Creating package script '/home/rss/robot_harry/robotik/install/robot_bringup/share/robot_bringup/package.zsh'
[3.783s] Level 1:colcon.colcon_core.environment:create_file_with_runtime_dependencies(/home/rss/robot_harry/robotik/install/robot_bringup/share/colcon-core/packages/robot_bringup)
[3.812s] DEBUG:colcon.colcon_core.event_handler.log_command:Invoking command in '/home/rss/robot_harry/robotik/build/webcam_bringup': PYTHONPATH=/home/rss/robot_harry/robotik/build/webcam_bringup/prefix_override:/usr/lib/python3/dist-packages/colcon_core/task/python/colcon_distutils_commands:/home/rss/robot_harry/robotik/install/webcam_bringup/lib/python3.10/site-packages:${PYTHONPATH} /usr/bin/python3 -W ignore:setup.py install is deprecated -W ignore:easy_install command is deprecated setup.py develop --uninstall --editable --build-directory /home/rss/robot_harry/robotik/build/webcam_bringup/build
[3.886s] DEBUG:colcon.colcon_core.event_handler.log_command:Invoked command in '/home/rss/robot_harry/robotik/build/tag_detection' returned '0': PYTHONPATH=/home/rss/robot_harry/robotik/build/tag_detection/prefix_override:/usr/lib/python3/dist-packages/colcon_core/task/python/colcon_distutils_commands:/home/rss/robot_harry/robotik/install/tag_detection/lib/python3.10/site-packages:${PYTHONPATH} /usr/bin/python3 -W ignore:setup.py install is deprecated -W ignore:easy_install command is deprecated setup.py develop --uninstall --editable --build-directory /home/rss/robot_harry/robotik/build/tag_detection/build
[3.892s] DEBUG:colcon.colcon_core.event_handler.log_command:Invoking command in '/home/rss/robot_harry/robotik/src/tag_detection': PYTHONPATH=/home/rss/robot_harry/robotik/build/tag_detection/prefix_override:/usr/lib/python3/dist-packages/colcon_core/task/python/colcon_distutils_commands:/home/rss/robot_harry/robotik/install/tag_detection/lib/python3.10/site-packages:${PYTHONPATH} /usr/bin/python3 -W ignore:setup.py install is deprecated -W ignore:easy_install command is deprecated setup.py egg_info --egg-base ../../build/tag_detection build --build-base /home/rss/robot_harry/robotik/build/tag_detection/build install --record /home/rss/robot_harry/robotik/build/tag_detection/install.log --single-version-externally-managed install_data --force
[4.000s] DEBUG:colcon.colcon_core.event_handler.log_command:Invoked command in '/home/rss/robot_harry/robotik/build/create3_lidar_slam' returned '0': CMAKE_PREFIX_PATH=/home/rss/robot_harry/robotik/install/rplidar_ros:/home/rss/robot_harry/robotik/install/create3_lidar_slam:/home/rss/robot_harry/robotik/install/my_robot_slam:/home/rss/robot_harry/robotik/install/create3_republisher:/home/rss/robot_harry/robotik/install/create3_coverage:/home/rss/robot_harry/robotik/install/create3_examples_msgs:/home/rss/robot_harry/robotik/install/apriltag_ros:/home/rss/robot_harry/robotik/install/apriltag_msgs:/home/rss/robot_harry/robotik/install/webcam_bringup:/home/rss/robot_harry/robotik/install/teleop:/home/rss/robot_harry/robotik/install/tag_detection:/home/rss/robot_harry/robotik/install/robot_bringup:/home/rss/robot_harry/robotik/install/pub_sub:/home/rss/robot_harry/robotik/install/object_detection:/home/rss/robot_harry/robotik/install/my_robot_navigation:/home/rss/robot_harry/robotik/install/create3_teleop:/home/rss/robot_harry/robotik/install/create3_examples_py:/opt/ros/humble /usr/bin/cmake /home/rss/robot_harry/robotik/src/create3_examples/create3_lidar_slam -DCMAKE_INSTALL_PREFIX=/home/rss/robot_harry/robotik/install/create3_lidar_slam
[4.000s] DEBUG:colcon.colcon_core.event_handler.log_command:Invoking command in '/home/rss/robot_harry/robotik/build/create3_lidar_slam': CMAKE_PREFIX_PATH=/home/rss/robot_harry/robotik/install/rplidar_ros:/home/rss/robot_harry/robotik/install/create3_lidar_slam:/home/rss/robot_harry/robotik/install/my_robot_slam:/home/rss/robot_harry/robotik/install/create3_republisher:/home/rss/robot_harry/robotik/install/create3_coverage:/home/rss/robot_harry/robotik/install/create3_examples_msgs:/home/rss/robot_harry/robotik/install/apriltag_ros:/home/rss/robot_harry/robotik/install/apriltag_msgs:/home/rss/robot_harry/robotik/install/webcam_bringup:/home/rss/robot_harry/robotik/install/teleop:/home/rss/robot_harry/robotik/install/tag_detection:/home/rss/robot_harry/robotik/install/robot_bringup:/home/rss/robot_harry/robotik/install/pub_sub:/home/rss/robot_harry/robotik/install/object_detection:/home/rss/robot_harry/robotik/install/my_robot_navigation:/home/rss/robot_harry/robotik/install/create3_teleop:/home/rss/robot_harry/robotik/install/create3_examples_py:/opt/ros/humble /usr/bin/cmake --build /home/rss/robot_harry/robotik/build/create3_lidar_slam -- -j8 -l8
[4.089s] DEBUG:colcon.colcon_core.event_handler.log_command:Invoked command in '/home/rss/robot_harry/robotik/build/create3_lidar_slam' returned '0': CMAKE_PREFIX_PATH=/home/rss/robot_harry/robotik/install/rplidar_ros:/home/rss/robot_harry/robotik/install/create3_lidar_slam:/home/rss/robot_harry/robotik/install/my_robot_slam:/home/rss/robot_harry/robotik/install/create3_republisher:/home/rss/robot_harry/robotik/install/create3_coverage:/home/rss/robot_harry/robotik/install/create3_examples_msgs:/home/rss/robot_harry/robotik/install/apriltag_ros:/home/rss/robot_harry/robotik/install/apriltag_msgs:/home/rss/robot_harry/robotik/install/webcam_bringup:/home/rss/robot_harry/robotik/install/teleop:/home/rss/robot_harry/robotik/install/tag_detection:/home/rss/robot_harry/robotik/install/robot_bringup:/home/rss/robot_harry/robotik/install/pub_sub:/home/rss/robot_harry/robotik/install/object_detection:/home/rss/robot_harry/robotik/install/my_robot_navigation:/home/rss/robot_harry/robotik/install/create3_teleop:/home/rss/robot_harry/robotik/install/create3_examples_py:/opt/ros/humble /usr/bin/cmake --build /home/rss/robot_harry/robotik/build/create3_lidar_slam -- -j8 -l8
[4.090s] DEBUG:colcon.colcon_core.event_handler.log_command:Invoking command in '/home/rss/robot_harry/robotik/build/create3_lidar_slam': CMAKE_PREFIX_PATH=/home/rss/robot_harry/robotik/install/rplidar_ros:/home/rss/robot_harry/robotik/install/create3_lidar_slam:/home/rss/robot_harry/robotik/install/my_robot_slam:/home/rss/robot_harry/robotik/install/create3_republisher:/home/rss/robot_harry/robotik/install/create3_coverage:/home/rss/robot_harry/robotik/install/create3_examples_msgs:/home/rss/robot_harry/robotik/install/apriltag_ros:/home/rss/robot_harry/robotik/install/apriltag_msgs:/home/rss/robot_harry/robotik/install/webcam_bringup:/home/rss/robot_harry/robotik/install/teleop:/home/rss/robot_harry/robotik/install/tag_detection:/home/rss/robot_harry/robotik/install/robot_bringup:/home/rss/robot_harry/robotik/install/pub_sub:/home/rss/robot_harry/robotik/install/object_detection:/home/rss/robot_harry/robotik/install/my_robot_navigation:/home/rss/robot_harry/robotik/install/create3_teleop:/home/rss/robot_harry/robotik/install/create3_examples_py:/opt/ros/humble /usr/bin/cmake --install /home/rss/robot_harry/robotik/build/create3_lidar_slam
[4.144s] Level 1:colcon.colcon_core.environment:create_environment_scripts_only(create3_lidar_slam)
[4.144s] Level 1:colcon.colcon_core.environment:checking '/home/rss/robot_harry/robotik/install/create3_lidar_slam' for CMake module files
[4.144s] Level 1:colcon.colcon_core.environment:checking '/home/rss/robot_harry/robotik/install/create3_lidar_slam' for CMake config files
[4.145s] Level 1:colcon.colcon_core.shell:create_environment_hook('create3_lidar_slam', 'cmake_prefix_path')
[4.145s] INFO:colcon.colcon_core.shell:Creating environment hook '/home/rss/robot_harry/robotik/install/create3_lidar_slam/share/create3_lidar_slam/hook/cmake_prefix_path.ps1'
[4.149s] INFO:colcon.colcon_core.shell:Creating environment descriptor '/home/rss/robot_harry/robotik/install/create3_lidar_slam/share/create3_lidar_slam/hook/cmake_prefix_path.dsv'
[4.149s] DEBUG:colcon.colcon_core.event_handler.log_command:Invoked command in '/home/rss/robot_harry/robotik/build/create3_lidar_slam' returned '0': CMAKE_PREFIX_PATH=/home/rss/robot_harry/robotik/install/rplidar_ros:/home/rss/robot_harry/robotik/install/create3_lidar_slam:/home/rss/robot_harry/robotik/install/my_robot_slam:/home/rss/robot_harry/robotik/install/create3_republisher:/home/rss/robot_harry/robotik/install/create3_coverage:/home/rss/robot_harry/robotik/install/create3_examples_msgs:/home/rss/robot_harry/robotik/install/apriltag_ros:/home/rss/robot_harry/robotik/install/apriltag_msgs:/home/rss/robot_harry/robotik/install/webcam_bringup:/home/rss/robot_harry/robotik/install/teleop:/home/rss/robot_harry/robotik/install/tag_detection:/home/rss/robot_harry/robotik/install/robot_bringup:/home/rss/robot_harry/robotik/install/pub_sub:/home/rss/robot_harry/robotik/install/object_detection:/home/rss/robot_harry/robotik/install/my_robot_navigation:/home/rss/robot_harry/robotik/install/create3_teleop:/home/rss/robot_harry/robotik/install/create3_examples_py:/opt/ros/humble /usr/bin/cmake --install /home/rss/robot_harry/robotik/build/create3_lidar_slam
[4.150s] INFO:colcon.colcon_core.shell:Creating environment hook '/home/rss/robot_harry/robotik/install/create3_lidar_slam/share/create3_lidar_slam/hook/cmake_prefix_path.sh'
[4.151s] Level 1:colcon.colcon_core.environment:checking '/home/rss/robot_harry/robotik/install/create3_lidar_slam/bin'
[4.151s] Level 1:colcon.colcon_core.environment:checking '/home/rss/robot_harry/robotik/install/create3_lidar_slam/lib/pkgconfig/create3_lidar_slam.pc'
[4.151s] Level 1:colcon.colcon_core.environment:checking '/home/rss/robot_harry/robotik/install/create3_lidar_slam/lib/python3.10/site-packages'
[4.151s] Level 1:colcon.colcon_core.environment:checking '/home/rss/robot_harry/robotik/install/create3_lidar_slam/bin'
[4.152s] INFO:colcon.colcon_core.shell:Creating package script '/home/rss/robot_harry/robotik/install/create3_lidar_slam/share/create3_lidar_slam/package.ps1'
[4.155s] INFO:colcon.colcon_core.shell:Creating package descriptor '/home/rss/robot_harry/robotik/install/create3_lidar_slam/share/create3_lidar_slam/package.dsv'
[4.156s] INFO:colcon.colcon_core.shell:Creating package script '/home/rss/robot_harry/robotik/install/create3_lidar_slam/share/create3_lidar_slam/package.sh'
[4.156s] INFO:colcon.colcon_core.shell:Creating package script '/home/rss/robot_harry/robotik/install/create3_lidar_slam/share/create3_lidar_slam/package.bash'
[4.158s] INFO:colcon.colcon_core.shell:Creating package script '/home/rss/robot_harry/robotik/install/create3_lidar_slam/share/create3_lidar_slam/package.zsh'
[4.158s] Level 1:colcon.colcon_core.environment:create_file_with_runtime_dependencies(/home/rss/robot_harry/robotik/install/create3_lidar_slam/share/colcon-core/packages/create3_lidar_slam)
[4.159s] Level 1:colcon.colcon_core.environment:create_environment_scripts_only(create3_lidar_slam)
[4.159s] Level 1:colcon.colcon_core.environment:checking '/home/rss/robot_harry/robotik/install/create3_lidar_slam' for CMake module files
[4.161s] Level 1:colcon.colcon_core.environment:checking '/home/rss/robot_harry/robotik/install/create3_lidar_slam' for CMake config files
[4.162s] Level 1:colcon.colcon_core.shell:create_environment_hook('create3_lidar_slam', 'cmake_prefix_path')
[4.162s] INFO:colcon.colcon_core.shell:Creating environment hook '/home/rss/robot_harry/robotik/install/create3_lidar_slam/share/create3_lidar_slam/hook/cmake_prefix_path.ps1'
[4.166s] INFO:colcon.colcon_core.shell:Creating environment descriptor '/home/rss/robot_harry/robotik/install/create3_lidar_slam/share/create3_lidar_slam/hook/cmake_prefix_path.dsv'
[4.168s] INFO:colcon.colcon_core.shell:Creating environment hook '/home/rss/robot_harry/robotik/install/create3_lidar_slam/share/create3_lidar_slam/hook/cmake_prefix_path.sh'
[4.168s] Level 1:colcon.colcon_core.environment:checking '/home/rss/robot_harry/robotik/install/create3_lidar_slam/bin'
[4.169s] Level 1:colcon.colcon_core.environment:checking '/home/rss/robot_harry/robotik/install/create3_lidar_slam/lib/pkgconfig/create3_lidar_slam.pc'
[4.170s] Level 1:colcon.colcon_core.environment:checking '/home/rss/robot_harry/robotik/install/create3_lidar_slam/lib/python3.10/site-packages'
[4.170s] Level 1:colcon.colcon_core.environment:checking '/home/rss/robot_harry/robotik/install/create3_lidar_slam/bin'
[4.171s] INFO:colcon.colcon_core.shell:Creating package script '/home/rss/robot_harry/robotik/install/create3_lidar_slam/share/create3_lidar_slam/package.ps1'
[4.173s] INFO:colcon.colcon_core.shell:Creating package descriptor '/home/rss/robot_harry/robotik/install/create3_lidar_slam/share/create3_lidar_slam/package.dsv'
[4.173s] INFO:colcon.colcon_core.shell:Creating package script '/home/rss/robot_harry/robotik/install/create3_lidar_slam/share/create3_lidar_slam/package.sh'
[4.175s] INFO:colcon.colcon_core.shell:Creating package script '/home/rss/robot_harry/robotik/install/create3_lidar_slam/share/create3_lidar_slam/package.bash'
[4.175s] INFO:colcon.colcon_core.shell:Creating package script '/home/rss/robot_harry/robotik/install/create3_lidar_slam/share/create3_lidar_slam/package.zsh'
[4.175s] Level 1:colcon.colcon_core.environment:create_file_with_runtime_dependencies(/home/rss/robot_harry/robotik/install/create3_lidar_slam/share/colcon-core/packages/create3_lidar_slam)
[4.209s] DEBUG:colcon.colcon_core.event_handler.log_command:Invoked command in '/home/rss/robot_harry/robotik/build/apriltag_ros' returned '0': CMAKE_PREFIX_PATH=/home/rss/robot_harry/robotik/install/apriltag_msgs:/home/rss/robot_harry/robotik/install/create3_lidar_slam:/home/rss/robot_harry/robotik/install/rplidar_ros:/home/rss/robot_harry/robotik/install/my_robot_slam:/home/rss/robot_harry/robotik/install/create3_republisher:/home/rss/robot_harry/robotik/install/create3_coverage:/home/rss/robot_harry/robotik/install/create3_examples_msgs:/home/rss/robot_harry/robotik/install/apriltag_ros:/home/rss/robot_harry/robotik/install/webcam_bringup:/home/rss/robot_harry/robotik/install/teleop:/home/rss/robot_harry/robotik/install/tag_detection:/home/rss/robot_harry/robotik/install/robot_bringup:/home/rss/robot_harry/robotik/install/pub_sub:/home/rss/robot_harry/robotik/install/object_detection:/home/rss/robot_harry/robotik/install/my_robot_navigation:/home/rss/robot_harry/robotik/install/create3_teleop:/home/rss/robot_harry/robotik/install/create3_examples_py:/opt/ros/humble LD_LIBRARY_PATH=/home/rss/robot_harry/robotik/install/apriltag_msgs/lib:/home/rss/robot_harry/robotik/install/create3_coverage/lib:/home/rss/robot_harry/robotik/install/create3_examples_msgs/lib:/home/rss/robot_harry/robotik/install/apriltag_ros/lib:/opt/ros/humble/opt/rviz_ogre_vendor/lib:/opt/ros/humble/lib/x86_64-linux-gnu:/opt/ros/humble/lib /usr/bin/cmake /home/rss/robot_harry/robotik/src/apriltag_ros -DCMAKE_INSTALL_PREFIX=/home/rss/robot_harry/robotik/install/apriltag_ros
[4.210s] DEBUG:colcon.colcon_core.event_handler.log_command:Invoking command in '/home/rss/robot_harry/robotik/build/apriltag_ros': CMAKE_PREFIX_PATH=/home/rss/robot_harry/robotik/install/apriltag_msgs:/home/rss/robot_harry/robotik/install/create3_lidar_slam:/home/rss/robot_harry/robotik/install/rplidar_ros:/home/rss/robot_harry/robotik/install/my_robot_slam:/home/rss/robot_harry/robotik/install/create3_republisher:/home/rss/robot_harry/robotik/install/create3_coverage:/home/rss/robot_harry/robotik/install/create3_examples_msgs:/home/rss/robot_harry/robotik/install/apriltag_ros:/home/rss/robot_harry/robotik/install/webcam_bringup:/home/rss/robot_harry/robotik/install/teleop:/home/rss/robot_harry/robotik/install/tag_detection:/home/rss/robot_harry/robotik/install/robot_bringup:/home/rss/robot_harry/robotik/install/pub_sub:/home/rss/robot_harry/robotik/install/object_detection:/home/rss/robot_harry/robotik/install/my_robot_navigation:/home/rss/robot_harry/robotik/install/create3_teleop:/home/rss/robot_harry/robotik/install/create3_examples_py:/opt/ros/humble LD_LIBRARY_PATH=/home/rss/robot_harry/robotik/install/apriltag_msgs/lib:/home/rss/robot_harry/robotik/install/create3_coverage/lib:/home/rss/robot_harry/robotik/install/create3_examples_msgs/lib:/home/rss/robot_harry/robotik/install/apriltag_ros/lib:/opt/ros/humble/opt/rviz_ogre_vendor/lib:/opt/ros/humble/lib/x86_64-linux-gnu:/opt/ros/humble/lib /usr/bin/cmake --build /home/rss/robot_harry/robotik/build/apriltag_ros -- -j8 -l8
[4.222s] DEBUG:colcon.colcon_core.event_handler.log_command:Invoked command in '/home/rss/robot_harry/robotik/build/create3_coverage' returned '0': CMAKE_PREFIX_PATH=/home/rss/robot_harry/robotik/install/create3_examples_msgs:/home/rss/robot_harry/robotik/install/create3_lidar_slam:/home/rss/robot_harry/robotik/install/rplidar_ros:/home/rss/robot_harry/robotik/install/my_robot_slam:/home/rss/robot_harry/robotik/install/create3_republisher:/home/rss/robot_harry/robotik/install/create3_coverage:/home/rss/robot_harry/robotik/install/apriltag_ros:/home/rss/robot_harry/robotik/install/apriltag_msgs:/home/rss/robot_harry/robotik/install/webcam_bringup:/home/rss/robot_harry/robotik/install/teleop:/home/rss/robot_harry/robotik/install/tag_detection:/home/rss/robot_harry/robotik/install/robot_bringup:/home/rss/robot_harry/robotik/install/pub_sub:/home/rss/robot_harry/robotik/install/object_detection:/home/rss/robot_harry/robotik/install/my_robot_navigation:/home/rss/robot_harry/robotik/install/create3_teleop:/home/rss/robot_harry/robotik/install/create3_examples_py:/opt/ros/humble LD_LIBRARY_PATH=/home/rss/robot_harry/robotik/install/create3_examples_msgs/lib:/home/rss/robot_harry/robotik/install/create3_coverage/lib:/home/rss/robot_harry/robotik/install/apriltag_ros/lib:/home/rss/robot_harry/robotik/install/apriltag_msgs/lib:/opt/ros/humble/opt/rviz_ogre_vendor/lib:/opt/ros/humble/lib/x86_64-linux-gnu:/opt/ros/humble/lib /usr/bin/cmake /home/rss/robot_harry/robotik/src/create3_examples/create3_coverage -DCMAKE_INSTALL_PREFIX=/home/rss/robot_harry/robotik/install/create3_coverage
[4.229s] DEBUG:colcon.colcon_core.event_handler.log_command:Invoking command in '/home/rss/robot_harry/robotik/build/create3_coverage': CMAKE_PREFIX_PATH=/home/rss/robot_harry/robotik/install/create3_examples_msgs:/home/rss/robot_harry/robotik/install/create3_lidar_slam:/home/rss/robot_harry/robotik/install/rplidar_ros:/home/rss/robot_harry/robotik/install/my_robot_slam:/home/rss/robot_harry/robotik/install/create3_republisher:/home/rss/robot_harry/robotik/install/create3_coverage:/home/rss/robot_harry/robotik/install/apriltag_ros:/home/rss/robot_harry/robotik/install/apriltag_msgs:/home/rss/robot_harry/robotik/install/webcam_bringup:/home/rss/robot_harry/robotik/install/teleop:/home/rss/robot_harry/robotik/install/tag_detection:/home/rss/robot_harry/robotik/install/robot_bringup:/home/rss/robot_harry/robotik/install/pub_sub:/home/rss/robot_harry/robotik/install/object_detection:/home/rss/robot_harry/robotik/install/my_robot_navigation:/home/rss/robot_harry/robotik/install/create3_teleop:/home/rss/robot_harry/robotik/install/create3_examples_py:/opt/ros/humble LD_LIBRARY_PATH=/home/rss/robot_harry/robotik/install/create3_examples_msgs/lib:/home/rss/robot_harry/robotik/install/create3_coverage/lib:/home/rss/robot_harry/robotik/install/apriltag_ros/lib:/home/rss/robot_harry/robotik/install/apriltag_msgs/lib:/opt/ros/humble/opt/rviz_ogre_vendor/lib:/opt/ros/humble/lib/x86_64-linux-gnu:/opt/ros/humble/lib /usr/bin/cmake --build /home/rss/robot_harry/robotik/build/create3_coverage -- -j8 -l8
[4.261s] Level 1:colcon.colcon_core.environment:checking '/home/rss/robot_harry/robotik/install/tag_detection' for CMake module files
[4.262s] Level 1:colcon.colcon_core.environment:checking '/home/rss/robot_harry/robotik/install/tag_detection' for CMake config files
[4.263s] Level 1:colcon.colcon_core.environment:checking '/home/rss/robot_harry/robotik/install/tag_detection/lib'
[4.263s] Level 1:colcon.colcon_core.environment:checking '/home/rss/robot_harry/robotik/install/tag_detection/bin'
[4.263s] Level 1:colcon.colcon_core.environment:checking '/home/rss/robot_harry/robotik/install/tag_detection/lib/pkgconfig/tag_detection.pc'
[4.263s] Level 1:colcon.colcon_core.environment:checking '/home/rss/robot_harry/robotik/install/tag_detection/lib/python3.10/site-packages'
[4.263s] Level 1:colcon.colcon_core.shell:create_environment_hook('tag_detection', 'pythonpath')
[4.263s] INFO:colcon.colcon_core.shell:Creating environment hook '/home/rss/robot_harry/robotik/install/tag_detection/share/tag_detection/hook/pythonpath.ps1'
[4.262s] DEBUG:colcon.colcon_core.event_handler.log_command:Invoked command in '/home/rss/robot_harry/robotik/src/tag_detection' returned '0': PYTHONPATH=/home/rss/robot_harry/robotik/build/tag_detection/prefix_override:/usr/lib/python3/dist-packages/colcon_core/task/python/colcon_distutils_commands:/home/rss/robot_harry/robotik/install/tag_detection/lib/python3.10/site-packages:${PYTHONPATH} /usr/bin/python3 -W ignore:setup.py install is deprecated -W ignore:easy_install command is deprecated setup.py egg_info --egg-base ../../build/tag_detection build --build-base /home/rss/robot_harry/robotik/build/tag_detection/build install --record /home/rss/robot_harry/robotik/build/tag_detection/install.log --single-version-externally-managed install_data --force
[4.271s] INFO:colcon.colcon_core.shell:Creating environment descriptor '/home/rss/robot_harry/robotik/install/tag_detection/share/tag_detection/hook/pythonpath.dsv'
[4.271s] INFO:colcon.colcon_core.shell:Creating environment hook '/home/rss/robot_harry/robotik/install/tag_detection/share/tag_detection/hook/pythonpath.sh'
[4.274s] Level 1:colcon.colcon_core.environment:checking '/home/rss/robot_harry/robotik/install/tag_detection/bin'
[4.274s] Level 1:colcon.colcon_core.environment:create_environment_scripts_only(tag_detection)
[4.278s] INFO:colcon.colcon_core.shell:Creating package script '/home/rss/robot_harry/robotik/install/tag_detection/share/tag_detection/package.ps1'
[4.279s] INFO:colcon.colcon_core.shell:Creating package descriptor '/home/rss/robot_harry/robotik/install/tag_detection/share/tag_detection/package.dsv'
[4.279s] INFO:colcon.colcon_core.shell:Creating package script '/home/rss/robot_harry/robotik/install/tag_detection/share/tag_detection/package.sh'
[4.280s] INFO:colcon.colcon_core.shell:Creating package script '/home/rss/robot_harry/robotik/install/tag_detection/share/tag_detection/package.bash'
[4.280s] INFO:colcon.colcon_core.shell:Creating package script '/home/rss/robot_harry/robotik/install/tag_detection/share/tag_detection/package.zsh'
[4.280s] Level 1:colcon.colcon_core.environment:create_file_with_runtime_dependencies(/home/rss/robot_harry/robotik/install/tag_detection/share/colcon-core/packages/tag_detection)
[4.346s] DEBUG:colcon.colcon_core.event_handler.log_command:Invoked command in '/home/rss/robot_harry/robotik/build/teleop' returned '0': PYTHONPATH=/home/rss/robot_harry/robotik/build/teleop/prefix_override:/usr/lib/python3/dist-packages/colcon_core/task/python/colcon_distutils_commands:/home/rss/robot_harry/robotik/install/teleop/lib/python3.10/site-packages:${PYTHONPATH} /usr/bin/python3 -W ignore:setup.py install is deprecated -W ignore:easy_install command is deprecated setup.py develop --uninstall --editable --build-directory /home/rss/robot_harry/robotik/build/teleop/build
[4.347s] DEBUG:colcon.colcon_core.event_handler.log_command:Invoking command in '/home/rss/robot_harry/robotik/src/teleop': PYTHONPATH=/home/rss/robot_harry/robotik/build/teleop/prefix_override:/usr/lib/python3/dist-packages/colcon_core/task/python/colcon_distutils_commands:/home/rss/robot_harry/robotik/install/teleop/lib/python3.10/site-packages:${PYTHONPATH} /usr/bin/python3 -W ignore:setup.py install is deprecated -W ignore:easy_install command is deprecated setup.py egg_info --egg-base ../../build/teleop build --build-base /home/rss/robot_harry/robotik/build/teleop/build install --record /home/rss/robot_harry/robotik/build/teleop/install.log --single-version-externally-managed install_data --force
[4.395s] DEBUG:colcon.colcon_core.event_handler.log_command:Invoked command in '/home/rss/robot_harry/robotik/build/apriltag_ros' returned '0': CMAKE_PREFIX_PATH=/home/rss/robot_harry/robotik/install/apriltag_msgs:/home/rss/robot_harry/robotik/install/create3_lidar_slam:/home/rss/robot_harry/robotik/install/rplidar_ros:/home/rss/robot_harry/robotik/install/my_robot_slam:/home/rss/robot_harry/robotik/install/create3_republisher:/home/rss/robot_harry/robotik/install/create3_coverage:/home/rss/robot_harry/robotik/install/create3_examples_msgs:/home/rss/robot_harry/robotik/install/apriltag_ros:/home/rss/robot_harry/robotik/install/webcam_bringup:/home/rss/robot_harry/robotik/install/teleop:/home/rss/robot_harry/robotik/install/tag_detection:/home/rss/robot_harry/robotik/install/robot_bringup:/home/rss/robot_harry/robotik/install/pub_sub:/home/rss/robot_harry/robotik/install/object_detection:/home/rss/robot_harry/robotik/install/my_robot_navigation:/home/rss/robot_harry/robotik/install/create3_teleop:/home/rss/robot_harry/robotik/install/create3_examples_py:/opt/ros/humble LD_LIBRARY_PATH=/home/rss/robot_harry/robotik/install/apriltag_msgs/lib:/home/rss/robot_harry/robotik/install/create3_coverage/lib:/home/rss/robot_harry/robotik/install/create3_examples_msgs/lib:/home/rss/robot_harry/robotik/install/apriltag_ros/lib:/opt/ros/humble/opt/rviz_ogre_vendor/lib:/opt/ros/humble/lib/x86_64-linux-gnu:/opt/ros/humble/lib /usr/bin/cmake --build /home/rss/robot_harry/robotik/build/apriltag_ros -- -j8 -l8
[4.396s] DEBUG:colcon.colcon_core.event_handler.log_command:Invoking command in '/home/rss/robot_harry/robotik/build/apriltag_ros': CMAKE_PREFIX_PATH=/home/rss/robot_harry/robotik/install/apriltag_msgs:/home/rss/robot_harry/robotik/install/create3_lidar_slam:/home/rss/robot_harry/robotik/install/rplidar_ros:/home/rss/robot_harry/robotik/install/my_robot_slam:/home/rss/robot_harry/robotik/install/create3_republisher:/home/rss/robot_harry/robotik/install/create3_coverage:/home/rss/robot_harry/robotik/install/create3_examples_msgs:/home/rss/robot_harry/robotik/install/apriltag_ros:/home/rss/robot_harry/robotik/install/webcam_bringup:/home/rss/robot_harry/robotik/install/teleop:/home/rss/robot_harry/robotik/install/tag_detection:/home/rss/robot_harry/robotik/install/robot_bringup:/home/rss/robot_harry/robotik/install/pub_sub:/home/rss/robot_harry/robotik/install/object_detection:/home/rss/robot_harry/robotik/install/my_robot_navigation:/home/rss/robot_harry/robotik/install/create3_teleop:/home/rss/robot_harry/robotik/install/create3_examples_py:/opt/ros/humble LD_LIBRARY_PATH=/home/rss/robot_harry/robotik/install/apriltag_msgs/lib:/home/rss/robot_harry/robotik/install/create3_coverage/lib:/home/rss/robot_harry/robotik/install/create3_examples_msgs/lib:/home/rss/robot_harry/robotik/install/apriltag_ros/lib:/opt/ros/humble/opt/rviz_ogre_vendor/lib:/opt/ros/humble/lib/x86_64-linux-gnu:/opt/ros/humble/lib /usr/bin/cmake --install /home/rss/robot_harry/robotik/build/apriltag_ros
[4.397s] DEBUG:colcon.colcon_core.event_handler.log_command:Invoked command in '/home/rss/robot_harry/robotik/build/create3_coverage' returned '0': CMAKE_PREFIX_PATH=/home/rss/robot_harry/robotik/install/create3_examples_msgs:/home/rss/robot_harry/robotik/install/create3_lidar_slam:/home/rss/robot_harry/robotik/install/rplidar_ros:/home/rss/robot_harry/robotik/install/my_robot_slam:/home/rss/robot_harry/robotik/install/create3_republisher:/home/rss/robot_harry/robotik/install/create3_coverage:/home/rss/robot_harry/robotik/install/apriltag_ros:/home/rss/robot_harry/robotik/install/apriltag_msgs:/home/rss/robot_harry/robotik/install/webcam_bringup:/home/rss/robot_harry/robotik/install/teleop:/home/rss/robot_harry/robotik/install/tag_detection:/home/rss/robot_harry/robotik/install/robot_bringup:/home/rss/robot_harry/robotik/install/pub_sub:/home/rss/robot_harry/robotik/install/object_detection:/home/rss/robot_harry/robotik/install/my_robot_navigation:/home/rss/robot_harry/robotik/install/create3_teleop:/home/rss/robot_harry/robotik/install/create3_examples_py:/opt/ros/humble LD_LIBRARY_PATH=/home/rss/robot_harry/robotik/install/create3_examples_msgs/lib:/home/rss/robot_harry/robotik/install/create3_coverage/lib:/home/rss/robot_harry/robotik/install/apriltag_ros/lib:/home/rss/robot_harry/robotik/install/apriltag_msgs/lib:/opt/ros/humble/opt/rviz_ogre_vendor/lib:/opt/ros/humble/lib/x86_64-linux-gnu:/opt/ros/humble/lib /usr/bin/cmake --build /home/rss/robot_harry/robotik/build/create3_coverage -- -j8 -l8
[4.398s] DEBUG:colcon.colcon_core.event_handler.log_command:Invoking command in '/home/rss/robot_harry/robotik/build/create3_coverage': CMAKE_PREFIX_PATH=/home/rss/robot_harry/robotik/install/create3_examples_msgs:/home/rss/robot_harry/robotik/install/create3_lidar_slam:/home/rss/robot_harry/robotik/install/rplidar_ros:/home/rss/robot_harry/robotik/install/my_robot_slam:/home/rss/robot_harry/robotik/install/create3_republisher:/home/rss/robot_harry/robotik/install/create3_coverage:/home/rss/robot_harry/robotik/install/apriltag_ros:/home/rss/robot_harry/robotik/install/apriltag_msgs:/home/rss/robot_harry/robotik/install/webcam_bringup:/home/rss/robot_harry/robotik/install/teleop:/home/rss/robot_harry/robotik/install/tag_detection:/home/rss/robot_harry/robotik/install/robot_bringup:/home/rss/robot_harry/robotik/install/pub_sub:/home/rss/robot_harry/robotik/install/object_detection:/home/rss/robot_harry/robotik/install/my_robot_navigation:/home/rss/robot_harry/robotik/install/create3_teleop:/home/rss/robot_harry/robotik/install/create3_examples_py:/opt/ros/humble LD_LIBRARY_PATH=/home/rss/robot_harry/robotik/install/create3_examples_msgs/lib:/home/rss/robot_harry/robotik/install/create3_coverage/lib:/home/rss/robot_harry/robotik/install/apriltag_ros/lib:/home/rss/robot_harry/robotik/install/apriltag_msgs/lib:/opt/ros/humble/opt/rviz_ogre_vendor/lib:/opt/ros/humble/lib/x86_64-linux-gnu:/opt/ros/humble/lib /usr/bin/cmake --install /home/rss/robot_harry/robotik/build/create3_coverage
[4.400s] DEBUG:colcon.colcon_core.event_handler.log_command:Invoked command in '/home/rss/robot_harry/robotik/build/webcam_bringup' returned '0': PYTHONPATH=/home/rss/robot_harry/robotik/build/webcam_bringup/prefix_override:/usr/lib/python3/dist-packages/colcon_core/task/python/colcon_distutils_commands:/home/rss/robot_harry/robotik/install/webcam_bringup/lib/python3.10/site-packages:${PYTHONPATH} /usr/bin/python3 -W ignore:setup.py install is deprecated -W ignore:easy_install command is deprecated setup.py develop --uninstall --editable --build-directory /home/rss/robot_harry/robotik/build/webcam_bringup/build
[4.401s] DEBUG:colcon.colcon_core.event_handler.log_command:Invoking command in '/home/rss/robot_harry/robotik/src/webcam_bringup': PYTHONPATH=/home/rss/robot_harry/robotik/build/webcam_bringup/prefix_override:/usr/lib/python3/dist-packages/colcon_core/task/python/colcon_distutils_commands:/home/rss/robot_harry/robotik/install/webcam_bringup/lib/python3.10/site-packages:${PYTHONPATH} /usr/bin/python3 -W ignore:setup.py install is deprecated -W ignore:easy_install command is deprecated setup.py egg_info --egg-base ../../build/webcam_bringup build --build-base /home/rss/robot_harry/robotik/build/webcam_bringup/build install --record /home/rss/robot_harry/robotik/build/webcam_bringup/install.log --single-version-externally-managed install_data --force
[4.416s] Level 1:colcon.colcon_core.environment:create_environment_scripts_only(apriltag_ros)
[4.417s] Level 1:colcon.colcon_core.environment:checking '/home/rss/robot_harry/robotik/install/apriltag_ros' for CMake module files
[4.417s] DEBUG:colcon.colcon_core.event_handler.log_command:Invoked command in '/home/rss/robot_harry/robotik/build/apriltag_ros' returned '0': CMAKE_PREFIX_PATH=/home/rss/robot_harry/robotik/install/apriltag_msgs:/home/rss/robot_harry/robotik/install/create3_lidar_slam:/home/rss/robot_harry/robotik/install/rplidar_ros:/home/rss/robot_harry/robotik/install/my_robot_slam:/home/rss/robot_harry/robotik/install/create3_republisher:/home/rss/robot_harry/robotik/install/create3_coverage:/home/rss/robot_harry/robotik/install/create3_examples_msgs:/home/rss/robot_harry/robotik/install/apriltag_ros:/home/rss/robot_harry/robotik/install/webcam_bringup:/home/rss/robot_harry/robotik/install/teleop:/home/rss/robot_harry/robotik/install/tag_detection:/home/rss/robot_harry/robotik/install/robot_bringup:/home/rss/robot_harry/robotik/install/pub_sub:/home/rss/robot_harry/robotik/install/object_detection:/home/rss/robot_harry/robotik/install/my_robot_navigation:/home/rss/robot_harry/robotik/install/create3_teleop:/home/rss/robot_harry/robotik/install/create3_examples_py:/opt/ros/humble LD_LIBRARY_PATH=/home/rss/robot_harry/robotik/install/apriltag_msgs/lib:/home/rss/robot_harry/robotik/install/create3_coverage/lib:/home/rss/robot_harry/robotik/install/create3_examples_msgs/lib:/home/rss/robot_harry/robotik/install/apriltag_ros/lib:/opt/ros/humble/opt/rviz_ogre_vendor/lib:/opt/ros/humble/lib/x86_64-linux-gnu:/opt/ros/humble/lib /usr/bin/cmake --install /home/rss/robot_harry/robotik/build/apriltag_ros
[4.418s] Level 1:colcon.colcon_core.environment:checking '/home/rss/robot_harry/robotik/install/apriltag_ros' for CMake config files
[4.418s] Level 1:colcon.colcon_core.shell:create_environment_hook('apriltag_ros', 'cmake_prefix_path')
[4.418s] INFO:colcon.colcon_core.shell:Creating environment hook '/home/rss/robot_harry/robotik/install/apriltag_ros/share/apriltag_ros/hook/cmake_prefix_path.ps1'
[4.419s] INFO:colcon.colcon_core.shell:Creating environment descriptor '/home/rss/robot_harry/robotik/install/apriltag_ros/share/apriltag_ros/hook/cmake_prefix_path.dsv'
[4.419s] INFO:colcon.colcon_core.shell:Creating environment hook '/home/rss/robot_harry/robotik/install/apriltag_ros/share/apriltag_ros/hook/cmake_prefix_path.sh'
[4.419s] Level 1:colcon.colcon_core.environment:checking '/home/rss/robot_harry/robotik/install/apriltag_ros/lib'
[4.420s] Level 1:colcon.colcon_core.shell:create_environment_hook('apriltag_ros', 'ld_library_path_lib')
[4.420s] INFO:colcon.colcon_core.shell:Creating environment hook '/home/rss/robot_harry/robotik/install/apriltag_ros/share/apriltag_ros/hook/ld_library_path_lib.ps1'
[4.420s] INFO:colcon.colcon_core.shell:Creating environment descriptor '/home/rss/robot_harry/robotik/install/apriltag_ros/share/apriltag_ros/hook/ld_library_path_lib.dsv'
[4.420s] INFO:colcon.colcon_core.shell:Creating environment hook '/home/rss/robot_harry/robotik/install/apriltag_ros/share/apriltag_ros/hook/ld_library_path_lib.sh'
[4.420s] Level 1:colcon.colcon_core.environment:checking '/home/rss/robot_harry/robotik/install/apriltag_ros/bin'
[4.420s] Level 1:colcon.colcon_core.environment:checking '/home/rss/robot_harry/robotik/install/apriltag_ros/lib/pkgconfig/apriltag_ros.pc'
[4.421s] Level 1:colcon.colcon_core.environment:checking '/home/rss/robot_harry/robotik/install/apriltag_ros/lib/python3.10/site-packages'
[4.421s] Level 1:colcon.colcon_core.environment:checking '/home/rss/robot_harry/robotik/install/apriltag_ros/bin'
[4.421s] INFO:colcon.colcon_core.shell:Creating package script '/home/rss/robot_harry/robotik/install/apriltag_ros/share/apriltag_ros/package.ps1'
[4.421s] INFO:colcon.colcon_core.shell:Creating package descriptor '/home/rss/robot_harry/robotik/install/apriltag_ros/share/apriltag_ros/package.dsv'
[4.422s] INFO:colcon.colcon_core.shell:Creating package script '/home/rss/robot_harry/robotik/install/apriltag_ros/share/apriltag_ros/package.sh'
[4.422s] INFO:colcon.colcon_core.shell:Creating package script '/home/rss/robot_harry/robotik/install/apriltag_ros/share/apriltag_ros/package.bash'
[4.422s] INFO:colcon.colcon_core.shell:Creating package script '/home/rss/robot_harry/robotik/install/apriltag_ros/share/apriltag_ros/package.zsh'
[4.422s] Level 1:colcon.colcon_core.environment:create_file_with_runtime_dependencies(/home/rss/robot_harry/robotik/install/apriltag_ros/share/colcon-core/packages/apriltag_ros)
[4.423s] Level 1:colcon.colcon_core.environment:create_environment_scripts_only(apriltag_ros)
[4.423s] Level 1:colcon.colcon_core.environment:checking '/home/rss/robot_harry/robotik/install/apriltag_ros' for CMake module files
[4.423s] Level 1:colcon.colcon_core.environment:checking '/home/rss/robot_harry/robotik/install/apriltag_ros' for CMake config files
[4.423s] Level 1:colcon.colcon_core.shell:create_environment_hook('apriltag_ros', 'cmake_prefix_path')
[4.424s] INFO:colcon.colcon_core.shell:Creating environment hook '/home/rss/robot_harry/robotik/install/apriltag_ros/share/apriltag_ros/hook/cmake_prefix_path.ps1'
[4.424s] INFO:colcon.colcon_core.shell:Creating environment descriptor '/home/rss/robot_harry/robotik/install/apriltag_ros/share/apriltag_ros/hook/cmake_prefix_path.dsv'
[4.424s] INFO:colcon.colcon_core.shell:Creating environment hook '/home/rss/robot_harry/robotik/install/apriltag_ros/share/apriltag_ros/hook/cmake_prefix_path.sh'
[4.424s] Level 1:colcon.colcon_core.environment:checking '/home/rss/robot_harry/robotik/install/apriltag_ros/lib'
[4.424s] Level 1:colcon.colcon_core.shell:create_environment_hook('apriltag_ros', 'ld_library_path_lib')
[4.425s] INFO:colcon.colcon_core.shell:Creating environment hook '/home/rss/robot_harry/robotik/install/apriltag_ros/share/apriltag_ros/hook/ld_library_path_lib.ps1'
[4.425s] INFO:colcon.colcon_core.shell:Creating environment descriptor '/home/rss/robot_harry/robotik/install/apriltag_ros/share/apriltag_ros/hook/ld_library_path_lib.dsv'
[4.425s] INFO:colcon.colcon_core.shell:Creating environment hook '/home/rss/robot_harry/robotik/install/apriltag_ros/share/apriltag_ros/hook/ld_library_path_lib.sh'
[4.425s] Level 1:colcon.colcon_core.environment:checking '/home/rss/robot_harry/robotik/install/apriltag_ros/bin'
[4.425s] Level 1:colcon.colcon_core.environment:checking '/home/rss/robot_harry/robotik/install/apriltag_ros/lib/pkgconfig/apriltag_ros.pc'
[4.425s] Level 1:colcon.colcon_core.environment:checking '/home/rss/robot_harry/robotik/install/apriltag_ros/lib/python3.10/site-packages'
[4.426s] Level 1:colcon.colcon_core.environment:checking '/home/rss/robot_harry/robotik/install/apriltag_ros/bin'
[4.426s] INFO:colcon.colcon_core.shell:Creating package script '/home/rss/robot_harry/robotik/install/apriltag_ros/share/apriltag_ros/package.ps1'
[4.426s] INFO:colcon.colcon_core.shell:Creating package descriptor '/home/rss/robot_harry/robotik/install/apriltag_ros/share/apriltag_ros/package.dsv'
[4.427s] INFO:colcon.colcon_core.shell:Creating package script '/home/rss/robot_harry/robotik/install/apriltag_ros/share/apriltag_ros/package.sh'
[4.427s] INFO:colcon.colcon_core.shell:Creating package script '/home/rss/robot_harry/robotik/install/apriltag_ros/share/apriltag_ros/package.bash'
[4.427s] INFO:colcon.colcon_core.shell:Creating package script '/home/rss/robot_harry/robotik/install/apriltag_ros/share/apriltag_ros/package.zsh'
[4.427s] Level 1:colcon.colcon_core.environment:create_file_with_runtime_dependencies(/home/rss/robot_harry/robotik/install/apriltag_ros/share/colcon-core/packages/apriltag_ros)
[4.428s] Level 1:colcon.colcon_core.environment:create_environment_scripts_only(create3_coverage)
[4.428s] Level 1:colcon.colcon_core.environment:checking '/home/rss/robot_harry/robotik/install/create3_coverage' for CMake module files
[4.429s] DEBUG:colcon.colcon_core.event_handler.log_command:Invoked command in '/home/rss/robot_harry/robotik/build/create3_coverage' returned '0': CMAKE_PREFIX_PATH=/home/rss/robot_harry/robotik/install/create3_examples_msgs:/home/rss/robot_harry/robotik/install/create3_lidar_slam:/home/rss/robot_harry/robotik/install/rplidar_ros:/home/rss/robot_harry/robotik/install/my_robot_slam:/home/rss/robot_harry/robotik/install/create3_republisher:/home/rss/robot_harry/robotik/install/create3_coverage:/home/rss/robot_harry/robotik/install/apriltag_ros:/home/rss/robot_harry/robotik/install/apriltag_msgs:/home/rss/robot_harry/robotik/install/webcam_bringup:/home/rss/robot_harry/robotik/install/teleop:/home/rss/robot_harry/robotik/install/tag_detection:/home/rss/robot_harry/robotik/install/robot_bringup:/home/rss/robot_harry/robotik/install/pub_sub:/home/rss/robot_harry/robotik/install/object_detection:/home/rss/robot_harry/robotik/install/my_robot_navigation:/home/rss/robot_harry/robotik/install/create3_teleop:/home/rss/robot_harry/robotik/install/create3_examples_py:/opt/ros/humble LD_LIBRARY_PATH=/home/rss/robot_harry/robotik/install/create3_examples_msgs/lib:/home/rss/robot_harry/robotik/install/create3_coverage/lib:/home/rss/robot_harry/robotik/install/apriltag_ros/lib:/home/rss/robot_harry/robotik/install/apriltag_msgs/lib:/opt/ros/humble/opt/rviz_ogre_vendor/lib:/opt/ros/humble/lib/x86_64-linux-gnu:/opt/ros/humble/lib /usr/bin/cmake --install /home/rss/robot_harry/robotik/build/create3_coverage
[4.429s] Level 1:colcon.colcon_core.environment:checking '/home/rss/robot_harry/robotik/install/create3_coverage' for CMake config files
[4.430s] Level 1:colcon.colcon_core.shell:create_environment_hook('create3_coverage', 'cmake_prefix_path')
[4.430s] INFO:colcon.colcon_core.shell:Creating environment hook '/home/rss/robot_harry/robotik/install/create3_coverage/share/create3_coverage/hook/cmake_prefix_path.ps1'
[4.430s] INFO:colcon.colcon_core.shell:Creating environment descriptor '/home/rss/robot_harry/robotik/install/create3_coverage/share/create3_coverage/hook/cmake_prefix_path.dsv'
[4.431s] INFO:colcon.colcon_core.shell:Creating environment hook '/home/rss/robot_harry/robotik/install/create3_coverage/share/create3_coverage/hook/cmake_prefix_path.sh'
[4.431s] Level 1:colcon.colcon_core.environment:checking '/home/rss/robot_harry/robotik/install/create3_coverage/lib'
[4.431s] Level 1:colcon.colcon_core.shell:create_environment_hook('create3_coverage', 'ld_library_path_lib')
[4.432s] INFO:colcon.colcon_core.shell:Creating environment hook '/home/rss/robot_harry/robotik/install/create3_coverage/share/create3_coverage/hook/ld_library_path_lib.ps1'
[4.432s] INFO:colcon.colcon_core.shell:Creating environment descriptor '/home/rss/robot_harry/robotik/install/create3_coverage/share/create3_coverage/hook/ld_library_path_lib.dsv'
[4.432s] INFO:colcon.colcon_core.shell:Creating environment hook '/home/rss/robot_harry/robotik/install/create3_coverage/share/create3_coverage/hook/ld_library_path_lib.sh'
[4.433s] Level 1:colcon.colcon_core.environment:checking '/home/rss/robot_harry/robotik/install/create3_coverage/bin'
[4.433s] Level 1:colcon.colcon_core.environment:checking '/home/rss/robot_harry/robotik/install/create3_coverage/lib/pkgconfig/create3_coverage.pc'
[4.433s] Level 1:colcon.colcon_core.environment:checking '/home/rss/robot_harry/robotik/install/create3_coverage/lib/python3.10/site-packages'
[4.433s] Level 1:colcon.colcon_core.environment:checking '/home/rss/robot_harry/robotik/install/create3_coverage/bin'
[4.434s] INFO:colcon.colcon_core.shell:Creating package script '/home/rss/robot_harry/robotik/install/create3_coverage/share/create3_coverage/package.ps1'
[4.434s] INFO:colcon.colcon_core.shell:Creating package descriptor '/home/rss/robot_harry/robotik/install/create3_coverage/share/create3_coverage/package.dsv'
[4.434s] INFO:colcon.colcon_core.shell:Creating package script '/home/rss/robot_harry/robotik/install/create3_coverage/share/create3_coverage/package.sh'
[4.435s] INFO:colcon.colcon_core.shell:Creating package script '/home/rss/robot_harry/robotik/install/create3_coverage/share/create3_coverage/package.bash'
[4.435s] INFO:colcon.colcon_core.shell:Creating package script '/home/rss/robot_harry/robotik/install/create3_coverage/share/create3_coverage/package.zsh'
[4.435s] Level 1:colcon.colcon_core.environment:create_file_with_runtime_dependencies(/home/rss/robot_harry/robotik/install/create3_coverage/share/colcon-core/packages/create3_coverage)
[4.436s] Level 1:colcon.colcon_core.environment:create_environment_scripts_only(create3_coverage)
[4.436s] Level 1:colcon.colcon_core.environment:checking '/home/rss/robot_harry/robotik/install/create3_coverage' for CMake module files
[4.437s] Level 1:colcon.colcon_core.environment:checking '/home/rss/robot_harry/robotik/install/create3_coverage' for CMake config files
[4.437s] Level 1:colcon.colcon_core.shell:create_environment_hook('create3_coverage', 'cmake_prefix_path')
[4.437s] INFO:colcon.colcon_core.shell:Creating environment hook '/home/rss/robot_harry/robotik/install/create3_coverage/share/create3_coverage/hook/cmake_prefix_path.ps1'
[4.438s] INFO:colcon.colcon_core.shell:Creating environment descriptor '/home/rss/robot_harry/robotik/install/create3_coverage/share/create3_coverage/hook/cmake_prefix_path.dsv'
[4.438s] INFO:colcon.colcon_core.shell:Creating environment hook '/home/rss/robot_harry/robotik/install/create3_coverage/share/create3_coverage/hook/cmake_prefix_path.sh'
[4.438s] Level 1:colcon.colcon_core.environment:checking '/home/rss/robot_harry/robotik/install/create3_coverage/lib'
[4.438s] Level 1:colcon.colcon_core.shell:create_environment_hook('create3_coverage', 'ld_library_path_lib')
[4.439s] INFO:colcon.colcon_core.shell:Creating environment hook '/home/rss/robot_harry/robotik/install/create3_coverage/share/create3_coverage/hook/ld_library_path_lib.ps1'
[4.439s] INFO:colcon.colcon_core.shell:Creating environment descriptor '/home/rss/robot_harry/robotik/install/create3_coverage/share/create3_coverage/hook/ld_library_path_lib.dsv'
[4.439s] INFO:colcon.colcon_core.shell:Creating environment hook '/home/rss/robot_harry/robotik/install/create3_coverage/share/create3_coverage/hook/ld_library_path_lib.sh'
[4.440s] Level 1:colcon.colcon_core.environment:checking '/home/rss/robot_harry/robotik/install/create3_coverage/bin'
[4.440s] Level 1:colcon.colcon_core.environment:checking '/home/rss/robot_harry/robotik/install/create3_coverage/lib/pkgconfig/create3_coverage.pc'
[4.440s] Level 1:colcon.colcon_core.environment:checking '/home/rss/robot_harry/robotik/install/create3_coverage/lib/python3.10/site-packages'
[4.440s] Level 1:colcon.colcon_core.environment:checking '/home/rss/robot_harry/robotik/install/create3_coverage/bin'
[4.441s] INFO:colcon.colcon_core.shell:Creating package script '/home/rss/robot_harry/robotik/install/create3_coverage/share/create3_coverage/package.ps1'
[4.441s] INFO:colcon.colcon_core.shell:Creating package descriptor '/home/rss/robot_harry/robotik/install/create3_coverage/share/create3_coverage/package.dsv'
[4.442s] INFO:colcon.colcon_core.shell:Creating package script '/home/rss/robot_harry/robotik/install/create3_coverage/share/create3_coverage/package.sh'
[4.442s] INFO:colcon.colcon_core.shell:Creating package script '/home/rss/robot_harry/robotik/install/create3_coverage/share/create3_coverage/package.bash'
[4.443s] INFO:colcon.colcon_core.shell:Creating package script '/home/rss/robot_harry/robotik/install/create3_coverage/share/create3_coverage/package.zsh'
[4.443s] Level 1:colcon.colcon_core.environment:create_file_with_runtime_dependencies(/home/rss/robot_harry/robotik/install/create3_coverage/share/colcon-core/packages/create3_coverage)
[4.626s] Level 1:colcon.colcon_core.environment:checking '/home/rss/robot_harry/robotik/install/teleop' for CMake module files
[4.626s] DEBUG:colcon.colcon_core.event_handler.log_command:Invoked command in '/home/rss/robot_harry/robotik/src/teleop' returned '0': PYTHONPATH=/home/rss/robot_harry/robotik/build/teleop/prefix_override:/usr/lib/python3/dist-packages/colcon_core/task/python/colcon_distutils_commands:/home/rss/robot_harry/robotik/install/teleop/lib/python3.10/site-packages:${PYTHONPATH} /usr/bin/python3 -W ignore:setup.py install is deprecated -W ignore:easy_install command is deprecated setup.py egg_info --egg-base ../../build/teleop build --build-base /home/rss/robot_harry/robotik/build/teleop/build install --record /home/rss/robot_harry/robotik/build/teleop/install.log --single-version-externally-managed install_data --force
[4.627s] Level 1:colcon.colcon_core.environment:checking '/home/rss/robot_harry/robotik/install/teleop' for CMake config files
[4.627s] Level 1:colcon.colcon_core.environment:checking '/home/rss/robot_harry/robotik/install/teleop/lib'
[4.627s] Level 1:colcon.colcon_core.environment:checking '/home/rss/robot_harry/robotik/install/teleop/bin'
[4.627s] Level 1:colcon.colcon_core.environment:checking '/home/rss/robot_harry/robotik/install/teleop/lib/pkgconfig/teleop.pc'
[4.627s] Level 1:colcon.colcon_core.environment:checking '/home/rss/robot_harry/robotik/install/teleop/lib/python3.10/site-packages'
[4.627s] Level 1:colcon.colcon_core.shell:create_environment_hook('teleop', 'pythonpath')
[4.627s] INFO:colcon.colcon_core.shell:Creating environment hook '/home/rss/robot_harry/robotik/install/teleop/share/teleop/hook/pythonpath.ps1'
[4.628s] INFO:colcon.colcon_core.shell:Creating environment descriptor '/home/rss/robot_harry/robotik/install/teleop/share/teleop/hook/pythonpath.dsv'
[4.628s] INFO:colcon.colcon_core.shell:Creating environment hook '/home/rss/robot_harry/robotik/install/teleop/share/teleop/hook/pythonpath.sh'
[4.628s] Level 1:colcon.colcon_core.environment:checking '/home/rss/robot_harry/robotik/install/teleop/bin'
[4.628s] Level 1:colcon.colcon_core.environment:create_environment_scripts_only(teleop)
[4.629s] INFO:colcon.colcon_core.shell:Creating package script '/home/rss/robot_harry/robotik/install/teleop/share/teleop/package.ps1'
[4.629s] INFO:colcon.colcon_core.shell:Creating package descriptor '/home/rss/robot_harry/robotik/install/teleop/share/teleop/package.dsv'
[4.629s] INFO:colcon.colcon_core.shell:Creating package script '/home/rss/robot_harry/robotik/install/teleop/share/teleop/package.sh'
[4.630s] INFO:colcon.colcon_core.shell:Creating package script '/home/rss/robot_harry/robotik/install/teleop/share/teleop/package.bash'
[4.630s] INFO:colcon.colcon_core.shell:Creating package script '/home/rss/robot_harry/robotik/install/teleop/share/teleop/package.zsh'
[4.630s] Level 1:colcon.colcon_core.environment:create_file_with_runtime_dependencies(/home/rss/robot_harry/robotik/install/teleop/share/colcon-core/packages/teleop)
[4.647s] Level 1:colcon.colcon_core.environment:checking '/home/rss/robot_harry/robotik/install/webcam_bringup' for CMake module files
[4.647s] DEBUG:colcon.colcon_core.event_handler.log_command:Invoked command in '/home/rss/robot_harry/robotik/src/webcam_bringup' returned '0': PYTHONPATH=/home/rss/robot_harry/robotik/build/webcam_bringup/prefix_override:/usr/lib/python3/dist-packages/colcon_core/task/python/colcon_distutils_commands:/home/rss/robot_harry/robotik/install/webcam_bringup/lib/python3.10/site-packages:${PYTHONPATH} /usr/bin/python3 -W ignore:setup.py install is deprecated -W ignore:easy_install command is deprecated setup.py egg_info --egg-base ../../build/webcam_bringup build --build-base /home/rss/robot_harry/robotik/build/webcam_bringup/build install --record /home/rss/robot_harry/robotik/build/webcam_bringup/install.log --single-version-externally-managed install_data --force
[4.647s] Level 1:colcon.colcon_core.environment:checking '/home/rss/robot_harry/robotik/install/webcam_bringup' for CMake config files
[4.647s] Level 1:colcon.colcon_core.environment:checking '/home/rss/robot_harry/robotik/install/webcam_bringup/lib'
[4.648s] Level 1:colcon.colcon_core.environment:checking '/home/rss/robot_harry/robotik/install/webcam_bringup/bin'
[4.648s] Level 1:colcon.colcon_core.environment:checking '/home/rss/robot_harry/robotik/install/webcam_bringup/lib/pkgconfig/webcam_bringup.pc'
[4.648s] Level 1:colcon.colcon_core.environment:checking '/home/rss/robot_harry/robotik/install/webcam_bringup/lib/python3.10/site-packages'
[4.648s] Level 1:colcon.colcon_core.shell:create_environment_hook('webcam_bringup', 'pythonpath')
[4.648s] INFO:colcon.colcon_core.shell:Creating environment hook '/home/rss/robot_harry/robotik/install/webcam_bringup/share/webcam_bringup/hook/pythonpath.ps1'
[4.648s] INFO:colcon.colcon_core.shell:Creating environment descriptor '/home/rss/robot_harry/robotik/install/webcam_bringup/share/webcam_bringup/hook/pythonpath.dsv'
[4.649s] INFO:colcon.colcon_core.shell:Creating environment hook '/home/rss/robot_harry/robotik/install/webcam_bringup/share/webcam_bringup/hook/pythonpath.sh'
[4.649s] Level 1:colcon.colcon_core.environment:checking '/home/rss/robot_harry/robotik/install/webcam_bringup/bin'
[4.649s] Level 1:colcon.colcon_core.environment:create_environment_scripts_only(webcam_bringup)
[4.649s] INFO:colcon.colcon_core.shell:Creating package script '/home/rss/robot_harry/robotik/install/webcam_bringup/share/webcam_bringup/package.ps1'
[4.650s] INFO:colcon.colcon_core.shell:Creating package descriptor '/home/rss/robot_harry/robotik/install/webcam_bringup/share/webcam_bringup/package.dsv'
[4.650s] INFO:colcon.colcon_core.shell:Creating package script '/home/rss/robot_harry/robotik/install/webcam_bringup/share/webcam_bringup/package.sh'
[4.650s] INFO:colcon.colcon_core.shell:Creating package script '/home/rss/robot_harry/robotik/install/webcam_bringup/share/webcam_bringup/package.bash'
[4.650s] INFO:colcon.colcon_core.shell:Creating package script '/home/rss/robot_harry/robotik/install/webcam_bringup/share/webcam_bringup/package.zsh'
[4.651s] Level 1:colcon.colcon_core.environment:create_file_with_runtime_dependencies(/home/rss/robot_harry/robotik/install/webcam_bringup/share/colcon-core/packages/webcam_bringup)
[4.651s] DEBUG:colcon.colcon_parallel_executor.executor.parallel:closing loop
[4.651s] DEBUG:colcon.colcon_parallel_executor.executor.parallel:loop closed
[4.651s] DEBUG:colcon.colcon_parallel_executor.executor.parallel:run_until_complete finished with '0'
[4.651s] DEBUG:colcon.colcon_core.event_reactor:joining thread
[4.655s] INFO:colcon.colcon_core.plugin_system:Skipping extension 'colcon_notification.desktop_notification.terminal_notifier': Not used on non-Darwin systems
[4.655s] INFO:colcon.colcon_core.plugin_system:Skipping extension 'colcon_notification.desktop_notification.win32': Not used on non-Windows systems
[4.655s] INFO:colcon.colcon_notification.desktop_notification:Sending desktop notification using 'notify2'
[4.663s] DEBUG:colcon.colcon_core.event_reactor:joined thread
[4.664s] INFO:colcon.colcon_core.shell:Creating prefix script '/home/rss/robot_harry/robotik/install/local_setup.ps1'
[4.664s] INFO:colcon.colcon_core.shell:Creating prefix util module '/home/rss/robot_harry/robotik/install/_local_setup_util_ps1.py'
[4.665s] INFO:colcon.colcon_core.shell:Creating prefix chain script '/home/rss/robot_harry/robotik/install/setup.ps1'
[4.666s] INFO:colcon.colcon_core.shell:Creating prefix script '/home/rss/robot_harry/robotik/install/local_setup.sh'
[4.667s] INFO:colcon.colcon_core.shell:Creating prefix util module '/home/rss/robot_harry/robotik/install/_local_setup_util_sh.py'
[4.667s] INFO:colcon.colcon_core.shell:Creating prefix chain script '/home/rss/robot_harry/robotik/install/setup.sh'
[4.668s] INFO:colcon.colcon_core.shell:Creating prefix script '/home/rss/robot_harry/robotik/install/local_setup.bash'
[4.668s] INFO:colcon.colcon_core.shell:Creating prefix chain script '/home/rss/robot_harry/robotik/install/setup.bash'
[4.669s] INFO:colcon.colcon_core.shell:Creating prefix script '/home/rss/robot_harry/robotik/install/local_setup.zsh'
[4.669s] INFO:colcon.colcon_core.shell:Creating prefix chain script '/home/rss/robot_harry/robotik/install/setup.zsh'
